2026-09-08 16:41:16.182 | ERROR    | [0514b7ae1488456885235fe2b65ad2d4] | logging:callHandlers:1762 - 【系统未知异常】Path: /api/v1/chat/streamChat | Error: 'coroutine' object is not iterable
Traceback (most recent call last):

  File "/Users/sunquanhu/.pyenv/versions/3.12.2/lib/python3.12/runpy.py", line 198, in _run_module_as_main
    return _run_code(code, main_globals, None,
           │         │     └ {'__name__': '__main__', '__doc__': None, '__package__': '', '__loader__': <_frozen_importlib_external.SourceFileLoader objec...
           │         └ <code object <module> at 0x10976a100, file "/private/var/folders/7v/223c2ym14gb3wzg9l33myc380000gn/T/debugpy13078913217538177...
           └ <function _run_code at 0x10978df80>
  File "/Users/sunquanhu/.pyenv/versions/3.12.2/lib/python3.12/runpy.py", line 88, in _run_code
    exec(code, run_globals)
         │     └ {'__name__': '__main__', '__doc__': None, '__package__': '', '__loader__': <_frozen_importlib_external.SourceFileLoader objec...
         └ <code object <module> at 0x10976a100, file "/private/var/folders/7v/223c2ym14gb3wzg9l33myc380000gn/T/debugpy13078913217538177...

  File "/private/var/folders/7v/223c2ym14gb3wzg9l33myc380000gn/T/debugpy13078913217538177449/debugpy/adapter/../../debugpy/launcher/../../debugpy/__main__.py", line 71, in <module>
    cli.main()
    │   └ <function main at 0x10bba9f80>
    └ <module 'debugpy.server.cli' from '/private/var/folders/7v/223c2ym14gb3wzg9l33myc380000gn/T/debugpy13078913217538177449/debug...

  File "/private/var/folders/7v/223c2ym14gb3wzg9l33myc380000gn/T/debugpy13078913217538177449/debugpy/adapter/../../debugpy/launcher/../../debugpy/../debugpy/server/cli.py", line 542, in main
    run()
    └ <function run_file at 0x10bba9d00>

  File "/private/var/folders/7v/223c2ym14gb3wzg9l33myc380000gn/T/debugpy13078913217538177449/debugpy/adapter/../../debugpy/launcher/../../debugpy/../debugpy/server/cli.py", line 361, in run_file
    runpy.run_path(target, run_name="__main__")
    │     │        └ '/Users/sunquanhu/Projects/study/ai/personal-workspace/personal-workspace-app/src/personal_workspace_app/__main__.py'
    │     └ <function run_path at 0x10a9c8c20>
    └ <module '_pydevd_bundle.pydevd_runpy' from '/private/var/folders/7v/223c2ym14gb3wzg9l33myc380000gn/T/debugpy13078913217538177...

  File "/private/var/folders/7v/223c2ym14gb3wzg9l33myc380000gn/T/debugpy13078913217538177449/debugpy/_vendored/pydevd/_pydevd_bundle/pydevd_runpy.py", line 310, in run_path
    return _run_module_code(code, init_globals, run_name, pkg_name=pkg_name, script_name=fname)
           │                │     │             │                  │                     └ '/Users/sunquanhu/Projects/study/ai/personal-workspace/personal-workspace-app/src/personal_workspace_app/__main__.py'
           │                │     │             │                  └ ''
           │                │     │             └ '__main__'
           │                │     └ None
           │                └ <code object <module> at 0x10b371230, file "/Users/sunquanhu/Projects/study/ai/personal-workspace/personal-workspace-app/src/...
           └ <function _run_module_code at 0x10a9c8860>

  File "/private/var/folders/7v/223c2ym14gb3wzg9l33myc380000gn/T/debugpy13078913217538177449/debugpy/_vendored/pydevd/_pydevd_bundle/pydevd_runpy.py", line 127, in _run_module_code
    _run_code(code, mod_globals, init_globals, mod_name, mod_spec, pkg_name, script_name)
    │         │     │            │             │         │         │         └ '/Users/sunquanhu/Projects/study/ai/personal-workspace/personal-workspace-app/src/personal_workspace_app/__main__.py'
    │         │     │            │             │         │         └ ''
    │         │     │            │             │         └ None
    │         │     │            │             └ '__main__'
    │         │     │            └ None
    │         │     └ {'__name__': '__main__', '__doc__': None, '__package__': '', '__loader__': None, '__spec__': None, '__file__': '/Users/sunqua...
    │         └ <code object <module> at 0x10b371230, file "/Users/sunquanhu/Projects/study/ai/personal-workspace/personal-workspace-app/src/...
    └ <function _run_code at 0x10a9c82c0>

  File "/private/var/folders/7v/223c2ym14gb3wzg9l33myc380000gn/T/debugpy13078913217538177449/debugpy/_vendored/pydevd/_pydevd_bundle/pydevd_runpy.py", line 118, in _run_code
    exec(code, run_globals)
         │     └ {'__name__': '__main__', '__doc__': None, '__package__': '', '__loader__': None, '__spec__': None, '__file__': '/Users/sunqua...
         └ <code object <module> at 0x10b371230, file "/Users/sunquanhu/Projects/study/ai/personal-workspace/personal-workspace-app/src/...

  File "/Users/sunquanhu/Projects/study/ai/personal-workspace/personal-workspace-app/src/personal_workspace_app/__main__.py", line 33, in <module>
    uvicorn.run(app, host="0.0.0.0", port=8000, reload=False, loop="asyncio")
    │       │   └ <fastapi.applications.FastAPI object at 0x111524b00>
    │       └ <function run at 0x10b85f4c0>
    └ <module 'uvicorn' from '/Users/sunquanhu/Library/Caches/pypoetry/virtualenvs/personal-workspace-app-wk1FpBNh-py3.12/lib/pytho...

  File "/Users/sunquanhu/Library/Caches/pypoetry/virtualenvs/personal-workspace-app-wk1FpBNh-py3.12/lib/python3.12/site-packages/uvicorn/main.py", line 621, in run
    server.run()
    │      └ <function Server.run at 0x10b534900>
    └ <uvicorn.server.Server object at 0x1116446b0>
  File "/Users/sunquanhu/Library/Caches/pypoetry/virtualenvs/personal-workspace-app-wk1FpBNh-py3.12/lib/python3.12/site-packages/uvicorn/server.py", line 77, in run
    return asyncio_run(self.serve(sockets=sockets), loop_factory=self.config.get_loop_factory())
           │           │    │             │                      │    │      └ <function Config.get_loop_factory at 0x10b4b5bc0>
           │           │    │             │                      │    └ <uvicorn.config.Config object at 0x111526750>
           │           │    │             │                      └ <uvicorn.server.Server object at 0x1116446b0>
           │           │    │             └ None
           │           │    └ <function Server.serve at 0x10b5349a0>
           │           └ <uvicorn.server.Server object at 0x1116446b0>
           └ <function run at 0x10b807e20>
  File "/Users/sunquanhu/.pyenv/versions/3.12.2/lib/python3.12/asyncio/runners.py", line 194, in run
    return runner.run(main)
           │      │   └ <coroutine object Server.serve at 0x1115f6a40>
           │      └ <function Runner.run at 0x10b7d7f60>
           └ <asyncio.runners.Runner object at 0x111645760>
  File "/Users/sunquanhu/.pyenv/versions/3.12.2/lib/python3.12/asyncio/runners.py", line 118, in run
    return self._loop.run_until_complete(task)
           │    │     │                  └ <Task pending name='Task-1' coro=<Server.serve() running at /Users/sunquanhu/Library/Caches/pypoetry/virtualenvs/personal-wor...
           │    │     └ <function BaseEventLoop.run_until_complete at 0x10b7d59e0>
           │    └ <_UnixSelectorEventLoop running=True closed=False debug=False>
           └ <asyncio.runners.Runner object at 0x111645760>
  File "/Users/sunquanhu/.pyenv/versions/3.12.2/lib/python3.12/asyncio/base_events.py", line 672, in run_until_complete
    self.run_forever()
    │    └ <function BaseEventLoop.run_forever at 0x10b7d5940>
    └ <_UnixSelectorEventLoop running=True closed=False debug=False>
  File "/Users/sunquanhu/.pyenv/versions/3.12.2/lib/python3.12/asyncio/base_events.py", line 639, in run_forever
    self._run_once()
    │    └ <function BaseEventLoop._run_once at 0x10b7d7740>
    └ <_UnixSelectorEventLoop running=True closed=False debug=False>
  File "/Users/sunquanhu/.pyenv/versions/3.12.2/lib/python3.12/asyncio/base_events.py", line 1985, in _run_once
    handle._run()
    │      └ <function Handle._run at 0x10b236020>
    └ <Handle Task.task_wakeup(<Future finished result=None>)>
  File "/Users/sunquanhu/.pyenv/versions/3.12.2/lib/python3.12/asyncio/events.py", line 88, in _run
    self._context.run(self._callback, *self._args)
    │    │            │    │           │    └ <member '_args' of 'Handle' objects>
    │    │            │    │           └ <Handle Task.task_wakeup(<Future finished result=None>)>
    │    │            │    └ <member '_callback' of 'Handle' objects>
    │    │            └ <Handle Task.task_wakeup(<Future finished result=None>)>
    │    └ <member '_context' of 'Handle' objects>
    └ <Handle Task.task_wakeup(<Future finished result=None>)>
  File "/Users/sunquanhu/Library/Caches/pypoetry/virtualenvs/personal-workspace-app-wk1FpBNh-py3.12/lib/python3.12/site-packages/uvicorn/protocols/http/httptools_impl.py", line 422, in run_asgi
    result = await app(  # type: ignore[func-returns-value]
                   └ <uvicorn.middleware.proxy_headers.ProxyHeadersMiddleware object at 0x1116524b0>
  File "/Users/sunquanhu/Library/Caches/pypoetry/virtualenvs/personal-workspace-app-wk1FpBNh-py3.12/lib/python3.12/site-packages/uvicorn/middleware/proxy_headers.py", line 63, in __call__
    return await self.app(scope, receive, send)
                 │    │   │      │        └ <bound method RequestResponseCycle.send of <uvicorn.protocols.http.httptools_impl.RequestResponseCycle object at 0x1117b8740>>
                 │    │   │      └ <bound method RequestResponseCycle.receive of <uvicorn.protocols.http.httptools_impl.RequestResponseCycle object at 0x1117b87...
                 │    │   └ {'type': 'http', 'asgi': {'version': '3.0', 'spec_version': '2.3'}, 'http_version': '1.1', 'server': ('127.0.0.1', 8000), 'cl...
                 │    └ <fastapi.applications.FastAPI object at 0x111524b00>
                 └ <uvicorn.middleware.proxy_headers.ProxyHeadersMiddleware object at 0x1116524b0>
  File "/Users/sunquanhu/Library/Caches/pypoetry/virtualenvs/personal-workspace-app-wk1FpBNh-py3.12/lib/python3.12/site-packages/fastapi/applications.py", line 1163, in __call__
    await super().__call__(scope, receive, send)
                           │      │        └ <bound method RequestResponseCycle.send of <uvicorn.protocols.http.httptools_impl.RequestResponseCycle object at 0x1117b8740>>
                           │      └ <bound method RequestResponseCycle.receive of <uvicorn.protocols.http.httptools_impl.RequestResponseCycle object at 0x1117b87...
                           └ {'type': 'http', 'asgi': {'version': '3.0', 'spec_version': '2.3'}, 'http_version': '1.1', 'server': ('127.0.0.1', 8000), 'cl...
  File "/Users/sunquanhu/Library/Caches/pypoetry/virtualenvs/personal-workspace-app-wk1FpBNh-py3.12/lib/python3.12/site-packages/starlette/applications.py", line 96, in __call__
    await self.middleware_stack(scope, receive, send)
          │    │                │      │        └ <bound method RequestResponseCycle.send of <uvicorn.protocols.http.httptools_impl.RequestResponseCycle object at 0x1117b8740>>
          │    │                │      └ <bound method RequestResponseCycle.receive of <uvicorn.protocols.http.httptools_impl.RequestResponseCycle object at 0x1117b87...
          │    │                └ {'type': 'http', 'asgi': {'version': '3.0', 'spec_version': '2.3'}, 'http_version': '1.1', 'server': ('127.0.0.1', 8000), 'cl...
          │    └ <starlette.middleware.errors.ServerErrorMiddleware object at 0x1117829c0>
          └ <fastapi.applications.FastAPI object at 0x111524b00>
> File "/Users/sunquanhu/Library/Caches/pypoetry/virtualenvs/personal-workspace-app-wk1FpBNh-py3.12/lib/python3.12/site-packages/starlette/middleware/errors.py", line 164, in __call__
    await self.app(scope, receive, _send)
          │    │   │      │        └ <function ServerErrorMiddleware.__call__.<locals>._send at 0x11178f420>
          │    │   │      └ <bound method RequestResponseCycle.receive of <uvicorn.protocols.http.httptools_impl.RequestResponseCycle object at 0x1117b87...
          │    │   └ {'type': 'http', 'asgi': {'version': '3.0', 'spec_version': '2.3'}, 'http_version': '1.1', 'server': ('127.0.0.1', 8000), 'cl...
          │    └ <personal_workspace_app.core.trace_middleware.TraceAndLogMiddleware object at 0x1117827b0>
          └ <starlette.middleware.errors.ServerErrorMiddleware object at 0x1117829c0>
  File "/Users/sunquanhu/Library/Caches/pypoetry/virtualenvs/personal-workspace-app-wk1FpBNh-py3.12/lib/python3.12/site-packages/starlette/middleware/base.py", line 198, in __call__
    raise app_exc
          └ TypeError("'coroutine' object is not iterable")
  File "/Users/sunquanhu/Library/Caches/pypoetry/virtualenvs/personal-workspace-app-wk1FpBNh-py3.12/lib/python3.12/site-packages/starlette/middleware/base.py", line 144, in coro
    await self.app(scope, receive_or_disconnect, send_no_error)
          │    │   │      │                      └ <function BaseHTTPMiddleware.__call__.<locals>.call_next.<locals>.send_no_error at 0x1119214e0>
          │    │   │      └ <function BaseHTTPMiddleware.__call__.<locals>.call_next.<locals>.receive_or_disconnect at 0x1119211c0>
          │    │   └ {'type': 'http', 'asgi': {'version': '3.0', 'spec_version': '2.3'}, 'http_version': '1.1', 'server': ('127.0.0.1', 8000), 'cl...
          │    └ <starlette.middleware.exceptions.ExceptionMiddleware object at 0x111782780>
          └ <personal_workspace_app.core.trace_middleware.TraceAndLogMiddleware object at 0x1117827b0>
  File "/Users/sunquanhu/Library/Caches/pypoetry/virtualenvs/personal-workspace-app-wk1FpBNh-py3.12/lib/python3.12/site-packages/starlette/middleware/exceptions.py", line 63, in __call__
    await wrap_app_handling_exceptions(self.app, conn)(scope, receive, send)
          │                            │    │    │     │      │        └ <function BaseHTTPMiddleware.__call__.<locals>.call_next.<locals>.send_no_error at 0x1119214e0>
          │                            │    │    │     │      └ <function BaseHTTPMiddleware.__call__.<locals>.call_next.<locals>.receive_or_disconnect at 0x1119211c0>
          │                            │    │    │     └ {'type': 'http', 'asgi': {'version': '3.0', 'spec_version': '2.3'}, 'http_version': '1.1', 'server': ('127.0.0.1', 8000), 'cl...
          │                            │    │    └ <starlette.requests.Request object at 0x111645280>
          │                            │    └ <fastapi.middleware.asyncexitstack.AsyncExitStackMiddleware object at 0x1117826c0>
          │                            └ <starlette.middleware.exceptions.ExceptionMiddleware object at 0x111782780>
          └ <function wrap_app_handling_exceptions at 0x10c9fc4a0>
  File "/Users/sunquanhu/Library/Caches/pypoetry/virtualenvs/personal-workspace-app-wk1FpBNh-py3.12/lib/python3.12/site-packages/starlette/_exception_handler.py", line 53, in wrapped_app
    raise exc
  File "/Users/sunquanhu/Library/Caches/pypoetry/virtualenvs/personal-workspace-app-wk1FpBNh-py3.12/lib/python3.12/site-packages/starlette/_exception_handler.py", line 42, in wrapped_app
    await app(scope, receive, sender)
          │   │      │        └ <function wrap_app_handling_exceptions.<locals>.wrapped_app.<locals>.sender at 0x1115c3740>
          │   │      └ <function BaseHTTPMiddleware.__call__.<locals>.call_next.<locals>.receive_or_disconnect at 0x1119211c0>
          │   └ {'type': 'http', 'asgi': {'version': '3.0', 'spec_version': '2.3'}, 'http_version': '1.1', 'server': ('127.0.0.1', 8000), 'cl...
          └ <fastapi.middleware.asyncexitstack.AsyncExitStackMiddleware object at 0x1117826c0>
  File "/Users/sunquanhu/Library/Caches/pypoetry/virtualenvs/personal-workspace-app-wk1FpBNh-py3.12/lib/python3.12/site-packages/fastapi/middleware/asyncexitstack.py", line 18, in __call__
    await self.app(scope, receive, send)
          │    │   │      │        └ <function wrap_app_handling_exceptions.<locals>.wrapped_app.<locals>.sender at 0x1115c3740>
          │    │   │      └ <function BaseHTTPMiddleware.__call__.<locals>.call_next.<locals>.receive_or_disconnect at 0x1119211c0>
          │    │   └ {'type': 'http', 'asgi': {'version': '3.0', 'spec_version': '2.3'}, 'http_version': '1.1', 'server': ('127.0.0.1', 8000), 'cl...
          │    └ <fastapi.routing.APIRouter object at 0x111524dd0>
          └ <fastapi.middleware.asyncexitstack.AsyncExitStackMiddleware object at 0x1117826c0>
  File "/Users/sunquanhu/Library/Caches/pypoetry/virtualenvs/personal-workspace-app-wk1FpBNh-py3.12/lib/python3.12/site-packages/starlette/routing.py", line 670, in __call__
    await self.middleware_stack(scope, receive, send)
          │    │                │      │        └ <function wrap_app_handling_exceptions.<locals>.wrapped_app.<locals>.sender at 0x1115c3740>
          │    │                │      └ <function BaseHTTPMiddleware.__call__.<locals>.call_next.<locals>.receive_or_disconnect at 0x1119211c0>
          │    │                └ {'type': 'http', 'asgi': {'version': '3.0', 'spec_version': '2.3'}, 'http_version': '1.1', 'server': ('127.0.0.1', 8000), 'cl...
          │    └ <bound method APIRouter.app of <fastapi.routing.APIRouter object at 0x111524dd0>>
          └ <fastapi.routing.APIRouter object at 0x111524dd0>
  File "/Users/sunquanhu/Library/Caches/pypoetry/virtualenvs/personal-workspace-app-wk1FpBNh-py3.12/lib/python3.12/site-packages/fastapi/routing.py", line 2734, in app
    await route.handle(scope, receive, send)
          │     │      │      │        └ <function wrap_app_handling_exceptions.<locals>.wrapped_app.<locals>.sender at 0x1115c3740>
          │     │      │      └ <function BaseHTTPMiddleware.__call__.<locals>.call_next.<locals>.receive_or_disconnect at 0x1119211c0>
          │     │      └ {'type': 'http', 'asgi': {'version': '3.0', 'spec_version': '2.3'}, 'http_version': '1.1', 'server': ('127.0.0.1', 8000), 'cl...
          │     └ <function _IncludedRouter.handle at 0x10c9a0cc0>
          └ _IncludedRouter(original_router=<fastapi.routing.APIRouter object at 0x10e580e00>, include_context=_RouterIncludeContext(incl...
  File "/Users/sunquanhu/Library/Caches/pypoetry/virtualenvs/personal-workspace-app-wk1FpBNh-py3.12/lib/python3.12/site-packages/fastapi/routing.py", line 1780, in handle
    await self.original_router.handle(scope, receive, send)
          │    │               │      │      │        └ <function wrap_app_handling_exceptions.<locals>.wrapped_app.<locals>.sender at 0x1115c3740>
          │    │               │      │      └ <function BaseHTTPMiddleware.__call__.<locals>.call_next.<locals>.receive_or_disconnect at 0x1119211c0>
          │    │               │      └ {'type': 'http', 'asgi': {'version': '3.0', 'spec_version': '2.3'}, 'http_version': '1.1', 'server': ('127.0.0.1', 8000), 'cl...
          │    │               └ <function APIRouter.handle at 0x10c9a31a0>
          │    └ <fastapi.routing.APIRouter object at 0x10e580e00>
          └ _IncludedRouter(original_router=<fastapi.routing.APIRouter object at 0x10e580e00>, include_context=_RouterIncludeContext(incl...
  File "/Users/sunquanhu/Library/Caches/pypoetry/virtualenvs/personal-workspace-app-wk1FpBNh-py3.12/lib/python3.12/site-packages/fastapi/routing.py", line 2789, in handle
    await included_router._handle_selected(scope, receive, send)
          │               │                │      │        └ <function wrap_app_handling_exceptions.<locals>.wrapped_app.<locals>.sender at 0x1115c3740>
          │               │                │      └ <function BaseHTTPMiddleware.__call__.<locals>.call_next.<locals>.receive_or_disconnect at 0x1119211c0>
          │               │                └ {'type': 'http', 'asgi': {'version': '3.0', 'spec_version': '2.3'}, 'http_version': '1.1', 'server': ('127.0.0.1', 8000), 'cl...
          │               └ <function _IncludedRouter._handle_selected at 0x10c9a0d60>
          └ _IncludedRouter(original_router=<fastapi.routing.APIRouter object at 0x10e580e00>, include_context=_RouterIncludeContext(incl...
  File "/Users/sunquanhu/Library/Caches/pypoetry/virtualenvs/personal-workspace-app-wk1FpBNh-py3.12/lib/python3.12/site-packages/fastapi/routing.py", line 1800, in _handle_selected
    await original_route.handle(scope, receive, send)
          │              │      │      │        └ <function wrap_app_handling_exceptions.<locals>.wrapped_app.<locals>.sender at 0x1115c3740>
          │              │      │      └ <function BaseHTTPMiddleware.__call__.<locals>.call_next.<locals>.receive_or_disconnect at 0x1119211c0>
          │              │      └ {'type': 'http', 'asgi': {'version': '3.0', 'spec_version': '2.3'}, 'http_version': '1.1', 'server': ('127.0.0.1', 8000), 'cl...
          │              └ <function APIRoute.handle at 0x10c9c2020>
          └ APIRoute(path='/chat/streamChat', name='chatStreamEndpoint', methods=['POST'])
  File "/Users/sunquanhu/Library/Caches/pypoetry/virtualenvs/personal-workspace-app-wk1FpBNh-py3.12/lib/python3.12/site-packages/fastapi/routing.py", line 1279, in handle
    await app(scope, receive, send)
          │   │      │        └ <function wrap_app_handling_exceptions.<locals>.wrapped_app.<locals>.sender at 0x1115c3740>
          │   │      └ <function BaseHTTPMiddleware.__call__.<locals>.call_next.<locals>.receive_or_disconnect at 0x1119211c0>
          │   └ {'type': 'http', 'asgi': {'version': '3.0', 'spec_version': '2.3'}, 'http_version': '1.1', 'server': ('127.0.0.1', 8000), 'cl...
          └ <function request_response.<locals>.app at 0x111922160>
  File "/Users/sunquanhu/Library/Caches/pypoetry/virtualenvs/personal-workspace-app-wk1FpBNh-py3.12/lib/python3.12/site-packages/fastapi/routing.py", line 158, in app
    await wrap_app_handling_exceptions(app, request)(scope, receive, send)
          │                            │    │        │      │        └ <function wrap_app_handling_exceptions.<locals>.wrapped_app.<locals>.sender at 0x1115c3740>
          │                            │    │        │      └ <function BaseHTTPMiddleware.__call__.<locals>.call_next.<locals>.receive_or_disconnect at 0x1119211c0>
          │                            │    │        └ {'type': 'http', 'asgi': {'version': '3.0', 'spec_version': '2.3'}, 'http_version': '1.1', 'server': ('127.0.0.1', 8000), 'cl...
          │                            │    └ <starlette.requests.Request object at 0x111806810>
          │                            └ <function request_response.<locals>.app.<locals>.app at 0x111922340>
          └ <function wrap_app_handling_exceptions at 0x10c9fc4a0>
  File "/Users/sunquanhu/Library/Caches/pypoetry/virtualenvs/personal-workspace-app-wk1FpBNh-py3.12/lib/python3.12/site-packages/starlette/_exception_handler.py", line 53, in wrapped_app
    raise exc
  File "/Users/sunquanhu/Library/Caches/pypoetry/virtualenvs/personal-workspace-app-wk1FpBNh-py3.12/lib/python3.12/site-packages/starlette/_exception_handler.py", line 42, in wrapped_app
    await app(scope, receive, sender)
          │   │      │        └ <function wrap_app_handling_exceptions.<locals>.wrapped_app.<locals>.sender at 0x111922480>
          │   │      └ <function BaseHTTPMiddleware.__call__.<locals>.call_next.<locals>.receive_or_disconnect at 0x1119211c0>
          │   └ {'type': 'http', 'asgi': {'version': '3.0', 'spec_version': '2.3'}, 'http_version': '1.1', 'server': ('127.0.0.1', 8000), 'cl...
          └ <function request_response.<locals>.app.<locals>.app at 0x111922340>
  File "/Users/sunquanhu/Library/Caches/pypoetry/virtualenvs/personal-workspace-app-wk1FpBNh-py3.12/lib/python3.12/site-packages/fastapi/routing.py", line 145, in app
    await response(scope, receive, send)
          │        │      │        └ <function wrap_app_handling_exceptions.<locals>.wrapped_app.<locals>.sender at 0x111922480>
          │        │      └ <function BaseHTTPMiddleware.__call__.<locals>.call_next.<locals>.receive_or_disconnect at 0x1119211c0>
          │        └ {'type': 'http', 'asgi': {'version': '3.0', 'spec_version': '2.3'}, 'http_version': '1.1', 'server': ('127.0.0.1', 8000), 'cl...
          └ <starlette.responses.StreamingResponse object at 0x11185b020>
  File "/Users/sunquanhu/Library/Caches/pypoetry/virtualenvs/personal-workspace-app-wk1FpBNh-py3.12/lib/python3.12/site-packages/starlette/responses.py", line 273, in __call__
    async with create_collapsing_task_group() as task_group:
               │                                 └ <anyio._backends._asyncio.TaskGroup object at 0x11185a6f0>
               └ <function create_collapsing_task_group at 0x10c313240>
  File "/Users/sunquanhu/.pyenv/versions/3.12.2/lib/python3.12/contextlib.py", line 231, in __aexit__
    await self.gen.athrow(value)
          │    │   │      └ CancelledError('Cancelled via cancel scope 1118740f0')
          │    │   └ <method 'athrow' of 'async_generator' objects>
          │    └ <async_generator object create_collapsing_task_group at 0x1118c1340>
          └ <contextlib._AsyncGeneratorContextManager object at 0x11185a0c0>
  File "/Users/sunquanhu/Library/Caches/pypoetry/virtualenvs/personal-workspace-app-wk1FpBNh-py3.12/lib/python3.12/site-packages/starlette/_utils.py", line 93, in create_collapsing_task_group
    raise exc from exc.__cause__ or context
          │        │   │            └ None
          │        │   └ <attribute '__cause__' of 'BaseException' objects>
          │        └ TypeError("'coroutine' object is not iterable")
          └ TypeError("'coroutine' object is not iterable")
  File "/Users/sunquanhu/Library/Caches/pypoetry/virtualenvs/personal-workspace-app-wk1FpBNh-py3.12/lib/python3.12/site-packages/anyio/_core/_tasks.py", line 275, in _run_coro
    retval = await self._coro
  File "/Users/sunquanhu/Library/Caches/pypoetry/virtualenvs/personal-workspace-app-wk1FpBNh-py3.12/lib/python3.12/site-packages/starlette/responses.py", line 276, in wrap
    await func()
          └ functools.partial(<bound method StreamingResponse.stream_response of <starlette.responses.StreamingResponse object at 0x11185...
  File "/Users/sunquanhu/Library/Caches/pypoetry/virtualenvs/personal-workspace-app-wk1FpBNh-py3.12/lib/python3.12/site-packages/starlette/responses.py", line 250, in stream_response
    async for chunk in self.body_iterator:
                       │    └ <async_generator object iterate_in_threadpool at 0x11192ca00>
                       └ <starlette.responses.StreamingResponse object at 0x11185b020>
  File "/Users/sunquanhu/Library/Caches/pypoetry/virtualenvs/personal-workspace-app-wk1FpBNh-py3.12/lib/python3.12/site-packages/starlette/concurrency.py", line 54, in iterate_in_threadpool
    as_iterator = iter(iterator)
                       └ <coroutine object chat_stream at 0x1118c0a40>

TypeError: 'coroutine' object is not iterable
2026-09-08 16:42:03.985 | ERROR    | [a42086a8851946ea83ad6811be4aab58] | logging:callHandlers:1762 - 【系统未知异常】Path: /api/v1/chat/streamChat | Error: 'coroutine' object is not iterable
Traceback (most recent call last):

  File "/Users/sunquanhu/.pyenv/versions/3.12.2/lib/python3.12/runpy.py", line 198, in _run_module_as_main
    return _run_code(code, main_globals, None,
           │         │     └ {'__name__': '__main__', '__doc__': None, '__package__': '', '__loader__': <_frozen_importlib_external.SourceFileLoader objec...
           │         └ <code object <module> at 0x10976a100, file "/private/var/folders/7v/223c2ym14gb3wzg9l33myc380000gn/T/debugpy13078913217538177...
           └ <function _run_code at 0x10978df80>
  File "/Users/sunquanhu/.pyenv/versions/3.12.2/lib/python3.12/runpy.py", line 88, in _run_code
    exec(code, run_globals)
         │     └ {'__name__': '__main__', '__doc__': None, '__package__': '', '__loader__': <_frozen_importlib_external.SourceFileLoader objec...
         └ <code object <module> at 0x10976a100, file "/private/var/folders/7v/223c2ym14gb3wzg9l33myc380000gn/T/debugpy13078913217538177...

  File "/private/var/folders/7v/223c2ym14gb3wzg9l33myc380000gn/T/debugpy13078913217538177449/debugpy/adapter/../../debugpy/launcher/../../debugpy/__main__.py", line 71, in <module>
    cli.main()
    │   └ <function main at 0x10bba9f80>
    └ <module 'debugpy.server.cli' from '/private/var/folders/7v/223c2ym14gb3wzg9l33myc380000gn/T/debugpy13078913217538177449/debug...

  File "/private/var/folders/7v/223c2ym14gb3wzg9l33myc380000gn/T/debugpy13078913217538177449/debugpy/adapter/../../debugpy/launcher/../../debugpy/../debugpy/server/cli.py", line 542, in main
    run()
    └ <function run_file at 0x10bba9d00>

  File "/private/var/folders/7v/223c2ym14gb3wzg9l33myc380000gn/T/debugpy13078913217538177449/debugpy/adapter/../../debugpy/launcher/../../debugpy/../debugpy/server/cli.py", line 361, in run_file
    runpy.run_path(target, run_name="__main__")
    │     │        └ '/Users/sunquanhu/Projects/study/ai/personal-workspace/personal-workspace-app/src/personal_workspace_app/__main__.py'
    │     └ <function run_path at 0x10a9c8c20>
    └ <module '_pydevd_bundle.pydevd_runpy' from '/private/var/folders/7v/223c2ym14gb3wzg9l33myc380000gn/T/debugpy13078913217538177...

  File "/private/var/folders/7v/223c2ym14gb3wzg9l33myc380000gn/T/debugpy13078913217538177449/debugpy/_vendored/pydevd/_pydevd_bundle/pydevd_runpy.py", line 310, in run_path
    return _run_module_code(code, init_globals, run_name, pkg_name=pkg_name, script_name=fname)
           │                │     │             │                  │                     └ '/Users/sunquanhu/Projects/study/ai/personal-workspace/personal-workspace-app/src/personal_workspace_app/__main__.py'
           │                │     │             │                  └ ''
           │                │     │             └ '__main__'
           │                │     └ None
           │                └ <code object <module> at 0x10b371230, file "/Users/sunquanhu/Projects/study/ai/personal-workspace/personal-workspace-app/src/...
           └ <function _run_module_code at 0x10a9c8860>

  File "/private/var/folders/7v/223c2ym14gb3wzg9l33myc380000gn/T/debugpy13078913217538177449/debugpy/_vendored/pydevd/_pydevd_bundle/pydevd_runpy.py", line 127, in _run_module_code
    _run_code(code, mod_globals, init_globals, mod_name, mod_spec, pkg_name, script_name)
    │         │     │            │             │         │         │         └ '/Users/sunquanhu/Projects/study/ai/personal-workspace/personal-workspace-app/src/personal_workspace_app/__main__.py'
    │         │     │            │             │         │         └ ''
    │         │     │            │             │         └ None
    │         │     │            │             └ '__main__'
    │         │     │            └ None
    │         │     └ {'__name__': '__main__', '__doc__': None, '__package__': '', '__loader__': None, '__spec__': None, '__file__': '/Users/sunqua...
    │         └ <code object <module> at 0x10b371230, file "/Users/sunquanhu/Projects/study/ai/personal-workspace/personal-workspace-app/src/...
    └ <function _run_code at 0x10a9c82c0>

  File "/private/var/folders/7v/223c2ym14gb3wzg9l33myc380000gn/T/debugpy13078913217538177449/debugpy/_vendored/pydevd/_pydevd_bundle/pydevd_runpy.py", line 118, in _run_code
    exec(code, run_globals)
         │     └ {'__name__': '__main__', '__doc__': None, '__package__': '', '__loader__': None, '__spec__': None, '__file__': '/Users/sunqua...
         └ <code object <module> at 0x10b371230, file "/Users/sunquanhu/Projects/study/ai/personal-workspace/personal-workspace-app/src/...

  File "/Users/sunquanhu/Projects/study/ai/personal-workspace/personal-workspace-app/src/personal_workspace_app/__main__.py", line 33, in <module>
    uvicorn.run(app, host="0.0.0.0", port=8000, reload=False, loop="asyncio")
    │       │   └ <fastapi.applications.FastAPI object at 0x111524b00>
    │       └ <function run at 0x10b85f4c0>
    └ <module 'uvicorn' from '/Users/sunquanhu/Library/Caches/pypoetry/virtualenvs/personal-workspace-app-wk1FpBNh-py3.12/lib/pytho...

  File "/Users/sunquanhu/Library/Caches/pypoetry/virtualenvs/personal-workspace-app-wk1FpBNh-py3.12/lib/python3.12/site-packages/uvicorn/main.py", line 621, in run
    server.run()
    │      └ <function Server.run at 0x10b534900>
    └ <uvicorn.server.Server object at 0x1116446b0>
  File "/Users/sunquanhu/Library/Caches/pypoetry/virtualenvs/personal-workspace-app-wk1FpBNh-py3.12/lib/python3.12/site-packages/uvicorn/server.py", line 77, in run
    return asyncio_run(self.serve(sockets=sockets), loop_factory=self.config.get_loop_factory())
           │           │    │             │                      │    │      └ <function Config.get_loop_factory at 0x10b4b5bc0>
           │           │    │             │                      │    └ <uvicorn.config.Config object at 0x111526750>
           │           │    │             │                      └ <uvicorn.server.Server object at 0x1116446b0>
           │           │    │             └ None
           │           │    └ <function Server.serve at 0x10b5349a0>
           │           └ <uvicorn.server.Server object at 0x1116446b0>
           └ <function run at 0x10b807e20>
  File "/Users/sunquanhu/.pyenv/versions/3.12.2/lib/python3.12/asyncio/runners.py", line 194, in run
    return runner.run(main)
           │      │   └ <coroutine object Server.serve at 0x1115f6a40>
           │      └ <function Runner.run at 0x10b7d7f60>
           └ <asyncio.runners.Runner object at 0x111645760>
  File "/Users/sunquanhu/.pyenv/versions/3.12.2/lib/python3.12/asyncio/runners.py", line 118, in run
    return self._loop.run_until_complete(task)
           │    │     │                  └ <Task pending name='Task-1' coro=<Server.serve() running at /Users/sunquanhu/Library/Caches/pypoetry/virtualenvs/personal-wor...
           │    │     └ <function BaseEventLoop.run_until_complete at 0x10b7d59e0>
           │    └ <_UnixSelectorEventLoop running=True closed=False debug=False>
           └ <asyncio.runners.Runner object at 0x111645760>
  File "/Users/sunquanhu/.pyenv/versions/3.12.2/lib/python3.12/asyncio/base_events.py", line 672, in run_until_complete
    self.run_forever()
    │    └ <function BaseEventLoop.run_forever at 0x10b7d5940>
    └ <_UnixSelectorEventLoop running=True closed=False debug=False>
  File "/Users/sunquanhu/.pyenv/versions/3.12.2/lib/python3.12/asyncio/base_events.py", line 639, in run_forever
    self._run_once()
    │    └ <function BaseEventLoop._run_once at 0x10b7d7740>
    └ <_UnixSelectorEventLoop running=True closed=False debug=False>
  File "/Users/sunquanhu/.pyenv/versions/3.12.2/lib/python3.12/asyncio/base_events.py", line 1985, in _run_once
    handle._run()
    │      └ <function Handle._run at 0x10b236020>
    └ <Handle Task.task_wakeup(<Future finished result=None>)>
  File "/Users/sunquanhu/.pyenv/versions/3.12.2/lib/python3.12/asyncio/events.py", line 88, in _run
    self._context.run(self._callback, *self._args)
    │    │            │    │           │    └ <member '_args' of 'Handle' objects>
    │    │            │    │           └ <Handle Task.task_wakeup(<Future finished result=None>)>
    │    │            │    └ <member '_callback' of 'Handle' objects>
    │    │            └ <Handle Task.task_wakeup(<Future finished result=None>)>
    │    └ <member '_context' of 'Handle' objects>
    └ <Handle Task.task_wakeup(<Future finished result=None>)>
  File "/Users/sunquanhu/Library/Caches/pypoetry/virtualenvs/personal-workspace-app-wk1FpBNh-py3.12/lib/python3.12/site-packages/uvicorn/protocols/http/httptools_impl.py", line 422, in run_asgi
    result = await app(  # type: ignore[func-returns-value]
                   └ <uvicorn.middleware.proxy_headers.ProxyHeadersMiddleware object at 0x1116524b0>
  File "/Users/sunquanhu/Library/Caches/pypoetry/virtualenvs/personal-workspace-app-wk1FpBNh-py3.12/lib/python3.12/site-packages/uvicorn/middleware/proxy_headers.py", line 63, in __call__
    return await self.app(scope, receive, send)
                 │    │   │      │        └ <bound method RequestResponseCycle.send of <uvicorn.protocols.http.httptools_impl.RequestResponseCycle object at 0x11188e690>>
                 │    │   │      └ <bound method RequestResponseCycle.receive of <uvicorn.protocols.http.httptools_impl.RequestResponseCycle object at 0x11188e6...
                 │    │   └ {'type': 'http', 'asgi': {'version': '3.0', 'spec_version': '2.3'}, 'http_version': '1.1', 'server': ('127.0.0.1', 8000), 'cl...
                 │    └ <fastapi.applications.FastAPI object at 0x111524b00>
                 └ <uvicorn.middleware.proxy_headers.ProxyHeadersMiddleware object at 0x1116524b0>
  File "/Users/sunquanhu/Library/Caches/pypoetry/virtualenvs/personal-workspace-app-wk1FpBNh-py3.12/lib/python3.12/site-packages/fastapi/applications.py", line 1163, in __call__
    await super().__call__(scope, receive, send)
                           │      │        └ <bound method RequestResponseCycle.send of <uvicorn.protocols.http.httptools_impl.RequestResponseCycle object at 0x11188e690>>
                           │      └ <bound method RequestResponseCycle.receive of <uvicorn.protocols.http.httptools_impl.RequestResponseCycle object at 0x11188e6...
                           └ {'type': 'http', 'asgi': {'version': '3.0', 'spec_version': '2.3'}, 'http_version': '1.1', 'server': ('127.0.0.1', 8000), 'cl...
  File "/Users/sunquanhu/Library/Caches/pypoetry/virtualenvs/personal-workspace-app-wk1FpBNh-py3.12/lib/python3.12/site-packages/starlette/applications.py", line 96, in __call__
    await self.middleware_stack(scope, receive, send)
          │    │                │      │        └ <bound method RequestResponseCycle.send of <uvicorn.protocols.http.httptools_impl.RequestResponseCycle object at 0x11188e690>>
          │    │                │      └ <bound method RequestResponseCycle.receive of <uvicorn.protocols.http.httptools_impl.RequestResponseCycle object at 0x11188e6...
          │    │                └ {'type': 'http', 'asgi': {'version': '3.0', 'spec_version': '2.3'}, 'http_version': '1.1', 'server': ('127.0.0.1', 8000), 'cl...
          │    └ <starlette.middleware.errors.ServerErrorMiddleware object at 0x1117829c0>
          └ <fastapi.applications.FastAPI object at 0x111524b00>
> File "/Users/sunquanhu/Library/Caches/pypoetry/virtualenvs/personal-workspace-app-wk1FpBNh-py3.12/lib/python3.12/site-packages/starlette/middleware/errors.py", line 164, in __call__
    await self.app(scope, receive, _send)
          │    │   │      │        └ <function ServerErrorMiddleware.__call__.<locals>._send at 0x10bb7ca40>
          │    │   │      └ <bound method RequestResponseCycle.receive of <uvicorn.protocols.http.httptools_impl.RequestResponseCycle object at 0x11188e6...
          │    │   └ {'type': 'http', 'asgi': {'version': '3.0', 'spec_version': '2.3'}, 'http_version': '1.1', 'server': ('127.0.0.1', 8000), 'cl...
          │    └ <personal_workspace_app.core.trace_middleware.TraceAndLogMiddleware object at 0x1117827b0>
          └ <starlette.middleware.errors.ServerErrorMiddleware object at 0x1117829c0>
  File "/Users/sunquanhu/Library/Caches/pypoetry/virtualenvs/personal-workspace-app-wk1FpBNh-py3.12/lib/python3.12/site-packages/starlette/middleware/base.py", line 198, in __call__
    raise app_exc
          └ TypeError("'coroutine' object is not iterable")
  File "/Users/sunquanhu/Library/Caches/pypoetry/virtualenvs/personal-workspace-app-wk1FpBNh-py3.12/lib/python3.12/site-packages/starlette/middleware/base.py", line 144, in coro
    await self.app(scope, receive_or_disconnect, send_no_error)
          │    │   │      │                      └ <function BaseHTTPMiddleware.__call__.<locals>.call_next.<locals>.send_no_error at 0x111d63ec0>
          │    │   │      └ <function BaseHTTPMiddleware.__call__.<locals>.call_next.<locals>.receive_or_disconnect at 0x111920b80>
          │    │   └ {'type': 'http', 'asgi': {'version': '3.0', 'spec_version': '2.3'}, 'http_version': '1.1', 'server': ('127.0.0.1', 8000), 'cl...
          │    └ <starlette.middleware.exceptions.ExceptionMiddleware object at 0x111782780>
          └ <personal_workspace_app.core.trace_middleware.TraceAndLogMiddleware object at 0x1117827b0>
  File "/Users/sunquanhu/Library/Caches/pypoetry/virtualenvs/personal-workspace-app-wk1FpBNh-py3.12/lib/python3.12/site-packages/starlette/middleware/exceptions.py", line 63, in __call__
    await wrap_app_handling_exceptions(self.app, conn)(scope, receive, send)
          │                            │    │    │     │      │        └ <function BaseHTTPMiddleware.__call__.<locals>.call_next.<locals>.send_no_error at 0x111d63ec0>
          │                            │    │    │     │      └ <function BaseHTTPMiddleware.__call__.<locals>.call_next.<locals>.receive_or_disconnect at 0x111920b80>
          │                            │    │    │     └ {'type': 'http', 'asgi': {'version': '3.0', 'spec_version': '2.3'}, 'http_version': '1.1', 'server': ('127.0.0.1', 8000), 'cl...
          │                            │    │    └ <starlette.requests.Request object at 0x111783830>
          │                            │    └ <fastapi.middleware.asyncexitstack.AsyncExitStackMiddleware object at 0x1117826c0>
          │                            └ <starlette.middleware.exceptions.ExceptionMiddleware object at 0x111782780>
          └ <function wrap_app_handling_exceptions at 0x10c9fc4a0>
  File "/Users/sunquanhu/Library/Caches/pypoetry/virtualenvs/personal-workspace-app-wk1FpBNh-py3.12/lib/python3.12/site-packages/starlette/_exception_handler.py", line 53, in wrapped_app
    raise exc
  File "/Users/sunquanhu/Library/Caches/pypoetry/virtualenvs/personal-workspace-app-wk1FpBNh-py3.12/lib/python3.12/site-packages/starlette/_exception_handler.py", line 42, in wrapped_app
    await app(scope, receive, sender)
          │   │      │        └ <function wrap_app_handling_exceptions.<locals>.wrapped_app.<locals>.sender at 0x111ed4360>
          │   │      └ <function BaseHTTPMiddleware.__call__.<locals>.call_next.<locals>.receive_or_disconnect at 0x111920b80>
          │   └ {'type': 'http', 'asgi': {'version': '3.0', 'spec_version': '2.3'}, 'http_version': '1.1', 'server': ('127.0.0.1', 8000), 'cl...
          └ <fastapi.middleware.asyncexitstack.AsyncExitStackMiddleware object at 0x1117826c0>
  File "/Users/sunquanhu/Library/Caches/pypoetry/virtualenvs/personal-workspace-app-wk1FpBNh-py3.12/lib/python3.12/site-packages/fastapi/middleware/asyncexitstack.py", line 18, in __call__
    await self.app(scope, receive, send)
          │    │   │      │        └ <function wrap_app_handling_exceptions.<locals>.wrapped_app.<locals>.sender at 0x111ed4360>
          │    │   │      └ <function BaseHTTPMiddleware.__call__.<locals>.call_next.<locals>.receive_or_disconnect at 0x111920b80>
          │    │   └ {'type': 'http', 'asgi': {'version': '3.0', 'spec_version': '2.3'}, 'http_version': '1.1', 'server': ('127.0.0.1', 8000), 'cl...
          │    └ <fastapi.routing.APIRouter object at 0x111524dd0>
          └ <fastapi.middleware.asyncexitstack.AsyncExitStackMiddleware object at 0x1117826c0>
  File "/Users/sunquanhu/Library/Caches/pypoetry/virtualenvs/personal-workspace-app-wk1FpBNh-py3.12/lib/python3.12/site-packages/starlette/routing.py", line 670, in __call__
    await self.middleware_stack(scope, receive, send)
          │    │                │      │        └ <function wrap_app_handling_exceptions.<locals>.wrapped_app.<locals>.sender at 0x111ed4360>
          │    │                │      └ <function BaseHTTPMiddleware.__call__.<locals>.call_next.<locals>.receive_or_disconnect at 0x111920b80>
          │    │                └ {'type': 'http', 'asgi': {'version': '3.0', 'spec_version': '2.3'}, 'http_version': '1.1', 'server': ('127.0.0.1', 8000), 'cl...
          │    └ <bound method APIRouter.app of <fastapi.routing.APIRouter object at 0x111524dd0>>
          └ <fastapi.routing.APIRouter object at 0x111524dd0>
  File "/Users/sunquanhu/Library/Caches/pypoetry/virtualenvs/personal-workspace-app-wk1FpBNh-py3.12/lib/python3.12/site-packages/fastapi/routing.py", line 2734, in app
    await route.handle(scope, receive, send)
          │     │      │      │        └ <function wrap_app_handling_exceptions.<locals>.wrapped_app.<locals>.sender at 0x111ed4360>
          │     │      │      └ <function BaseHTTPMiddleware.__call__.<locals>.call_next.<locals>.receive_or_disconnect at 0x111920b80>
          │     │      └ {'type': 'http', 'asgi': {'version': '3.0', 'spec_version': '2.3'}, 'http_version': '1.1', 'server': ('127.0.0.1', 8000), 'cl...
          │     └ <function _IncludedRouter.handle at 0x10c9a0cc0>
          └ _IncludedRouter(original_router=<fastapi.routing.APIRouter object at 0x10e580e00>, include_context=_RouterIncludeContext(incl...
  File "/Users/sunquanhu/Library/Caches/pypoetry/virtualenvs/personal-workspace-app-wk1FpBNh-py3.12/lib/python3.12/site-packages/fastapi/routing.py", line 1780, in handle
    await self.original_router.handle(scope, receive, send)
          │    │               │      │      │        └ <function wrap_app_handling_exceptions.<locals>.wrapped_app.<locals>.sender at 0x111ed4360>
          │    │               │      │      └ <function BaseHTTPMiddleware.__call__.<locals>.call_next.<locals>.receive_or_disconnect at 0x111920b80>
          │    │               │      └ {'type': 'http', 'asgi': {'version': '3.0', 'spec_version': '2.3'}, 'http_version': '1.1', 'server': ('127.0.0.1', 8000), 'cl...
          │    │               └ <function APIRouter.handle at 0x10c9a31a0>
          │    └ <fastapi.routing.APIRouter object at 0x10e580e00>
          └ _IncludedRouter(original_router=<fastapi.routing.APIRouter object at 0x10e580e00>, include_context=_RouterIncludeContext(incl...
  File "/Users/sunquanhu/Library/Caches/pypoetry/virtualenvs/personal-workspace-app-wk1FpBNh-py3.12/lib/python3.12/site-packages/fastapi/routing.py", line 2789, in handle
    await included_router._handle_selected(scope, receive, send)
          │               │                │      │        └ <function wrap_app_handling_exceptions.<locals>.wrapped_app.<locals>.sender at 0x111ed4360>
          │               │                │      └ <function BaseHTTPMiddleware.__call__.<locals>.call_next.<locals>.receive_or_disconnect at 0x111920b80>
          │               │                └ {'type': 'http', 'asgi': {'version': '3.0', 'spec_version': '2.3'}, 'http_version': '1.1', 'server': ('127.0.0.1', 8000), 'cl...
          │               └ <function _IncludedRouter._handle_selected at 0x10c9a0d60>
          └ _IncludedRouter(original_router=<fastapi.routing.APIRouter object at 0x10e580e00>, include_context=_RouterIncludeContext(incl...
  File "/Users/sunquanhu/Library/Caches/pypoetry/virtualenvs/personal-workspace-app-wk1FpBNh-py3.12/lib/python3.12/site-packages/fastapi/routing.py", line 1800, in _handle_selected
    await original_route.handle(scope, receive, send)
          │              │      │      │        └ <function wrap_app_handling_exceptions.<locals>.wrapped_app.<locals>.sender at 0x111ed4360>
          │              │      │      └ <function BaseHTTPMiddleware.__call__.<locals>.call_next.<locals>.receive_or_disconnect at 0x111920b80>
          │              │      └ {'type': 'http', 'asgi': {'version': '3.0', 'spec_version': '2.3'}, 'http_version': '1.1', 'server': ('127.0.0.1', 8000), 'cl...
          │              └ <function APIRoute.handle at 0x10c9c2020>
          └ APIRoute(path='/chat/streamChat', name='chatStreamEndpoint', methods=['POST'])
  File "/Users/sunquanhu/Library/Caches/pypoetry/virtualenvs/personal-workspace-app-wk1FpBNh-py3.12/lib/python3.12/site-packages/fastapi/routing.py", line 1279, in handle
    await app(scope, receive, send)
          │   │      │        └ <function wrap_app_handling_exceptions.<locals>.wrapped_app.<locals>.sender at 0x111ed4360>
          │   │      └ <function BaseHTTPMiddleware.__call__.<locals>.call_next.<locals>.receive_or_disconnect at 0x111920b80>
          │   └ {'type': 'http', 'asgi': {'version': '3.0', 'spec_version': '2.3'}, 'http_version': '1.1', 'server': ('127.0.0.1', 8000), 'cl...
          └ <function request_response.<locals>.app at 0x111ed44a0>
  File "/Users/sunquanhu/Library/Caches/pypoetry/virtualenvs/personal-workspace-app-wk1FpBNh-py3.12/lib/python3.12/site-packages/fastapi/routing.py", line 158, in app
    await wrap_app_handling_exceptions(app, request)(scope, receive, send)
          │                            │    │        │      │        └ <function wrap_app_handling_exceptions.<locals>.wrapped_app.<locals>.sender at 0x111ed4360>
          │                            │    │        │      └ <function BaseHTTPMiddleware.__call__.<locals>.call_next.<locals>.receive_or_disconnect at 0x111920b80>
          │                            │    │        └ {'type': 'http', 'asgi': {'version': '3.0', 'spec_version': '2.3'}, 'http_version': '1.1', 'server': ('127.0.0.1', 8000), 'cl...
          │                            │    └ <starlette.requests.Request object at 0x111806780>
          │                            └ <function request_response.<locals>.app.<locals>.app at 0x111ed4540>
          └ <function wrap_app_handling_exceptions at 0x10c9fc4a0>
  File "/Users/sunquanhu/Library/Caches/pypoetry/virtualenvs/personal-workspace-app-wk1FpBNh-py3.12/lib/python3.12/site-packages/starlette/_exception_handler.py", line 53, in wrapped_app
    raise exc
  File "/Users/sunquanhu/Library/Caches/pypoetry/virtualenvs/personal-workspace-app-wk1FpBNh-py3.12/lib/python3.12/site-packages/starlette/_exception_handler.py", line 42, in wrapped_app
    await app(scope, receive, sender)
          │   │      │        └ <function wrap_app_handling_exceptions.<locals>.wrapped_app.<locals>.sender at 0x111ed4680>
          │   │      └ <function BaseHTTPMiddleware.__call__.<locals>.call_next.<locals>.receive_or_disconnect at 0x111920b80>
          │   └ {'type': 'http', 'asgi': {'version': '3.0', 'spec_version': '2.3'}, 'http_version': '1.1', 'server': ('127.0.0.1', 8000), 'cl...
          └ <function request_response.<locals>.app.<locals>.app at 0x111ed4540>
  File "/Users/sunquanhu/Library/Caches/pypoetry/virtualenvs/personal-workspace-app-wk1FpBNh-py3.12/lib/python3.12/site-packages/fastapi/routing.py", line 145, in app
    await response(scope, receive, send)
          │        │      │        └ <function wrap_app_handling_exceptions.<locals>.wrapped_app.<locals>.sender at 0x111ed4680>
          │        │      └ <function BaseHTTPMiddleware.__call__.<locals>.call_next.<locals>.receive_or_disconnect at 0x111920b80>
          │        └ {'type': 'http', 'asgi': {'version': '3.0', 'spec_version': '2.3'}, 'http_version': '1.1', 'server': ('127.0.0.1', 8000), 'cl...
          └ <starlette.responses.StreamingResponse object at 0x11185af90>
  File "/Users/sunquanhu/Library/Caches/pypoetry/virtualenvs/personal-workspace-app-wk1FpBNh-py3.12/lib/python3.12/site-packages/starlette/responses.py", line 273, in __call__
    async with create_collapsing_task_group() as task_group:
               │                                 └ <anyio._backends._asyncio.TaskGroup object at 0x11185a030>
               └ <function create_collapsing_task_group at 0x10c313240>
  File "/Users/sunquanhu/.pyenv/versions/3.12.2/lib/python3.12/contextlib.py", line 231, in __aexit__
    await self.gen.athrow(value)
          │    │   │      └ CancelledError('Cancelled via cancel scope 10bc16d50')
          │    │   └ <method 'athrow' of 'async_generator' objects>
          │    └ <async_generator object create_collapsing_task_group at 0x1118c3540>
          └ <contextlib._AsyncGeneratorContextManager object at 0x111806ab0>
  File "/Users/sunquanhu/Library/Caches/pypoetry/virtualenvs/personal-workspace-app-wk1FpBNh-py3.12/lib/python3.12/site-packages/starlette/_utils.py", line 93, in create_collapsing_task_group
    raise exc from exc.__cause__ or context
          │        │   │            └ None
          │        │   └ <attribute '__cause__' of 'BaseException' objects>
          │        └ TypeError("'coroutine' object is not iterable")
          └ TypeError("'coroutine' object is not iterable")
  File "/Users/sunquanhu/Library/Caches/pypoetry/virtualenvs/personal-workspace-app-wk1FpBNh-py3.12/lib/python3.12/site-packages/anyio/_core/_tasks.py", line 275, in _run_coro
    retval = await self._coro
  File "/Users/sunquanhu/Library/Caches/pypoetry/virtualenvs/personal-workspace-app-wk1FpBNh-py3.12/lib/python3.12/site-packages/starlette/responses.py", line 276, in wrap
    await func()
          └ functools.partial(<bound method StreamingResponse.stream_response of <starlette.responses.StreamingResponse object at 0x11185...
  File "/Users/sunquanhu/Library/Caches/pypoetry/virtualenvs/personal-workspace-app-wk1FpBNh-py3.12/lib/python3.12/site-packages/starlette/responses.py", line 250, in stream_response
    async for chunk in self.body_iterator:
                       │    └ <async_generator object iterate_in_threadpool at 0x111ec1630>
                       └ <starlette.responses.StreamingResponse object at 0x11185af90>
  File "/Users/sunquanhu/Library/Caches/pypoetry/virtualenvs/personal-workspace-app-wk1FpBNh-py3.12/lib/python3.12/site-packages/starlette/concurrency.py", line 54, in iterate_in_threadpool
    as_iterator = iter(iterator)
                       └ <coroutine object chat_stream at 0x1118c3640>

TypeError: 'coroutine' object is not iterable
2026-09-08 16:42:30.144 | ERROR    | [93374e77bd4b4a8b8e74746e1ef9debd] | logging:callHandlers:1762 - 【系统未知异常】Path: /api/v1/chat/streamChat | Error: 'coroutine' object is not iterable
Traceback (most recent call last):

  File "/Users/sunquanhu/.pyenv/versions/3.12.2/lib/python3.12/runpy.py", line 198, in _run_module_as_main
    return _run_code(code, main_globals, None,
           │         │     └ {'__name__': '__main__', '__doc__': None, '__package__': '', '__loader__': <_frozen_importlib_external.SourceFileLoader objec...
           │         └ <code object <module> at 0x10976a100, file "/private/var/folders/7v/223c2ym14gb3wzg9l33myc380000gn/T/debugpy13078913217538177...
           └ <function _run_code at 0x10978df80>
  File "/Users/sunquanhu/.pyenv/versions/3.12.2/lib/python3.12/runpy.py", line 88, in _run_code
    exec(code, run_globals)
         │     └ {'__name__': '__main__', '__doc__': None, '__package__': '', '__loader__': <_frozen_importlib_external.SourceFileLoader objec...
         └ <code object <module> at 0x10976a100, file "/private/var/folders/7v/223c2ym14gb3wzg9l33myc380000gn/T/debugpy13078913217538177...

  File "/private/var/folders/7v/223c2ym14gb3wzg9l33myc380000gn/T/debugpy13078913217538177449/debugpy/adapter/../../debugpy/launcher/../../debugpy/__main__.py", line 71, in <module>
    cli.main()
    │   └ <function main at 0x10bba9f80>
    └ <module 'debugpy.server.cli' from '/private/var/folders/7v/223c2ym14gb3wzg9l33myc380000gn/T/debugpy13078913217538177449/debug...

  File "/private/var/folders/7v/223c2ym14gb3wzg9l33myc380000gn/T/debugpy13078913217538177449/debugpy/adapter/../../debugpy/launcher/../../debugpy/../debugpy/server/cli.py", line 542, in main
    run()
    └ <function run_file at 0x10bba9d00>

  File "/private/var/folders/7v/223c2ym14gb3wzg9l33myc380000gn/T/debugpy13078913217538177449/debugpy/adapter/../../debugpy/launcher/../../debugpy/../debugpy/server/cli.py", line 361, in run_file
    runpy.run_path(target, run_name="__main__")
    │     │        └ '/Users/sunquanhu/Projects/study/ai/personal-workspace/personal-workspace-app/src/personal_workspace_app/__main__.py'
    │     └ <function run_path at 0x10a9c8c20>
    └ <module '_pydevd_bundle.pydevd_runpy' from '/private/var/folders/7v/223c2ym14gb3wzg9l33myc380000gn/T/debugpy13078913217538177...

  File "/private/var/folders/7v/223c2ym14gb3wzg9l33myc380000gn/T/debugpy13078913217538177449/debugpy/_vendored/pydevd/_pydevd_bundle/pydevd_runpy.py", line 310, in run_path
    return _run_module_code(code, init_globals, run_name, pkg_name=pkg_name, script_name=fname)
           │                │     │             │                  │                     └ '/Users/sunquanhu/Projects/study/ai/personal-workspace/personal-workspace-app/src/personal_workspace_app/__main__.py'
           │                │     │             │                  └ ''
           │                │     │             └ '__main__'
           │                │     └ None
           │                └ <code object <module> at 0x10b371230, file "/Users/sunquanhu/Projects/study/ai/personal-workspace/personal-workspace-app/src/...
           └ <function _run_module_code at 0x10a9c8860>

  File "/private/var/folders/7v/223c2ym14gb3wzg9l33myc380000gn/T/debugpy13078913217538177449/debugpy/_vendored/pydevd/_pydevd_bundle/pydevd_runpy.py", line 127, in _run_module_code
    _run_code(code, mod_globals, init_globals, mod_name, mod_spec, pkg_name, script_name)
    │         │     │            │             │         │         │         └ '/Users/sunquanhu/Projects/study/ai/personal-workspace/personal-workspace-app/src/personal_workspace_app/__main__.py'
    │         │     │            │             │         │         └ ''
    │         │     │            │             │         └ None
    │         │     │            │             └ '__main__'
    │         │     │            └ None
    │         │     └ {'__name__': '__main__', '__doc__': None, '__package__': '', '__loader__': None, '__spec__': None, '__file__': '/Users/sunqua...
    │         └ <code object <module> at 0x10b371230, file "/Users/sunquanhu/Projects/study/ai/personal-workspace/personal-workspace-app/src/...
    └ <function _run_code at 0x10a9c82c0>

  File "/private/var/folders/7v/223c2ym14gb3wzg9l33myc380000gn/T/debugpy13078913217538177449/debugpy/_vendored/pydevd/_pydevd_bundle/pydevd_runpy.py", line 118, in _run_code
    exec(code, run_globals)
         │     └ {'__name__': '__main__', '__doc__': None, '__package__': '', '__loader__': None, '__spec__': None, '__file__': '/Users/sunqua...
         └ <code object <module> at 0x10b371230, file "/Users/sunquanhu/Projects/study/ai/personal-workspace/personal-workspace-app/src/...

  File "/Users/sunquanhu/Projects/study/ai/personal-workspace/personal-workspace-app/src/personal_workspace_app/__main__.py", line 33, in <module>
    uvicorn.run(app, host="0.0.0.0", port=8000, reload=False, loop="asyncio")
    │       │   └ <fastapi.applications.FastAPI object at 0x111524b00>
    │       └ <function run at 0x10b85f4c0>
    └ <module 'uvicorn' from '/Users/sunquanhu/Library/Caches/pypoetry/virtualenvs/personal-workspace-app-wk1FpBNh-py3.12/lib/pytho...

  File "/Users/sunquanhu/Library/Caches/pypoetry/virtualenvs/personal-workspace-app-wk1FpBNh-py3.12/lib/python3.12/site-packages/uvicorn/main.py", line 621, in run
    server.run()
    │      └ <function Server.run at 0x10b534900>
    └ <uvicorn.server.Server object at 0x1116446b0>
  File "/Users/sunquanhu/Library/Caches/pypoetry/virtualenvs/personal-workspace-app-wk1FpBNh-py3.12/lib/python3.12/site-packages/uvicorn/server.py", line 77, in run
    return asyncio_run(self.serve(sockets=sockets), loop_factory=self.config.get_loop_factory())
           │           │    │             │                      │    │      └ <function Config.get_loop_factory at 0x10b4b5bc0>
           │           │    │             │                      │    └ <uvicorn.config.Config object at 0x111526750>
           │           │    │             │                      └ <uvicorn.server.Server object at 0x1116446b0>
           │           │    │             └ None
           │           │    └ <function Server.serve at 0x10b5349a0>
           │           └ <uvicorn.server.Server object at 0x1116446b0>
           └ <function run at 0x10b807e20>
  File "/Users/sunquanhu/.pyenv/versions/3.12.2/lib/python3.12/asyncio/runners.py", line 194, in run
    return runner.run(main)
           │      │   └ <coroutine object Server.serve at 0x1115f6a40>
           │      └ <function Runner.run at 0x10b7d7f60>
           └ <asyncio.runners.Runner object at 0x111645760>
  File "/Users/sunquanhu/.pyenv/versions/3.12.2/lib/python3.12/asyncio/runners.py", line 118, in run
    return self._loop.run_until_complete(task)
           │    │     │                  └ <Task pending name='Task-1' coro=<Server.serve() running at /Users/sunquanhu/Library/Caches/pypoetry/virtualenvs/personal-wor...
           │    │     └ <function BaseEventLoop.run_until_complete at 0x10b7d59e0>
           │    └ <_UnixSelectorEventLoop running=True closed=False debug=False>
           └ <asyncio.runners.Runner object at 0x111645760>
  File "/Users/sunquanhu/.pyenv/versions/3.12.2/lib/python3.12/asyncio/base_events.py", line 672, in run_until_complete
    self.run_forever()
    │    └ <function BaseEventLoop.run_forever at 0x10b7d5940>
    └ <_UnixSelectorEventLoop running=True closed=False debug=False>
  File "/Users/sunquanhu/.pyenv/versions/3.12.2/lib/python3.12/asyncio/base_events.py", line 639, in run_forever
    self._run_once()
    │    └ <function BaseEventLoop._run_once at 0x10b7d7740>
    └ <_UnixSelectorEventLoop running=True closed=False debug=False>
  File "/Users/sunquanhu/.pyenv/versions/3.12.2/lib/python3.12/asyncio/base_events.py", line 1985, in _run_once
    handle._run()
    │      └ <function Handle._run at 0x10b236020>
    └ <Handle Task.task_wakeup(<Future finished result=None>)>
  File "/Users/sunquanhu/.pyenv/versions/3.12.2/lib/python3.12/asyncio/events.py", line 88, in _run
    self._context.run(self._callback, *self._args)
    │    │            │    │           │    └ <member '_args' of 'Handle' objects>
    │    │            │    │           └ <Handle Task.task_wakeup(<Future finished result=None>)>
    │    │            │    └ <member '_callback' of 'Handle' objects>
    │    │            └ <Handle Task.task_wakeup(<Future finished result=None>)>
    │    └ <member '_context' of 'Handle' objects>
    └ <Handle Task.task_wakeup(<Future finished result=None>)>
  File "/Users/sunquanhu/Library/Caches/pypoetry/virtualenvs/personal-workspace-app-wk1FpBNh-py3.12/lib/python3.12/site-packages/uvicorn/protocols/http/httptools_impl.py", line 422, in run_asgi
    result = await app(  # type: ignore[func-returns-value]
                   └ <uvicorn.middleware.proxy_headers.ProxyHeadersMiddleware object at 0x1116524b0>
  File "/Users/sunquanhu/Library/Caches/pypoetry/virtualenvs/personal-workspace-app-wk1FpBNh-py3.12/lib/python3.12/site-packages/uvicorn/middleware/proxy_headers.py", line 63, in __call__
    return await self.app(scope, receive, send)
                 │    │   │      │        └ <bound method RequestResponseCycle.send of <uvicorn.protocols.http.httptools_impl.RequestResponseCycle object at 0x1118d4b00>>
                 │    │   │      └ <bound method RequestResponseCycle.receive of <uvicorn.protocols.http.httptools_impl.RequestResponseCycle object at 0x1118d4b...
                 │    │   └ {'type': 'http', 'asgi': {'version': '3.0', 'spec_version': '2.3'}, 'http_version': '1.1', 'server': ('127.0.0.1', 8000), 'cl...
                 │    └ <fastapi.applications.FastAPI object at 0x111524b00>
                 └ <uvicorn.middleware.proxy_headers.ProxyHeadersMiddleware object at 0x1116524b0>
  File "/Users/sunquanhu/Library/Caches/pypoetry/virtualenvs/personal-workspace-app-wk1FpBNh-py3.12/lib/python3.12/site-packages/fastapi/applications.py", line 1163, in __call__
    await super().__call__(scope, receive, send)
                           │      │        └ <bound method RequestResponseCycle.send of <uvicorn.protocols.http.httptools_impl.RequestResponseCycle object at 0x1118d4b00>>
                           │      └ <bound method RequestResponseCycle.receive of <uvicorn.protocols.http.httptools_impl.RequestResponseCycle object at 0x1118d4b...
                           └ {'type': 'http', 'asgi': {'version': '3.0', 'spec_version': '2.3'}, 'http_version': '1.1', 'server': ('127.0.0.1', 8000), 'cl...
  File "/Users/sunquanhu/Library/Caches/pypoetry/virtualenvs/personal-workspace-app-wk1FpBNh-py3.12/lib/python3.12/site-packages/starlette/applications.py", line 96, in __call__
    await self.middleware_stack(scope, receive, send)
          │    │                │      │        └ <bound method RequestResponseCycle.send of <uvicorn.protocols.http.httptools_impl.RequestResponseCycle object at 0x1118d4b00>>
          │    │                │      └ <bound method RequestResponseCycle.receive of <uvicorn.protocols.http.httptools_impl.RequestResponseCycle object at 0x1118d4b...
          │    │                └ {'type': 'http', 'asgi': {'version': '3.0', 'spec_version': '2.3'}, 'http_version': '1.1', 'server': ('127.0.0.1', 8000), 'cl...
          │    └ <starlette.middleware.errors.ServerErrorMiddleware object at 0x1117829c0>
          └ <fastapi.applications.FastAPI object at 0x111524b00>
> File "/Users/sunquanhu/Library/Caches/pypoetry/virtualenvs/personal-workspace-app-wk1FpBNh-py3.12/lib/python3.12/site-packages/starlette/middleware/errors.py", line 164, in __call__
    await self.app(scope, receive, _send)
          │    │   │      │        └ <function ServerErrorMiddleware.__call__.<locals>._send at 0x111d63e20>
          │    │   │      └ <bound method RequestResponseCycle.receive of <uvicorn.protocols.http.httptools_impl.RequestResponseCycle object at 0x1118d4b...
          │    │   └ {'type': 'http', 'asgi': {'version': '3.0', 'spec_version': '2.3'}, 'http_version': '1.1', 'server': ('127.0.0.1', 8000), 'cl...
          │    └ <personal_workspace_app.core.trace_middleware.TraceAndLogMiddleware object at 0x1117827b0>
          └ <starlette.middleware.errors.ServerErrorMiddleware object at 0x1117829c0>
  File "/Users/sunquanhu/Library/Caches/pypoetry/virtualenvs/personal-workspace-app-wk1FpBNh-py3.12/lib/python3.12/site-packages/starlette/middleware/base.py", line 198, in __call__
    raise app_exc
          └ TypeError("'coroutine' object is not iterable")
  File "/Users/sunquanhu/Library/Caches/pypoetry/virtualenvs/personal-workspace-app-wk1FpBNh-py3.12/lib/python3.12/site-packages/starlette/middleware/base.py", line 144, in coro
    await self.app(scope, receive_or_disconnect, send_no_error)
          │    │   │      │                      └ <function BaseHTTPMiddleware.__call__.<locals>.call_next.<locals>.send_no_error at 0x111ed5080>
          │    │   │      └ <function BaseHTTPMiddleware.__call__.<locals>.call_next.<locals>.receive_or_disconnect at 0x111ed4ae0>
          │    │   └ {'type': 'http', 'asgi': {'version': '3.0', 'spec_version': '2.3'}, 'http_version': '1.1', 'server': ('127.0.0.1', 8000), 'cl...
          │    └ <starlette.middleware.exceptions.ExceptionMiddleware object at 0x111782780>
          └ <personal_workspace_app.core.trace_middleware.TraceAndLogMiddleware object at 0x1117827b0>
  File "/Users/sunquanhu/Library/Caches/pypoetry/virtualenvs/personal-workspace-app-wk1FpBNh-py3.12/lib/python3.12/site-packages/starlette/middleware/exceptions.py", line 63, in __call__
    await wrap_app_handling_exceptions(self.app, conn)(scope, receive, send)
          │                            │    │    │     │      │        └ <function BaseHTTPMiddleware.__call__.<locals>.call_next.<locals>.send_no_error at 0x111ed5080>
          │                            │    │    │     │      └ <function BaseHTTPMiddleware.__call__.<locals>.call_next.<locals>.receive_or_disconnect at 0x111ed4ae0>
          │                            │    │    │     └ {'type': 'http', 'asgi': {'version': '3.0', 'spec_version': '2.3'}, 'http_version': '1.1', 'server': ('127.0.0.1', 8000), 'cl...
          │                            │    │    └ <starlette.requests.Request object at 0x11174b860>
          │                            │    └ <fastapi.middleware.asyncexitstack.AsyncExitStackMiddleware object at 0x1117826c0>
          │                            └ <starlette.middleware.exceptions.ExceptionMiddleware object at 0x111782780>
          └ <function wrap_app_handling_exceptions at 0x10c9fc4a0>
  File "/Users/sunquanhu/Library/Caches/pypoetry/virtualenvs/personal-workspace-app-wk1FpBNh-py3.12/lib/python3.12/site-packages/starlette/_exception_handler.py", line 53, in wrapped_app
    raise exc
  File "/Users/sunquanhu/Library/Caches/pypoetry/virtualenvs/personal-workspace-app-wk1FpBNh-py3.12/lib/python3.12/site-packages/starlette/_exception_handler.py", line 42, in wrapped_app
    await app(scope, receive, sender)
          │   │      │        └ <function wrap_app_handling_exceptions.<locals>.wrapped_app.<locals>.sender at 0x111ed5440>
          │   │      └ <function BaseHTTPMiddleware.__call__.<locals>.call_next.<locals>.receive_or_disconnect at 0x111ed4ae0>
          │   └ {'type': 'http', 'asgi': {'version': '3.0', 'spec_version': '2.3'}, 'http_version': '1.1', 'server': ('127.0.0.1', 8000), 'cl...
          └ <fastapi.middleware.asyncexitstack.AsyncExitStackMiddleware object at 0x1117826c0>
  File "/Users/sunquanhu/Library/Caches/pypoetry/virtualenvs/personal-workspace-app-wk1FpBNh-py3.12/lib/python3.12/site-packages/fastapi/middleware/asyncexitstack.py", line 18, in __call__
    await self.app(scope, receive, send)
          │    │   │      │        └ <function wrap_app_handling_exceptions.<locals>.wrapped_app.<locals>.sender at 0x111ed5440>
          │    │   │      └ <function BaseHTTPMiddleware.__call__.<locals>.call_next.<locals>.receive_or_disconnect at 0x111ed4ae0>
          │    │   └ {'type': 'http', 'asgi': {'version': '3.0', 'spec_version': '2.3'}, 'http_version': '1.1', 'server': ('127.0.0.1', 8000), 'cl...
          │    └ <fastapi.routing.APIRouter object at 0x111524dd0>
          └ <fastapi.middleware.asyncexitstack.AsyncExitStackMiddleware object at 0x1117826c0>
  File "/Users/sunquanhu/Library/Caches/pypoetry/virtualenvs/personal-workspace-app-wk1FpBNh-py3.12/lib/python3.12/site-packages/starlette/routing.py", line 670, in __call__
    await self.middleware_stack(scope, receive, send)
          │    │                │      │        └ <function wrap_app_handling_exceptions.<locals>.wrapped_app.<locals>.sender at 0x111ed5440>
          │    │                │      └ <function BaseHTTPMiddleware.__call__.<locals>.call_next.<locals>.receive_or_disconnect at 0x111ed4ae0>
          │    │                └ {'type': 'http', 'asgi': {'version': '3.0', 'spec_version': '2.3'}, 'http_version': '1.1', 'server': ('127.0.0.1', 8000), 'cl...
          │    └ <bound method APIRouter.app of <fastapi.routing.APIRouter object at 0x111524dd0>>
          └ <fastapi.routing.APIRouter object at 0x111524dd0>
  File "/Users/sunquanhu/Library/Caches/pypoetry/virtualenvs/personal-workspace-app-wk1FpBNh-py3.12/lib/python3.12/site-packages/fastapi/routing.py", line 2734, in app
    await route.handle(scope, receive, send)
          │     │      │      │        └ <function wrap_app_handling_exceptions.<locals>.wrapped_app.<locals>.sender at 0x111ed5440>
          │     │      │      └ <function BaseHTTPMiddleware.__call__.<locals>.call_next.<locals>.receive_or_disconnect at 0x111ed4ae0>
          │     │      └ {'type': 'http', 'asgi': {'version': '3.0', 'spec_version': '2.3'}, 'http_version': '1.1', 'server': ('127.0.0.1', 8000), 'cl...
          │     └ <function _IncludedRouter.handle at 0x10c9a0cc0>
          └ _IncludedRouter(original_router=<fastapi.routing.APIRouter object at 0x10e580e00>, include_context=_RouterIncludeContext(incl...
  File "/Users/sunquanhu/Library/Caches/pypoetry/virtualenvs/personal-workspace-app-wk1FpBNh-py3.12/lib/python3.12/site-packages/fastapi/routing.py", line 1780, in handle
    await self.original_router.handle(scope, receive, send)
          │    │               │      │      │        └ <function wrap_app_handling_exceptions.<locals>.wrapped_app.<locals>.sender at 0x111ed5440>
          │    │               │      │      └ <function BaseHTTPMiddleware.__call__.<locals>.call_next.<locals>.receive_or_disconnect at 0x111ed4ae0>
          │    │               │      └ {'type': 'http', 'asgi': {'version': '3.0', 'spec_version': '2.3'}, 'http_version': '1.1', 'server': ('127.0.0.1', 8000), 'cl...
          │    │               └ <function APIRouter.handle at 0x10c9a31a0>
          │    └ <fastapi.routing.APIRouter object at 0x10e580e00>
          └ _IncludedRouter(original_router=<fastapi.routing.APIRouter object at 0x10e580e00>, include_context=_RouterIncludeContext(incl...
  File "/Users/sunquanhu/Library/Caches/pypoetry/virtualenvs/personal-workspace-app-wk1FpBNh-py3.12/lib/python3.12/site-packages/fastapi/routing.py", line 2789, in handle
    await included_router._handle_selected(scope, receive, send)
          │               │                │      │        └ <function wrap_app_handling_exceptions.<locals>.wrapped_app.<locals>.sender at 0x111ed5440>
          │               │                │      └ <function BaseHTTPMiddleware.__call__.<locals>.call_next.<locals>.receive_or_disconnect at 0x111ed4ae0>
          │               │                └ {'type': 'http', 'asgi': {'version': '3.0', 'spec_version': '2.3'}, 'http_version': '1.1', 'server': ('127.0.0.1', 8000), 'cl...
          │               └ <function _IncludedRouter._handle_selected at 0x10c9a0d60>
          └ _IncludedRouter(original_router=<fastapi.routing.APIRouter object at 0x10e580e00>, include_context=_RouterIncludeContext(incl...
  File "/Users/sunquanhu/Library/Caches/pypoetry/virtualenvs/personal-workspace-app-wk1FpBNh-py3.12/lib/python3.12/site-packages/fastapi/routing.py", line 1800, in _handle_selected
    await original_route.handle(scope, receive, send)
          │              │      │      │        └ <function wrap_app_handling_exceptions.<locals>.wrapped_app.<locals>.sender at 0x111ed5440>
          │              │      │      └ <function BaseHTTPMiddleware.__call__.<locals>.call_next.<locals>.receive_or_disconnect at 0x111ed4ae0>
          │              │      └ {'type': 'http', 'asgi': {'version': '3.0', 'spec_version': '2.3'}, 'http_version': '1.1', 'server': ('127.0.0.1', 8000), 'cl...
          │              └ <function APIRoute.handle at 0x10c9c2020>
          └ APIRoute(path='/chat/streamChat', name='chatStreamEndpoint', methods=['POST'])
  File "/Users/sunquanhu/Library/Caches/pypoetry/virtualenvs/personal-workspace-app-wk1FpBNh-py3.12/lib/python3.12/site-packages/fastapi/routing.py", line 1279, in handle
    await app(scope, receive, send)
          │   │      │        └ <function wrap_app_handling_exceptions.<locals>.wrapped_app.<locals>.sender at 0x111ed5440>
          │   │      └ <function BaseHTTPMiddleware.__call__.<locals>.call_next.<locals>.receive_or_disconnect at 0x111ed4ae0>
          │   └ {'type': 'http', 'asgi': {'version': '3.0', 'spec_version': '2.3'}, 'http_version': '1.1', 'server': ('127.0.0.1', 8000), 'cl...
          └ <function request_response.<locals>.app at 0x111d63d80>
  File "/Users/sunquanhu/Library/Caches/pypoetry/virtualenvs/personal-workspace-app-wk1FpBNh-py3.12/lib/python3.12/site-packages/fastapi/routing.py", line 158, in app
    await wrap_app_handling_exceptions(app, request)(scope, receive, send)
          │                            │    │        │      │        └ <function wrap_app_handling_exceptions.<locals>.wrapped_app.<locals>.sender at 0x111ed5440>
          │                            │    │        │      └ <function BaseHTTPMiddleware.__call__.<locals>.call_next.<locals>.receive_or_disconnect at 0x111ed4ae0>
          │                            │    │        └ {'type': 'http', 'asgi': {'version': '3.0', 'spec_version': '2.3'}, 'http_version': '1.1', 'server': ('127.0.0.1', 8000), 'cl...
          │                            │    └ <starlette.requests.Request object at 0x1118043e0>
          │                            └ <function request_response.<locals>.app.<locals>.app at 0x111d63ec0>
          └ <function wrap_app_handling_exceptions at 0x10c9fc4a0>
  File "/Users/sunquanhu/Library/Caches/pypoetry/virtualenvs/personal-workspace-app-wk1FpBNh-py3.12/lib/python3.12/site-packages/starlette/_exception_handler.py", line 53, in wrapped_app
    raise exc
  File "/Users/sunquanhu/Library/Caches/pypoetry/virtualenvs/personal-workspace-app-wk1FpBNh-py3.12/lib/python3.12/site-packages/starlette/_exception_handler.py", line 42, in wrapped_app
    await app(scope, receive, sender)
          │   │      │        └ <function wrap_app_handling_exceptions.<locals>.wrapped_app.<locals>.sender at 0x10bc16d40>
          │   │      └ <function BaseHTTPMiddleware.__call__.<locals>.call_next.<locals>.receive_or_disconnect at 0x111ed4ae0>
          │   └ {'type': 'http', 'asgi': {'version': '3.0', 'spec_version': '2.3'}, 'http_version': '1.1', 'server': ('127.0.0.1', 8000), 'cl...
          └ <function request_response.<locals>.app.<locals>.app at 0x111d63ec0>
  File "/Users/sunquanhu/Library/Caches/pypoetry/virtualenvs/personal-workspace-app-wk1FpBNh-py3.12/lib/python3.12/site-packages/fastapi/routing.py", line 145, in app
    await response(scope, receive, send)
          │        │      │        └ <function wrap_app_handling_exceptions.<locals>.wrapped_app.<locals>.sender at 0x10bc16d40>
          │        │      └ <function BaseHTTPMiddleware.__call__.<locals>.call_next.<locals>.receive_or_disconnect at 0x111ed4ae0>
          │        └ {'type': 'http', 'asgi': {'version': '3.0', 'spec_version': '2.3'}, 'http_version': '1.1', 'server': ('127.0.0.1', 8000), 'cl...
          └ <starlette.responses.StreamingResponse object at 0x11185af00>
  File "/Users/sunquanhu/Library/Caches/pypoetry/virtualenvs/personal-workspace-app-wk1FpBNh-py3.12/lib/python3.12/site-packages/starlette/responses.py", line 273, in __call__
    async with create_collapsing_task_group() as task_group:
               │                                 └ <anyio._backends._asyncio.TaskGroup object at 0x11185b200>
               └ <function create_collapsing_task_group at 0x10c313240>
  File "/Users/sunquanhu/.pyenv/versions/3.12.2/lib/python3.12/contextlib.py", line 231, in __aexit__
    await self.gen.athrow(value)
          │    │   │      └ CancelledError('Cancelled via cancel scope 111ed44b0')
          │    │   └ <method 'athrow' of 'async_generator' objects>
          │    └ <async_generator object create_collapsing_task_group at 0x1118c3340>
          └ <contextlib._AsyncGeneratorContextManager object at 0x11185a030>
  File "/Users/sunquanhu/Library/Caches/pypoetry/virtualenvs/personal-workspace-app-wk1FpBNh-py3.12/lib/python3.12/site-packages/starlette/_utils.py", line 93, in create_collapsing_task_group
    raise exc from exc.__cause__ or context
          │        │   │            └ None
          │        │   └ <attribute '__cause__' of 'BaseException' objects>
          │        └ TypeError("'coroutine' object is not iterable")
          └ TypeError("'coroutine' object is not iterable")
  File "/Users/sunquanhu/Library/Caches/pypoetry/virtualenvs/personal-workspace-app-wk1FpBNh-py3.12/lib/python3.12/site-packages/anyio/_core/_tasks.py", line 275, in _run_coro
    retval = await self._coro
  File "/Users/sunquanhu/Library/Caches/pypoetry/virtualenvs/personal-workspace-app-wk1FpBNh-py3.12/lib/python3.12/site-packages/starlette/responses.py", line 276, in wrap
    await func()
          └ functools.partial(<bound method StreamingResponse.stream_response of <starlette.responses.StreamingResponse object at 0x11185...
  File "/Users/sunquanhu/Library/Caches/pypoetry/virtualenvs/personal-workspace-app-wk1FpBNh-py3.12/lib/python3.12/site-packages/starlette/responses.py", line 250, in stream_response
    async for chunk in self.body_iterator:
                       │    └ <async_generator object iterate_in_threadpool at 0x111ec25a0>
                       └ <starlette.responses.StreamingResponse object at 0x11185af00>
  File "/Users/sunquanhu/Library/Caches/pypoetry/virtualenvs/personal-workspace-app-wk1FpBNh-py3.12/lib/python3.12/site-packages/starlette/concurrency.py", line 54, in iterate_in_threadpool
    as_iterator = iter(iterator)
                       └ <coroutine object chat_stream at 0x1118c3a40>

TypeError: 'coroutine' object is not iterable
2026-09-08 16:52:22.073 | ERROR    | [-] | logging:callHandlers:1762 - an error occurred during closing of asynchronous generator <async_generator object PoolByteStream.__aiter__ at 0x113b976a0>
asyncgen: <async_generator object PoolByteStream.__aiter__ at 0x113b976a0>
Traceback (most recent call last):

  File "/Users/sunquanhu/Library/Caches/pypoetry/virtualenvs/personal-workspace-app-wk1FpBNh-py3.12/lib/python3.12/site-packages/httpcore2/_async/connection_pool.py", line 427, in __aiter__
    yield chunk
          └ b'\x01'

GeneratorExit


During handling of the above exception, another exception occurred:


Traceback (most recent call last):

  File "/private/var/folders/7v/223c2ym14gb3wzg9l33myc380000gn/T/debugpy13078913217538177449/debugpy/_vendored/pydevd/_pydev_bundle/pydev_monkey.py", line 1150, in __call__
    ret = self.original_func(*self.args, **self.kwargs)
          │    │              │    │       │    └ {}
          │    │              │    │       └ <_pydev_bundle.pydev_monkey._NewThreadStartupWithTrace object at 0x113c09df0>
          │    │              │    └ ()
          │    │              └ <_pydev_bundle.pydev_monkey._NewThreadStartupWithTrace object at 0x113c09df0>
          │    └ <bound method Thread._bootstrap of <_EvalAwaitInNewEventLoop(Thread-7, started daemon 123145534259200)>>
          └ <_pydev_bundle.pydev_monkey._NewThreadStartupWithTrace object at 0x113c09df0>

  File "/Users/sunquanhu/.pyenv/versions/3.12.2/lib/python3.12/threading.py", line 1030, in _bootstrap
    self._bootstrap_inner()
    │    └ <function Thread._bootstrap_inner at 0x10aeef9c0>
    └ <_EvalAwaitInNewEventLoop(Thread-7, started daemon 123145534259200)>
  File "/Users/sunquanhu/.pyenv/versions/3.12.2/lib/python3.12/threading.py", line 1073, in _bootstrap_inner
    self.run()
    │    └ <function PyDBDaemonThread.run at 0x10bf75800>
    └ <_EvalAwaitInNewEventLoop(Thread-7, started daemon 123145534259200)>

  File "/private/var/folders/7v/223c2ym14gb3wzg9l33myc380000gn/T/debugpy13078913217538177449/debugpy/_vendored/pydevd/_pydevd_bundle/pydevd_daemon_thread.py", line 53, in run
    self._on_run()
    │    └ <function _EvalAwaitInNewEventLoop._on_run at 0x10bf76e80>
    └ <_EvalAwaitInNewEventLoop(Thread-7, started daemon 123145534259200)>

  File "/private/var/folders/7v/223c2ym14gb3wzg9l33myc380000gn/T/debugpy13078913217538177449/debugpy/_vendored/pydevd/_pydevd_bundle/pydevd_vars.py", line 439, in _on_run
    self.evaluated_value = asyncio.run(self._async_func())
    │    │                 │       │   │    └ <function _EvalAwaitInNewEventLoop._async_func at 0x10bf76de0>
    │    │                 │       │   └ <_EvalAwaitInNewEventLoop(Thread-7, started daemon 123145534259200)>
    │    │                 │       └ <function run at 0x10caa1940>
    │    │                 └ <module 'asyncio' from '/Users/sunquanhu/.pyenv/versions/3.12.2/lib/python3.12/asyncio/__init__.py'>
    │    └ None
    └ <_EvalAwaitInNewEventLoop(Thread-7, started daemon 123145534259200)>

  File "/Users/sunquanhu/.pyenv/versions/3.12.2/lib/python3.12/asyncio/runners.py", line 193, in run
    with Runner(debug=debug, loop_factory=loop_factory) as runner:
         │            │                   │                └ <asyncio.runners.Runner object at 0x113c0b200>
         │            │                   └ None
         │            └ None
         └ <class 'asyncio.runners.Runner'>
  File "/Users/sunquanhu/.pyenv/versions/3.12.2/lib/python3.12/asyncio/runners.py", line 62, in __exit__
    self.close()
    │    └ <function Runner.close at 0x10cad1940>
    └ <asyncio.runners.Runner object at 0x113c0b200>
  File "/Users/sunquanhu/.pyenv/versions/3.12.2/lib/python3.12/asyncio/runners.py", line 71, in close
    loop.run_until_complete(loop.shutdown_asyncgens())
    │    │                  │    └ <function BaseEventLoop.shutdown_asyncgens at 0x10cac71a0>
    │    │                  └ <_UnixSelectorEventLoop running=True closed=False debug=False>
    │    └ <function BaseEventLoop.run_until_complete at 0x10cac74c0>
    └ <_UnixSelectorEventLoop running=True closed=False debug=False>
  File "/Users/sunquanhu/.pyenv/versions/3.12.2/lib/python3.12/asyncio/base_events.py", line 672, in run_until_complete
    self.run_forever()
    │    └ <function BaseEventLoop.run_forever at 0x10cac7420>
    └ <_UnixSelectorEventLoop running=True closed=False debug=False>
  File "/Users/sunquanhu/.pyenv/versions/3.12.2/lib/python3.12/asyncio/base_events.py", line 639, in run_forever
    self._run_once()
    │    └ <function BaseEventLoop._run_once at 0x10cad1260>
    └ <_UnixSelectorEventLoop running=True closed=False debug=False>
  File "/Users/sunquanhu/.pyenv/versions/3.12.2/lib/python3.12/asyncio/base_events.py", line 1986, in _run_once
    handle = None  # Needed to break cycles when an exception occurs.
  File "/Users/sunquanhu/.pyenv/versions/3.12.2/lib/python3.12/asyncio/events.py", line 103, in _run
    self = None  # Needed to break cycles when an exception occurs.
> File "/Users/sunquanhu/Library/Caches/pypoetry/virtualenvs/personal-workspace-app-wk1FpBNh-py3.12/lib/python3.12/site-packages/httpcore2/_async/connection_pool.py", line 425, in __aiter__
    async with safe_async_iterate(self._stream) as iterator:
               │                  │    │           └ <async_generator object HTTP11ConnectionByteStream.__aiter__ at 0x113c61580>
               │                  │    └ <httpcore2._async.http11.HTTP11ConnectionByteStream object at 0x113c5a990>
               │                  └ <httpcore2._async.connection_pool.PoolByteStream object at 0x113c5a9f0>
               └ <function safe_async_iterate at 0x112dd3a60>
  File "/Users/sunquanhu/.pyenv/versions/3.12.2/lib/python3.12/contextlib.py", line 267, in __aexit__
    raise RuntimeError("generator didn't stop after athrow()")

RuntimeError: generator didn't stop after athrow()
2026-09-08 17:16:12.068 | ERROR    | [f1128547072c4d2f950ac06e54a2ef3e] | logging:callHandlers:1762 - 【系统未知异常】Path: /api/v1/chat/streamChat | Error: 'TypeError' object has no attribute 'format'
Traceback (most recent call last):

  File "/Users/sunquanhu/Projects/study/ai/personal-workspace/personal-workspace-app/src/personal_workspace_app/services/ChatStreamService.py", line 56, in chat_stream
    yield f"data: {json.dumps(payload, ensure_ascii=False)}\n\n"
                   │    │     └ {'code': 200, 'message': 'success', 'data': AIMessageChunk(content='{\n  "name": "全能型个人工作台', additional_kwargs={}, response_m...
                   │    └ <function dumps at 0x110e4ca40>
                   └ <module 'json' from '/Users/sunquanhu/.pyenv/versions/3.12.2/lib/python3.12/json/__init__.py'>

  File "/Users/sunquanhu/.pyenv/versions/3.12.2/lib/python3.12/json/__init__.py", line 238, in dumps
    **kw).encode(obj)
      │          └ {'code': 200, 'message': 'success', 'data': AIMessageChunk(content='{\n  "name": "全能型个人工作台', additional_kwargs={}, response_m...
      └ {}
  File "/Users/sunquanhu/.pyenv/versions/3.12.2/lib/python3.12/json/encoder.py", line 200, in encode
    chunks = self.iterencode(o, _one_shot=True)
             │    │          └ {'code': 200, 'message': 'success', 'data': AIMessageChunk(content='{\n  "name": "全能型个人工作台', additional_kwargs={}, response_m...
             │    └ <function JSONEncoder.iterencode at 0x110e4d580>
             └ <json.encoder.JSONEncoder object at 0x118e78080>
  File "/Users/sunquanhu/.pyenv/versions/3.12.2/lib/python3.12/json/encoder.py", line 258, in iterencode
    return _iterencode(o, 0)
           │           └ {'code': 200, 'message': 'success', 'data': AIMessageChunk(content='{\n  "name": "全能型个人工作台', additional_kwargs={}, response_m...
           └ <_json.Encoder object at 0x117c0ca00>
  File "/Users/sunquanhu/.pyenv/versions/3.12.2/lib/python3.12/json/encoder.py", line 180, in default
    raise TypeError(f'Object of type {o.__class__.__name__} '
                                      │ │         └ <member '__name__' of 'getset_descriptor' objects>
                                      │ └ <attribute '__class__' of 'object' objects>
                                      └ AIMessageChunk(content='{\n  "name": "全能型个人工作台', additional_kwargs={}, response_metadata={'model_provider': 'openai'}, id='lc...

TypeError: Object of type AIMessageChunk is not JSON serializable


The above exception was the direct cause of the following exception:


Traceback (most recent call last):

  File "/Users/sunquanhu/.pyenv/versions/3.12.2/lib/python3.12/runpy.py", line 198, in _run_module_as_main
    return _run_code(code, main_globals, None,
           │         │     └ {'__name__': '__main__', '__doc__': None, '__package__': '', '__loader__': <_frozen_importlib_external.SourceFileLoader objec...
           │         └ <code object <module> at 0x10fce5c50, file "/private/var/folders/7v/223c2ym14gb3wzg9l33myc380000gn/T/debugpy13078913217538177...
           └ <function _run_code at 0x10fd09f80>
  File "/Users/sunquanhu/.pyenv/versions/3.12.2/lib/python3.12/runpy.py", line 88, in _run_code
    exec(code, run_globals)
         │     └ {'__name__': '__main__', '__doc__': None, '__package__': '', '__loader__': <_frozen_importlib_external.SourceFileLoader objec...
         └ <code object <module> at 0x10fce5c50, file "/private/var/folders/7v/223c2ym14gb3wzg9l33myc380000gn/T/debugpy13078913217538177...

  File "/private/var/folders/7v/223c2ym14gb3wzg9l33myc380000gn/T/debugpy13078913217538177449/debugpy/adapter/../../debugpy/launcher/../../debugpy/__main__.py", line 71, in <module>
    cli.main()
    │   └ <function main at 0x1118bfba0>
    └ <module 'debugpy.server.cli' from '/private/var/folders/7v/223c2ym14gb3wzg9l33myc380000gn/T/debugpy13078913217538177449/debug...

  File "/private/var/folders/7v/223c2ym14gb3wzg9l33myc380000gn/T/debugpy13078913217538177449/debugpy/adapter/../../debugpy/launcher/../../debugpy/../debugpy/server/cli.py", line 542, in main
    run()
    └ <function run_file at 0x1118bf920>

  File "/private/var/folders/7v/223c2ym14gb3wzg9l33myc380000gn/T/debugpy13078913217538177449/debugpy/adapter/../../debugpy/launcher/../../debugpy/../debugpy/server/cli.py", line 361, in run_file
    runpy.run_path(target, run_name="__main__")
    │     │        └ '/Users/sunquanhu/Projects/study/ai/personal-workspace/personal-workspace-app/src/personal_workspace_app/__main__.py'
    │     └ <function run_path at 0x110e87ec0>
    └ <module '_pydevd_bundle.pydevd_runpy' from '/private/var/folders/7v/223c2ym14gb3wzg9l33myc380000gn/T/debugpy13078913217538177...

  File "/private/var/folders/7v/223c2ym14gb3wzg9l33myc380000gn/T/debugpy13078913217538177449/debugpy/_vendored/pydevd/_pydevd_bundle/pydevd_runpy.py", line 310, in run_path
    return _run_module_code(code, init_globals, run_name, pkg_name=pkg_name, script_name=fname)
           │                │     │             │                  │                     └ '/Users/sunquanhu/Projects/study/ai/personal-workspace/personal-workspace-app/src/personal_workspace_app/__main__.py'
           │                │     │             │                  └ ''
           │                │     │             └ '__main__'
           │                │     └ None
           │                └ <code object <module> at 0x11192c630, file "/Users/sunquanhu/Projects/study/ai/personal-workspace/personal-workspace-app/src/...
           └ <function _run_module_code at 0x110e87b00>

  File "/private/var/folders/7v/223c2ym14gb3wzg9l33myc380000gn/T/debugpy13078913217538177449/debugpy/_vendored/pydevd/_pydevd_bundle/pydevd_runpy.py", line 127, in _run_module_code
    _run_code(code, mod_globals, init_globals, mod_name, mod_spec, pkg_name, script_name)
    │         │     │            │             │         │         │         └ '/Users/sunquanhu/Projects/study/ai/personal-workspace/personal-workspace-app/src/personal_workspace_app/__main__.py'
    │         │     │            │             │         │         └ ''
    │         │     │            │             │         └ None
    │         │     │            │             └ '__main__'
    │         │     │            └ None
    │         │     └ {'__name__': '__main__', '__doc__': None, '__package__': '', '__loader__': None, '__spec__': None, '__file__': '/Users/sunqua...
    │         └ <code object <module> at 0x11192c630, file "/Users/sunquanhu/Projects/study/ai/personal-workspace/personal-workspace-app/src/...
    └ <function _run_code at 0x110e876a0>

  File "/private/var/folders/7v/223c2ym14gb3wzg9l33myc380000gn/T/debugpy13078913217538177449/debugpy/_vendored/pydevd/_pydevd_bundle/pydevd_runpy.py", line 118, in _run_code
    exec(code, run_globals)
         │     └ {'__name__': '__main__', '__doc__': None, '__package__': '', '__loader__': None, '__spec__': None, '__file__': '/Users/sunqua...
         └ <code object <module> at 0x11192c630, file "/Users/sunquanhu/Projects/study/ai/personal-workspace/personal-workspace-app/src/...

  File "/Users/sunquanhu/Projects/study/ai/personal-workspace/personal-workspace-app/src/personal_workspace_app/__main__.py", line 33, in <module>
    uvicorn.run(app, host="0.0.0.0", port=8000, reload=False, loop="asyncio")
    │       │   └ <fastapi.applications.FastAPI object at 0x117a7a030>
    │       └ <function run at 0x111df3740>
    └ <module 'uvicorn' from '/Users/sunquanhu/Library/Caches/pypoetry/virtualenvs/personal-workspace-app-wk1FpBNh-py3.12/lib/pytho...

  File "/Users/sunquanhu/Library/Caches/pypoetry/virtualenvs/personal-workspace-app-wk1FpBNh-py3.12/lib/python3.12/site-packages/uvicorn/main.py", line 621, in run
    server.run()
    │      └ <function Server.run at 0x111d80b80>
    └ <uvicorn.server.Server object at 0x117aa25a0>
  File "/Users/sunquanhu/Library/Caches/pypoetry/virtualenvs/personal-workspace-app-wk1FpBNh-py3.12/lib/python3.12/site-packages/uvicorn/server.py", line 77, in run
    return asyncio_run(self.serve(sockets=sockets), loop_factory=self.config.get_loop_factory())
           │           │    │             │                      │    │      └ <function Config.get_loop_factory at 0x111c57100>
           │           │    │             │                      │    └ <uvicorn.config.Config object at 0x117aa0740>
           │           │    │             │                      └ <uvicorn.server.Server object at 0x117aa25a0>
           │           │    │             └ None
           │           │    └ <function Server.serve at 0x111d80c20>
           │           └ <uvicorn.server.Server object at 0x117aa25a0>
           └ <function run at 0x111b21800>
  File "/Users/sunquanhu/.pyenv/versions/3.12.2/lib/python3.12/asyncio/runners.py", line 194, in run
    return runner.run(main)
           │      │   └ <coroutine object Server.serve at 0x117a2e500>
           │      └ <function Runner.run at 0x111b51940>
           └ <asyncio.runners.Runner object at 0x117aa35c0>
  File "/Users/sunquanhu/.pyenv/versions/3.12.2/lib/python3.12/asyncio/runners.py", line 118, in run
    return self._loop.run_until_complete(task)
           │    │     │                  └ <Task pending name='Task-1' coro=<Server.serve() running at /Users/sunquanhu/Library/Caches/pypoetry/virtualenvs/personal-wor...
           │    │     └ <function BaseEventLoop.run_until_complete at 0x111b47380>
           │    └ <_UnixSelectorEventLoop running=True closed=False debug=False>
           └ <asyncio.runners.Runner object at 0x117aa35c0>
  File "/Users/sunquanhu/.pyenv/versions/3.12.2/lib/python3.12/asyncio/base_events.py", line 672, in run_until_complete
    self.run_forever()
    │    └ <function BaseEventLoop.run_forever at 0x111b472e0>
    └ <_UnixSelectorEventLoop running=True closed=False debug=False>
  File "/Users/sunquanhu/.pyenv/versions/3.12.2/lib/python3.12/asyncio/base_events.py", line 639, in run_forever
    self._run_once()
    │    └ <function BaseEventLoop._run_once at 0x111b51120>
    └ <_UnixSelectorEventLoop running=True closed=False debug=False>
  File "/Users/sunquanhu/.pyenv/versions/3.12.2/lib/python3.12/asyncio/base_events.py", line 1985, in _run_once
    handle._run()
    │      └ <function Handle._run at 0x111a8f9c0>
    └ <Handle Task.task_wakeup(<Future finished result=None>)>
  File "/Users/sunquanhu/.pyenv/versions/3.12.2/lib/python3.12/asyncio/events.py", line 88, in _run
    self._context.run(self._callback, *self._args)
    │    │            │    │           │    └ <member '_args' of 'Handle' objects>
    │    │            │    │           └ <Handle Task.task_wakeup(<Future finished result=None>)>
    │    │            │    └ <member '_callback' of 'Handle' objects>
    │    │            └ <Handle Task.task_wakeup(<Future finished result=None>)>
    │    └ <member '_context' of 'Handle' objects>
    └ <Handle Task.task_wakeup(<Future finished result=None>)>
  File "/Users/sunquanhu/Library/Caches/pypoetry/virtualenvs/personal-workspace-app-wk1FpBNh-py3.12/lib/python3.12/site-packages/uvicorn/protocols/http/httptools_impl.py", line 422, in run_asgi
    result = await app(  # type: ignore[func-returns-value]
                   └ <uvicorn.middleware.proxy_headers.ProxyHeadersMiddleware object at 0x117ac5d90>
  File "/Users/sunquanhu/Library/Caches/pypoetry/virtualenvs/personal-workspace-app-wk1FpBNh-py3.12/lib/python3.12/site-packages/uvicorn/middleware/proxy_headers.py", line 63, in __call__
    return await self.app(scope, receive, send)
                 │    │   │      │        └ <bound method RequestResponseCycle.send of <uvicorn.protocols.http.httptools_impl.RequestResponseCycle object at 0x117bd1850>>
                 │    │   │      └ <bound method RequestResponseCycle.receive of <uvicorn.protocols.http.httptools_impl.RequestResponseCycle object at 0x117bd18...
                 │    │   └ {'type': 'http', 'asgi': {'version': '3.0', 'spec_version': '2.3'}, 'http_version': '1.1', 'server': ('127.0.0.1', 8000), 'cl...
                 │    └ <fastapi.applications.FastAPI object at 0x117a7a030>
                 └ <uvicorn.middleware.proxy_headers.ProxyHeadersMiddleware object at 0x117ac5d90>
  File "/Users/sunquanhu/Library/Caches/pypoetry/virtualenvs/personal-workspace-app-wk1FpBNh-py3.12/lib/python3.12/site-packages/fastapi/applications.py", line 1163, in __call__
    await super().__call__(scope, receive, send)
                           │      │        └ <bound method RequestResponseCycle.send of <uvicorn.protocols.http.httptools_impl.RequestResponseCycle object at 0x117bd1850>>
                           │      └ <bound method RequestResponseCycle.receive of <uvicorn.protocols.http.httptools_impl.RequestResponseCycle object at 0x117bd18...
                           └ {'type': 'http', 'asgi': {'version': '3.0', 'spec_version': '2.3'}, 'http_version': '1.1', 'server': ('127.0.0.1', 8000), 'cl...
  File "/Users/sunquanhu/Library/Caches/pypoetry/virtualenvs/personal-workspace-app-wk1FpBNh-py3.12/lib/python3.12/site-packages/starlette/applications.py", line 96, in __call__
    await self.middleware_stack(scope, receive, send)
          │    │                │      │        └ <bound method RequestResponseCycle.send of <uvicorn.protocols.http.httptools_impl.RequestResponseCycle object at 0x117bd1850>>
          │    │                │      └ <bound method RequestResponseCycle.receive of <uvicorn.protocols.http.httptools_impl.RequestResponseCycle object at 0x117bd18...
          │    │                └ {'type': 'http', 'asgi': {'version': '3.0', 'spec_version': '2.3'}, 'http_version': '1.1', 'server': ('127.0.0.1', 8000), 'cl...
          │    └ <starlette.middleware.errors.ServerErrorMiddleware object at 0x117badbe0>
          └ <fastapi.applications.FastAPI object at 0x117a7a030>
> File "/Users/sunquanhu/Library/Caches/pypoetry/virtualenvs/personal-workspace-app-wk1FpBNh-py3.12/lib/python3.12/site-packages/starlette/middleware/errors.py", line 164, in __call__
    await self.app(scope, receive, _send)
          │    │   │      │        └ <function ServerErrorMiddleware.__call__.<locals>._send at 0x117bb6160>
          │    │   │      └ <bound method RequestResponseCycle.receive of <uvicorn.protocols.http.httptools_impl.RequestResponseCycle object at 0x117bd18...
          │    │   └ {'type': 'http', 'asgi': {'version': '3.0', 'spec_version': '2.3'}, 'http_version': '1.1', 'server': ('127.0.0.1', 8000), 'cl...
          │    └ <personal_workspace_app.core.trace_middleware.TraceAndLogMiddleware object at 0x117bada00>
          └ <starlette.middleware.errors.ServerErrorMiddleware object at 0x117badbe0>
  File "/Users/sunquanhu/Library/Caches/pypoetry/virtualenvs/personal-workspace-app-wk1FpBNh-py3.12/lib/python3.12/site-packages/starlette/middleware/base.py", line 198, in __call__
    raise app_exc
          └ AttributeError("'TypeError' object has no attribute 'format'")
  File "/Users/sunquanhu/Library/Caches/pypoetry/virtualenvs/personal-workspace-app-wk1FpBNh-py3.12/lib/python3.12/site-packages/starlette/middleware/base.py", line 144, in coro
    await self.app(scope, receive_or_disconnect, send_no_error)
          │    │   │      │                      └ <function BaseHTTPMiddleware.__call__.<locals>.call_next.<locals>.send_no_error at 0x117c3a520>
          │    │   │      └ <function BaseHTTPMiddleware.__call__.<locals>.call_next.<locals>.receive_or_disconnect at 0x117c3a200>
          │    │   └ {'type': 'http', 'asgi': {'version': '3.0', 'spec_version': '2.3'}, 'http_version': '1.1', 'server': ('127.0.0.1', 8000), 'cl...
          │    └ <starlette.middleware.exceptions.ExceptionMiddleware object at 0x117bad9d0>
          └ <personal_workspace_app.core.trace_middleware.TraceAndLogMiddleware object at 0x117bada00>
  File "/Users/sunquanhu/Library/Caches/pypoetry/virtualenvs/personal-workspace-app-wk1FpBNh-py3.12/lib/python3.12/site-packages/starlette/middleware/exceptions.py", line 63, in __call__
    await wrap_app_handling_exceptions(self.app, conn)(scope, receive, send)
          │                            │    │    │     │      │        └ <function BaseHTTPMiddleware.__call__.<locals>.call_next.<locals>.send_no_error at 0x117c3a520>
          │                            │    │    │     │      └ <function BaseHTTPMiddleware.__call__.<locals>.call_next.<locals>.receive_or_disconnect at 0x117c3a200>
          │                            │    │    │     └ {'type': 'http', 'asgi': {'version': '3.0', 'spec_version': '2.3'}, 'http_version': '1.1', 'server': ('127.0.0.1', 8000), 'cl...
          │                            │    │    └ <starlette.requests.Request object at 0x117aa2b10>
          │                            │    └ <fastapi.middleware.asyncexitstack.AsyncExitStackMiddleware object at 0x117bad910>
          │                            └ <starlette.middleware.exceptions.ExceptionMiddleware object at 0x117bad9d0>
          └ <function wrap_app_handling_exceptions at 0x112db18a0>
  File "/Users/sunquanhu/Library/Caches/pypoetry/virtualenvs/personal-workspace-app-wk1FpBNh-py3.12/lib/python3.12/site-packages/starlette/_exception_handler.py", line 53, in wrapped_app
    raise exc
  File "/Users/sunquanhu/Library/Caches/pypoetry/virtualenvs/personal-workspace-app-wk1FpBNh-py3.12/lib/python3.12/site-packages/starlette/_exception_handler.py", line 42, in wrapped_app
    await app(scope, receive, sender)
          │   │      │        └ <function wrap_app_handling_exceptions.<locals>.wrapped_app.<locals>.sender at 0x117c3aca0>
          │   │      └ <function BaseHTTPMiddleware.__call__.<locals>.call_next.<locals>.receive_or_disconnect at 0x117c3a200>
          │   └ {'type': 'http', 'asgi': {'version': '3.0', 'spec_version': '2.3'}, 'http_version': '1.1', 'server': ('127.0.0.1', 8000), 'cl...
          └ <fastapi.middleware.asyncexitstack.AsyncExitStackMiddleware object at 0x117bad910>
  File "/Users/sunquanhu/Library/Caches/pypoetry/virtualenvs/personal-workspace-app-wk1FpBNh-py3.12/lib/python3.12/site-packages/fastapi/middleware/asyncexitstack.py", line 18, in __call__
    await self.app(scope, receive, send)
          │    │   │      │        └ <function wrap_app_handling_exceptions.<locals>.wrapped_app.<locals>.sender at 0x117c3aca0>
          │    │   │      └ <function BaseHTTPMiddleware.__call__.<locals>.call_next.<locals>.receive_or_disconnect at 0x117c3a200>
          │    │   └ {'type': 'http', 'asgi': {'version': '3.0', 'spec_version': '2.3'}, 'http_version': '1.1', 'server': ('127.0.0.1', 8000), 'cl...
          │    └ <fastapi.routing.APIRouter object at 0x117a7ad80>
          └ <fastapi.middleware.asyncexitstack.AsyncExitStackMiddleware object at 0x117bad910>
  File "/Users/sunquanhu/Library/Caches/pypoetry/virtualenvs/personal-workspace-app-wk1FpBNh-py3.12/lib/python3.12/site-packages/starlette/routing.py", line 670, in __call__
    await self.middleware_stack(scope, receive, send)
          │    │                │      │        └ <function wrap_app_handling_exceptions.<locals>.wrapped_app.<locals>.sender at 0x117c3aca0>
          │    │                │      └ <function BaseHTTPMiddleware.__call__.<locals>.call_next.<locals>.receive_or_disconnect at 0x117c3a200>
          │    │                └ {'type': 'http', 'asgi': {'version': '3.0', 'spec_version': '2.3'}, 'http_version': '1.1', 'server': ('127.0.0.1', 8000), 'cl...
          │    └ <bound method APIRouter.app of <fastapi.routing.APIRouter object at 0x117a7ad80>>
          └ <fastapi.routing.APIRouter object at 0x117a7ad80>
  File "/Users/sunquanhu/Library/Caches/pypoetry/virtualenvs/personal-workspace-app-wk1FpBNh-py3.12/lib/python3.12/site-packages/fastapi/routing.py", line 2734, in app
    await route.handle(scope, receive, send)
          │     │      │      │        └ <function wrap_app_handling_exceptions.<locals>.wrapped_app.<locals>.sender at 0x117c3aca0>
          │     │      │      └ <function BaseHTTPMiddleware.__call__.<locals>.call_next.<locals>.receive_or_disconnect at 0x117c3a200>
          │     │      └ {'type': 'http', 'asgi': {'version': '3.0', 'spec_version': '2.3'}, 'http_version': '1.1', 'server': ('127.0.0.1', 8000), 'cl...
          │     └ <function _IncludedRouter.handle at 0x112dfe3e0>
          └ _IncludedRouter(original_router=<fastapi.routing.APIRouter object at 0x114707b90>, include_context=_RouterIncludeContext(incl...
  File "/Users/sunquanhu/Library/Caches/pypoetry/virtualenvs/personal-workspace-app-wk1FpBNh-py3.12/lib/python3.12/site-packages/fastapi/routing.py", line 1780, in handle
    await self.original_router.handle(scope, receive, send)
          │    │               │      │      │        └ <function wrap_app_handling_exceptions.<locals>.wrapped_app.<locals>.sender at 0x117c3aca0>
          │    │               │      │      └ <function BaseHTTPMiddleware.__call__.<locals>.call_next.<locals>.receive_or_disconnect at 0x117c3a200>
          │    │               │      └ {'type': 'http', 'asgi': {'version': '3.0', 'spec_version': '2.3'}, 'http_version': '1.1', 'server': ('127.0.0.1', 8000), 'cl...
          │    │               └ <function APIRouter.handle at 0x112e28900>
          │    └ <fastapi.routing.APIRouter object at 0x114707b90>
          └ _IncludedRouter(original_router=<fastapi.routing.APIRouter object at 0x114707b90>, include_context=_RouterIncludeContext(incl...
  File "/Users/sunquanhu/Library/Caches/pypoetry/virtualenvs/personal-workspace-app-wk1FpBNh-py3.12/lib/python3.12/site-packages/fastapi/routing.py", line 2789, in handle
    await included_router._handle_selected(scope, receive, send)
          │               │                │      │        └ <function wrap_app_handling_exceptions.<locals>.wrapped_app.<locals>.sender at 0x117c3aca0>
          │               │                │      └ <function BaseHTTPMiddleware.__call__.<locals>.call_next.<locals>.receive_or_disconnect at 0x117c3a200>
          │               │                └ {'type': 'http', 'asgi': {'version': '3.0', 'spec_version': '2.3'}, 'http_version': '1.1', 'server': ('127.0.0.1', 8000), 'cl...
          │               └ <function _IncludedRouter._handle_selected at 0x112dfe480>
          └ _IncludedRouter(original_router=<fastapi.routing.APIRouter object at 0x114707b90>, include_context=_RouterIncludeContext(incl...
  File "/Users/sunquanhu/Library/Caches/pypoetry/virtualenvs/personal-workspace-app-wk1FpBNh-py3.12/lib/python3.12/site-packages/fastapi/routing.py", line 1800, in _handle_selected
    await original_route.handle(scope, receive, send)
          │              │      │      │        └ <function wrap_app_handling_exceptions.<locals>.wrapped_app.<locals>.sender at 0x117c3aca0>
          │              │      │      └ <function BaseHTTPMiddleware.__call__.<locals>.call_next.<locals>.receive_or_disconnect at 0x117c3a200>
          │              │      └ {'type': 'http', 'asgi': {'version': '3.0', 'spec_version': '2.3'}, 'http_version': '1.1', 'server': ('127.0.0.1', 8000), 'cl...
          │              └ <function APIRoute.handle at 0x112de7420>
          └ APIRoute(path='/chat/streamChat', name='chatStreamEndpoint', methods=['POST'])
  File "/Users/sunquanhu/Library/Caches/pypoetry/virtualenvs/personal-workspace-app-wk1FpBNh-py3.12/lib/python3.12/site-packages/fastapi/routing.py", line 1279, in handle
    await app(scope, receive, send)
          │   │      │        └ <function wrap_app_handling_exceptions.<locals>.wrapped_app.<locals>.sender at 0x117c3aca0>
          │   │      └ <function BaseHTTPMiddleware.__call__.<locals>.call_next.<locals>.receive_or_disconnect at 0x117c3a200>
          │   └ {'type': 'http', 'asgi': {'version': '3.0', 'spec_version': '2.3'}, 'http_version': '1.1', 'server': ('127.0.0.1', 8000), 'cl...
          └ <function request_response.<locals>.app at 0x117c3b100>
  File "/Users/sunquanhu/Library/Caches/pypoetry/virtualenvs/personal-workspace-app-wk1FpBNh-py3.12/lib/python3.12/site-packages/fastapi/routing.py", line 158, in app
    await wrap_app_handling_exceptions(app, request)(scope, receive, send)
          │                            │    │        │      │        └ <function wrap_app_handling_exceptions.<locals>.wrapped_app.<locals>.sender at 0x117c3aca0>
          │                            │    │        │      └ <function BaseHTTPMiddleware.__call__.<locals>.call_next.<locals>.receive_or_disconnect at 0x117c3a200>
          │                            │    │        └ {'type': 'http', 'asgi': {'version': '3.0', 'spec_version': '2.3'}, 'http_version': '1.1', 'server': ('127.0.0.1', 8000), 'cl...
          │                            │    └ <starlette.requests.Request object at 0x117c59880>
          │                            └ <function request_response.<locals>.app.<locals>.app at 0x117c3b380>
          └ <function wrap_app_handling_exceptions at 0x112db18a0>
  File "/Users/sunquanhu/Library/Caches/pypoetry/virtualenvs/personal-workspace-app-wk1FpBNh-py3.12/lib/python3.12/site-packages/starlette/_exception_handler.py", line 53, in wrapped_app
    raise exc
  File "/Users/sunquanhu/Library/Caches/pypoetry/virtualenvs/personal-workspace-app-wk1FpBNh-py3.12/lib/python3.12/site-packages/starlette/_exception_handler.py", line 42, in wrapped_app
    await app(scope, receive, sender)
          │   │      │        └ <function wrap_app_handling_exceptions.<locals>.wrapped_app.<locals>.sender at 0x117c3b4c0>
          │   │      └ <function BaseHTTPMiddleware.__call__.<locals>.call_next.<locals>.receive_or_disconnect at 0x117c3a200>
          │   └ {'type': 'http', 'asgi': {'version': '3.0', 'spec_version': '2.3'}, 'http_version': '1.1', 'server': ('127.0.0.1', 8000), 'cl...
          └ <function request_response.<locals>.app.<locals>.app at 0x117c3b380>
  File "/Users/sunquanhu/Library/Caches/pypoetry/virtualenvs/personal-workspace-app-wk1FpBNh-py3.12/lib/python3.12/site-packages/fastapi/routing.py", line 145, in app
    await response(scope, receive, send)
          │        │      │        └ <function wrap_app_handling_exceptions.<locals>.wrapped_app.<locals>.sender at 0x117c3b4c0>
          │        │      └ <function BaseHTTPMiddleware.__call__.<locals>.call_next.<locals>.receive_or_disconnect at 0x117c3a200>
          │        └ {'type': 'http', 'asgi': {'version': '3.0', 'spec_version': '2.3'}, 'http_version': '1.1', 'server': ('127.0.0.1', 8000), 'cl...
          └ <starlette.responses.StreamingResponse object at 0x117c91880>
  File "/Users/sunquanhu/Library/Caches/pypoetry/virtualenvs/personal-workspace-app-wk1FpBNh-py3.12/lib/python3.12/site-packages/starlette/responses.py", line 273, in __call__
    async with create_collapsing_task_group() as task_group:
               │                                 └ <anyio._backends._asyncio.TaskGroup object at 0x117c90bc0>
               └ <function create_collapsing_task_group at 0x112ce5440>
  File "/Users/sunquanhu/.pyenv/versions/3.12.2/lib/python3.12/contextlib.py", line 231, in __aexit__
    await self.gen.athrow(value)
          │    │   │      └ CancelledError('Cancelled via cancel scope 117c84f50')
          │    │   └ <method 'athrow' of 'async_generator' objects>
          │    └ <async_generator object create_collapsing_task_group at 0x117b9d240>
          └ <contextlib._AsyncGeneratorContextManager object at 0x117c90f20>
  File "/Users/sunquanhu/Library/Caches/pypoetry/virtualenvs/personal-workspace-app-wk1FpBNh-py3.12/lib/python3.12/site-packages/starlette/_utils.py", line 93, in create_collapsing_task_group
    raise exc from exc.__cause__ or context
          │        │   │            └ TypeError('Object of type AIMessageChunk is not JSON serializable')
          │        │   └ <attribute '__cause__' of 'BaseException' objects>
          │        └ AttributeError("'TypeError' object has no attribute 'format'")
          └ AttributeError("'TypeError' object has no attribute 'format'")
  File "/Users/sunquanhu/Library/Caches/pypoetry/virtualenvs/personal-workspace-app-wk1FpBNh-py3.12/lib/python3.12/site-packages/anyio/_core/_tasks.py", line 275, in _run_coro
    retval = await self._coro
  File "/Users/sunquanhu/Library/Caches/pypoetry/virtualenvs/personal-workspace-app-wk1FpBNh-py3.12/lib/python3.12/site-packages/starlette/responses.py", line 276, in wrap
    await func()
          └ functools.partial(<bound method StreamingResponse.stream_response of <starlette.responses.StreamingResponse object at 0x117c9...
  File "/Users/sunquanhu/Library/Caches/pypoetry/virtualenvs/personal-workspace-app-wk1FpBNh-py3.12/lib/python3.12/site-packages/starlette/responses.py", line 250, in stream_response
    async for chunk in self.body_iterator:
                       │    └ <async_generator object chat_stream at 0x117b7a640>
                       └ <starlette.responses.StreamingResponse object at 0x117c91880>

  File "/Users/sunquanhu/Projects/study/ai/personal-workspace/personal-workspace-app/src/personal_workspace_app/services/ChatStreamService.py", line 65, in chat_stream
    logger.error(error, exc_info=True)
    │      └ <function Logger.error at 0x11454e980>
    └ <loguru.logger handlers=[(id=1, level=20, sink=<stdout>), (id=2, level=20, sink='logs/app_info.log'), (id=3, level=40, sink='...

AttributeError: 'TypeError' object has no attribute 'format'
2026-09-09 09:49:25.345 | ERROR    | [0f4e5860471648e3bb515a3736f57347] | logging:callHandlers:1762 - 【系统未知异常】Path: /api/v1/chat/streamChat | Error: Invalid template: {'\n     # Role & Identity\n    你是一名专业、严谨且富有亲和力的全能 AI 智能助手。你的目标是为用户提供准确、清晰且视觉体验良好的解答。\n    # Output Format Specifications\n    你的回答需要兼顾“自然语言阅读”与“结构化 UI 展示”。请严格遵守以下渲染与输出协议：\n    ## 1. 基础文本与 Markdown 规范\n      - 对于常规的解答、分析、逻辑推导与代码展示，必须直接使用标准的 Markdown 语法。\n      - 内容应结构清晰，分段合理，适度使用加粗与列表提升可读性。\n    ## 2. 服务端驱动 UI（SDUI）卡片协议\n        当回答中包含特定类型的数据时，**禁止使用纯文本堆砌**，必须使用以下指定的特殊代码块格式输出 JSON 卡片。前端系统将自动拦截这些代码块并渲染为高阶 UI 组件：\n            ### (1) 核心指标卡片 (`json:widget/metric`)\n                - **触发场景**：展示气象数据、统计数值、KPI 指标、单值对比等突出数值信息时。\n                - **输出格式**：\n                    ```json:widget/metric\n                        {\n                          "title": "指标名称",\n                          "main_value": "核心数值 (例如: 26°C 或 $1,280)",\n                          "sub_value": "辅助说明或状态 (例如: 多云转晴 | 湿度 65%)",\n                         "trend": "up" // 可选: "up" | "down" | "neutral"\n                        }\n                   ```\n\n           ### (2) 属性网格卡片 (`json:widget/kv_grid`)\n                - **触发场景**：展示实体档案、参数配置、日程属性、多项键值对数据时。\n                - **输出格式**：\n                    ```json:widget/kv_grid\n                        {\n                            "title": "卡片标题",\n                             "badge": "标签 (可选，例如: 已核实)",\n                             "items": [\n                                { "label": "属性名称 1", "value": "属性值 1" },\n                                { "label": "属性名称 2", "value": "属性值 2" }\n                              ]\n                        }\n                    ```\n\n            ### (3) 表格数据卡片 (`json:widget/table`)\n            - **触发场景**：展示多行多列的列表数据（如对比表、清单、排行榜）时。\n            - **输出格式**：\n            ```json:widget/table\n            {\n              "title": "表格标题",\n              "columns": ["列头 1", "列头 2", "列头 3"],\n              "rows": [\n                ["数据 1-1", "数据 1-2", "数据 1-3"],\n                ["数据 2-1", "数据 2-2", "数据 2-3"]\n              ]\n            }\n            ```\n\n# Constraints & Safety Guidelines\n1. **JSON 格式严格性**：所有 `json:widget/*` 代码块内的 JSON 数据必须符合严格的 JSON 规范，不得添加任何尾随逗号（Trailing commas），不得包含解析不出的特殊控制字符。\n2. **标签规范**：代码块开头的语言标记（如 `json:widget/metric`）必须严格按原样输出，不要修改拼写，不要附加额外的反引号或包裹。\n3. **真实性原则**：如果在结构化卡片中引用了数据，确保数据来源客观可靠；未知的数据字段应留空或标注“暂无”，严禁捏造伪造数据。\n\n# Few-Shot Examples\n\n<example>\n[User]: 帮我查一下杭州今天的天气和简要基本信息。\n\n[Assistant]:\n好的，已为您查到杭州今日最新的气象与城市概览：\n\n```json:widget/metric\n{\n  "title": "杭州当前气温",\n  "main_value": "26°C",\n  "sub_value": "多云转晴 | 东南风 3 级",\n  "trend": "neutral"\n}\n```\n\n以下是城市的基础档案资料：\n\n```json:widget/kv_grid\n{\n  "title": "杭州城市档案",\n  "badge": "官方数据",\n  "items": [\n    { "label": "行政区划", "value": "浙江省省会 / 副省级市" },\n    { "label": "气候类型", "value": "亚热带季风气候" },\n    { "label": "著名景点", "value": "西湖、良渚古城遗址、千岛湖" }\n  ]\n}\n```\n\n如果您还需要了解具体景点的门票或路线规划，请随时告诉我！\n</example>\n    '}
Traceback (most recent call last):

  File "/Users/sunquanhu/.pyenv/versions/3.12.2/lib/python3.12/runpy.py", line 198, in _run_module_as_main
    return _run_code(code, main_globals, None,
           │         │     └ {'__name__': '__main__', '__doc__': None, '__package__': '', '__loader__': <_frozen_importlib_external.SourceFileLoader objec...
           │         └ <code object <module> at 0x10d68a100, file "/private/var/folders/7v/223c2ym14gb3wzg9l33myc380000gn/T/debugpy69653884798475276...
           └ <function _run_code at 0x10d6adf80>
  File "/Users/sunquanhu/.pyenv/versions/3.12.2/lib/python3.12/runpy.py", line 88, in _run_code
    exec(code, run_globals)
         │     └ {'__name__': '__main__', '__doc__': None, '__package__': '', '__loader__': <_frozen_importlib_external.SourceFileLoader objec...
         └ <code object <module> at 0x10d68a100, file "/private/var/folders/7v/223c2ym14gb3wzg9l33myc380000gn/T/debugpy69653884798475276...

  File "/private/var/folders/7v/223c2ym14gb3wzg9l33myc380000gn/T/debugpy6965388479847527625/debugpy/adapter/../../debugpy/launcher/../../debugpy/__main__.py", line 71, in <module>
    cli.main()
    │   └ <function main at 0x10fad5f80>
    └ <module 'debugpy.server.cli' from '/private/var/folders/7v/223c2ym14gb3wzg9l33myc380000gn/T/debugpy6965388479847527625/debugp...

  File "/private/var/folders/7v/223c2ym14gb3wzg9l33myc380000gn/T/debugpy6965388479847527625/debugpy/adapter/../../debugpy/launcher/../../debugpy/../debugpy/server/cli.py", line 542, in main
    run()
    └ <function run_file at 0x10fad5d00>

  File "/private/var/folders/7v/223c2ym14gb3wzg9l33myc380000gn/T/debugpy6965388479847527625/debugpy/adapter/../../debugpy/launcher/../../debugpy/../debugpy/server/cli.py", line 361, in run_file
    runpy.run_path(target, run_name="__main__")
    │     │        └ '/Users/sunquanhu/Projects/study/ai/personal-workspace/personal-workspace-app/src/personal_workspace_app/__main__.py'
    │     └ <function run_path at 0x10e8ccc20>
    └ <module '_pydevd_bundle.pydevd_runpy' from '/private/var/folders/7v/223c2ym14gb3wzg9l33myc380000gn/T/debugpy69653884798475276...

  File "/private/var/folders/7v/223c2ym14gb3wzg9l33myc380000gn/T/debugpy6965388479847527625/debugpy/_vendored/pydevd/_pydevd_bundle/pydevd_runpy.py", line 310, in run_path
    return _run_module_code(code, init_globals, run_name, pkg_name=pkg_name, script_name=fname)
           │                │     │             │                  │                     └ '/Users/sunquanhu/Projects/study/ai/personal-workspace/personal-workspace-app/src/personal_workspace_app/__main__.py'
           │                │     │             │                  └ ''
           │                │     │             └ '__main__'
           │                │     └ None
           │                └ <code object <module> at 0x10f291230, file "/Users/sunquanhu/Projects/study/ai/personal-workspace/personal-workspace-app/src/...
           └ <function _run_module_code at 0x10e8cc860>

  File "/private/var/folders/7v/223c2ym14gb3wzg9l33myc380000gn/T/debugpy6965388479847527625/debugpy/_vendored/pydevd/_pydevd_bundle/pydevd_runpy.py", line 127, in _run_module_code
    _run_code(code, mod_globals, init_globals, mod_name, mod_spec, pkg_name, script_name)
    │         │     │            │             │         │         │         └ '/Users/sunquanhu/Projects/study/ai/personal-workspace/personal-workspace-app/src/personal_workspace_app/__main__.py'
    │         │     │            │             │         │         └ ''
    │         │     │            │             │         └ None
    │         │     │            │             └ '__main__'
    │         │     │            └ None
    │         │     └ {'__name__': '__main__', '__doc__': None, '__package__': '', '__loader__': None, '__spec__': None, '__file__': '/Users/sunqua...
    │         └ <code object <module> at 0x10f291230, file "/Users/sunquanhu/Projects/study/ai/personal-workspace/personal-workspace-app/src/...
    └ <function _run_code at 0x10e8cc2c0>

  File "/private/var/folders/7v/223c2ym14gb3wzg9l33myc380000gn/T/debugpy6965388479847527625/debugpy/_vendored/pydevd/_pydevd_bundle/pydevd_runpy.py", line 118, in _run_code
    exec(code, run_globals)
         │     └ {'__name__': '__main__', '__doc__': None, '__package__': '', '__loader__': None, '__spec__': None, '__file__': '/Users/sunqua...
         └ <code object <module> at 0x10f291230, file "/Users/sunquanhu/Projects/study/ai/personal-workspace/personal-workspace-app/src/...

  File "/Users/sunquanhu/Projects/study/ai/personal-workspace/personal-workspace-app/src/personal_workspace_app/__main__.py", line 33, in <module>
    uvicorn.run(app, host="0.0.0.0", port=8000, reload=False, loop="asyncio")
    │       │   └ <fastapi.applications.FastAPI object at 0x115178620>
    │       └ <function run at 0x10f4796c0>
    └ <module 'uvicorn' from '/Users/sunquanhu/Library/Caches/pypoetry/virtualenvs/personal-workspace-app-wk1FpBNh-py3.12/lib/pytho...

  File "/Users/sunquanhu/Library/Caches/pypoetry/virtualenvs/personal-workspace-app-wk1FpBNh-py3.12/lib/python3.12/site-packages/uvicorn/main.py", line 621, in run
    server.run()
    │      └ <function Server.run at 0x10f4eaac0>
    └ <uvicorn.server.Server object at 0x1155600e0>
  File "/Users/sunquanhu/Library/Caches/pypoetry/virtualenvs/personal-workspace-app-wk1FpBNh-py3.12/lib/python3.12/site-packages/uvicorn/server.py", line 77, in run
    return asyncio_run(self.serve(sockets=sockets), loop_factory=self.config.get_loop_factory())
           │           │    │             │                      │    │      └ <function Config.get_loop_factory at 0x10f3ed080>
           │           │    │             │                      │    └ <uvicorn.config.Config object at 0x11517a270>
           │           │    │             │                      └ <uvicorn.server.Server object at 0x1155600e0>
           │           │    │             └ None
           │           │    └ <function Server.serve at 0x10f4eab60>
           │           └ <uvicorn.server.Server object at 0x1155600e0>
           └ <function run at 0x10f72f740>
  File "/Users/sunquanhu/.pyenv/versions/3.12.2/lib/python3.12/asyncio/runners.py", line 194, in run
    return runner.run(main)
           │      │   └ <coroutine object Server.serve at 0x115122340>
           │      └ <function Runner.run at 0x10f6ff880>
           └ <asyncio.runners.Runner object at 0x115561130>
  File "/Users/sunquanhu/.pyenv/versions/3.12.2/lib/python3.12/asyncio/runners.py", line 118, in run
    return self._loop.run_until_complete(task)
           │    │     │                  └ <Task pending name='Task-1' coro=<Server.serve() running at /Users/sunquanhu/Library/Caches/pypoetry/virtualenvs/personal-wor...
           │    │     └ <function BaseEventLoop.run_until_complete at 0x10f6fd300>
           │    └ <_UnixSelectorEventLoop running=True closed=False debug=False>
           └ <asyncio.runners.Runner object at 0x115561130>
  File "/Users/sunquanhu/.pyenv/versions/3.12.2/lib/python3.12/asyncio/base_events.py", line 672, in run_until_complete
    self.run_forever()
    │    └ <function BaseEventLoop.run_forever at 0x10f6fd260>
    └ <_UnixSelectorEventLoop running=True closed=False debug=False>
  File "/Users/sunquanhu/.pyenv/versions/3.12.2/lib/python3.12/asyncio/base_events.py", line 639, in run_forever
    self._run_once()
    │    └ <function BaseEventLoop._run_once at 0x10f6ff060>
    └ <_UnixSelectorEventLoop running=True closed=False debug=False>
  File "/Users/sunquanhu/.pyenv/versions/3.12.2/lib/python3.12/asyncio/base_events.py", line 1985, in _run_once
    handle._run()
    │      └ <function Handle._run at 0x10f161940>
    └ <Handle Task.task_wakeup(<Future finished result=None>)>
  File "/Users/sunquanhu/.pyenv/versions/3.12.2/lib/python3.12/asyncio/events.py", line 88, in _run
    self._context.run(self._callback, *self._args)
    │    │            │    │           │    └ <member '_args' of 'Handle' objects>
    │    │            │    │           └ <Handle Task.task_wakeup(<Future finished result=None>)>
    │    │            │    └ <member '_callback' of 'Handle' objects>
    │    │            └ <Handle Task.task_wakeup(<Future finished result=None>)>
    │    └ <member '_context' of 'Handle' objects>
    └ <Handle Task.task_wakeup(<Future finished result=None>)>
  File "/Users/sunquanhu/Library/Caches/pypoetry/virtualenvs/personal-workspace-app-wk1FpBNh-py3.12/lib/python3.12/site-packages/uvicorn/protocols/http/httptools_impl.py", line 422, in run_asgi
    result = await app(  # type: ignore[func-returns-value]
                   └ <uvicorn.middleware.proxy_headers.ProxyHeadersMiddleware object at 0x115178da0>
  File "/Users/sunquanhu/Library/Caches/pypoetry/virtualenvs/personal-workspace-app-wk1FpBNh-py3.12/lib/python3.12/site-packages/uvicorn/middleware/proxy_headers.py", line 63, in __call__
    return await self.app(scope, receive, send)
                 │    │   │      │        └ <bound method RequestResponseCycle.send of <uvicorn.protocols.http.httptools_impl.RequestResponseCycle object at 0x11567b3e0>>
                 │    │   │      └ <bound method RequestResponseCycle.receive of <uvicorn.protocols.http.httptools_impl.RequestResponseCycle object at 0x11567b3...
                 │    │   └ {'type': 'http', 'asgi': {'version': '3.0', 'spec_version': '2.3'}, 'http_version': '1.1', 'server': ('127.0.0.1', 8000), 'cl...
                 │    └ <fastapi.applications.FastAPI object at 0x115178620>
                 └ <uvicorn.middleware.proxy_headers.ProxyHeadersMiddleware object at 0x115178da0>
  File "/Users/sunquanhu/Library/Caches/pypoetry/virtualenvs/personal-workspace-app-wk1FpBNh-py3.12/lib/python3.12/site-packages/fastapi/applications.py", line 1163, in __call__
    await super().__call__(scope, receive, send)
                           │      │        └ <bound method RequestResponseCycle.send of <uvicorn.protocols.http.httptools_impl.RequestResponseCycle object at 0x11567b3e0>>
                           │      └ <bound method RequestResponseCycle.receive of <uvicorn.protocols.http.httptools_impl.RequestResponseCycle object at 0x11567b3...
                           └ {'type': 'http', 'asgi': {'version': '3.0', 'spec_version': '2.3'}, 'http_version': '1.1', 'server': ('127.0.0.1', 8000), 'cl...
  File "/Users/sunquanhu/Library/Caches/pypoetry/virtualenvs/personal-workspace-app-wk1FpBNh-py3.12/lib/python3.12/site-packages/starlette/applications.py", line 96, in __call__
    await self.middleware_stack(scope, receive, send)
          │    │                │      │        └ <bound method RequestResponseCycle.send of <uvicorn.protocols.http.httptools_impl.RequestResponseCycle object at 0x11567b3e0>>
          │    │                │      └ <bound method RequestResponseCycle.receive of <uvicorn.protocols.http.httptools_impl.RequestResponseCycle object at 0x11567b3...
          │    │                └ {'type': 'http', 'asgi': {'version': '3.0', 'spec_version': '2.3'}, 'http_version': '1.1', 'server': ('127.0.0.1', 8000), 'cl...
          │    └ <starlette.middleware.errors.ServerErrorMiddleware object at 0x11564f6b0>
          └ <fastapi.applications.FastAPI object at 0x115178620>
> File "/Users/sunquanhu/Library/Caches/pypoetry/virtualenvs/personal-workspace-app-wk1FpBNh-py3.12/lib/python3.12/site-packages/starlette/middleware/errors.py", line 164, in __call__
    await self.app(scope, receive, _send)
          │    │   │      │        └ <function ServerErrorMiddleware.__call__.<locals>._send at 0x11565f420>
          │    │   │      └ <bound method RequestResponseCycle.receive of <uvicorn.protocols.http.httptools_impl.RequestResponseCycle object at 0x11567b3...
          │    │   └ {'type': 'http', 'asgi': {'version': '3.0', 'spec_version': '2.3'}, 'http_version': '1.1', 'server': ('127.0.0.1', 8000), 'cl...
          │    └ <personal_workspace_app.core.trace_middleware.TraceAndLogMiddleware object at 0x1155a4140>
          └ <starlette.middleware.errors.ServerErrorMiddleware object at 0x11564f6b0>
  File "/Users/sunquanhu/Library/Caches/pypoetry/virtualenvs/personal-workspace-app-wk1FpBNh-py3.12/lib/python3.12/site-packages/starlette/middleware/base.py", line 198, in __call__
    raise app_exc
          └ ValueError('Invalid template: {\'\\n     # Role & Identity\\n    你是一名专业、严谨且富有亲和力的全能 AI 智能助手。你的目标是为用户提供准确、清晰且视觉体验良好的解答。\\n    ...
  File "/Users/sunquanhu/Library/Caches/pypoetry/virtualenvs/personal-workspace-app-wk1FpBNh-py3.12/lib/python3.12/site-packages/starlette/middleware/base.py", line 144, in coro
    await self.app(scope, receive_or_disconnect, send_no_error)
          │    │   │      │                      └ <function BaseHTTPMiddleware.__call__.<locals>.call_next.<locals>.send_no_error at 0x1157142c0>
          │    │   │      └ <function BaseHTTPMiddleware.__call__.<locals>.call_next.<locals>.receive_or_disconnect at 0x1156fbf60>
          │    │   └ {'type': 'http', 'asgi': {'version': '3.0', 'spec_version': '2.3'}, 'http_version': '1.1', 'server': ('127.0.0.1', 8000), 'cl...
          │    └ <starlette.middleware.exceptions.ExceptionMiddleware object at 0x11564f4d0>
          └ <personal_workspace_app.core.trace_middleware.TraceAndLogMiddleware object at 0x1155a4140>
  File "/Users/sunquanhu/Library/Caches/pypoetry/virtualenvs/personal-workspace-app-wk1FpBNh-py3.12/lib/python3.12/site-packages/starlette/middleware/exceptions.py", line 63, in __call__
    await wrap_app_handling_exceptions(self.app, conn)(scope, receive, send)
          │                            │    │    │     │      │        └ <function BaseHTTPMiddleware.__call__.<locals>.call_next.<locals>.send_no_error at 0x1157142c0>
          │                            │    │    │     │      └ <function BaseHTTPMiddleware.__call__.<locals>.call_next.<locals>.receive_or_disconnect at 0x1156fbf60>
          │                            │    │    │     └ {'type': 'http', 'asgi': {'version': '3.0', 'spec_version': '2.3'}, 'http_version': '1.1', 'server': ('127.0.0.1', 8000), 'cl...
          │                            │    │    └ <starlette.requests.Request object at 0x115560b30>
          │                            │    └ <fastapi.middleware.asyncexitstack.AsyncExitStackMiddleware object at 0x11564f410>
          │                            └ <starlette.middleware.exceptions.ExceptionMiddleware object at 0x11564f4d0>
          └ <function wrap_app_handling_exceptions at 0x1107d76a0>
  File "/Users/sunquanhu/Library/Caches/pypoetry/virtualenvs/personal-workspace-app-wk1FpBNh-py3.12/lib/python3.12/site-packages/starlette/_exception_handler.py", line 53, in wrapped_app
    raise exc
  File "/Users/sunquanhu/Library/Caches/pypoetry/virtualenvs/personal-workspace-app-wk1FpBNh-py3.12/lib/python3.12/site-packages/starlette/_exception_handler.py", line 42, in wrapped_app
    await app(scope, receive, sender)
          │   │      │        └ <function wrap_app_handling_exceptions.<locals>.wrapped_app.<locals>.sender at 0x115714a40>
          │   │      └ <function BaseHTTPMiddleware.__call__.<locals>.call_next.<locals>.receive_or_disconnect at 0x1156fbf60>
          │   └ {'type': 'http', 'asgi': {'version': '3.0', 'spec_version': '2.3'}, 'http_version': '1.1', 'server': ('127.0.0.1', 8000), 'cl...
          └ <fastapi.middleware.asyncexitstack.AsyncExitStackMiddleware object at 0x11564f410>
  File "/Users/sunquanhu/Library/Caches/pypoetry/virtualenvs/personal-workspace-app-wk1FpBNh-py3.12/lib/python3.12/site-packages/fastapi/middleware/asyncexitstack.py", line 18, in __call__
    await self.app(scope, receive, send)
          │    │   │      │        └ <function wrap_app_handling_exceptions.<locals>.wrapped_app.<locals>.sender at 0x115714a40>
          │    │   │      └ <function BaseHTTPMiddleware.__call__.<locals>.call_next.<locals>.receive_or_disconnect at 0x1156fbf60>
          │    │   └ {'type': 'http', 'asgi': {'version': '3.0', 'spec_version': '2.3'}, 'http_version': '1.1', 'server': ('127.0.0.1', 8000), 'cl...
          │    └ <fastapi.routing.APIRouter object at 0x1151788f0>
          └ <fastapi.middleware.asyncexitstack.AsyncExitStackMiddleware object at 0x11564f410>
  File "/Users/sunquanhu/Library/Caches/pypoetry/virtualenvs/personal-workspace-app-wk1FpBNh-py3.12/lib/python3.12/site-packages/starlette/routing.py", line 670, in __call__
    await self.middleware_stack(scope, receive, send)
          │    │                │      │        └ <function wrap_app_handling_exceptions.<locals>.wrapped_app.<locals>.sender at 0x115714a40>
          │    │                │      └ <function BaseHTTPMiddleware.__call__.<locals>.call_next.<locals>.receive_or_disconnect at 0x1156fbf60>
          │    │                └ {'type': 'http', 'asgi': {'version': '3.0', 'spec_version': '2.3'}, 'http_version': '1.1', 'server': ('127.0.0.1', 8000), 'cl...
          │    └ <bound method APIRouter.app of <fastapi.routing.APIRouter object at 0x1151788f0>>
          └ <fastapi.routing.APIRouter object at 0x1151788f0>
  File "/Users/sunquanhu/Library/Caches/pypoetry/virtualenvs/personal-workspace-app-wk1FpBNh-py3.12/lib/python3.12/site-packages/fastapi/routing.py", line 2734, in app
    await route.handle(scope, receive, send)
          │     │      │      │        └ <function wrap_app_handling_exceptions.<locals>.wrapped_app.<locals>.sender at 0x115714a40>
          │     │      │      └ <function BaseHTTPMiddleware.__call__.<locals>.call_next.<locals>.receive_or_disconnect at 0x1156fbf60>
          │     │      └ {'type': 'http', 'asgi': {'version': '3.0', 'spec_version': '2.3'}, 'http_version': '1.1', 'server': ('127.0.0.1', 8000), 'cl...
          │     └ <function _IncludedRouter.handle at 0x11086c220>
          └ _IncludedRouter(original_router=<fastapi.routing.APIRouter object at 0x1121bc800>, include_context=_RouterIncludeContext(incl...
  File "/Users/sunquanhu/Library/Caches/pypoetry/virtualenvs/personal-workspace-app-wk1FpBNh-py3.12/lib/python3.12/site-packages/fastapi/routing.py", line 1780, in handle
    await self.original_router.handle(scope, receive, send)
          │    │               │      │      │        └ <function wrap_app_handling_exceptions.<locals>.wrapped_app.<locals>.sender at 0x115714a40>
          │    │               │      │      └ <function BaseHTTPMiddleware.__call__.<locals>.call_next.<locals>.receive_or_disconnect at 0x1156fbf60>
          │    │               │      └ {'type': 'http', 'asgi': {'version': '3.0', 'spec_version': '2.3'}, 'http_version': '1.1', 'server': ('127.0.0.1', 8000), 'cl...
          │    │               └ <function APIRouter.handle at 0x11086e700>
          │    └ <fastapi.routing.APIRouter object at 0x1121bc800>
          └ _IncludedRouter(original_router=<fastapi.routing.APIRouter object at 0x1121bc800>, include_context=_RouterIncludeContext(incl...
  File "/Users/sunquanhu/Library/Caches/pypoetry/virtualenvs/personal-workspace-app-wk1FpBNh-py3.12/lib/python3.12/site-packages/fastapi/routing.py", line 2789, in handle
    await included_router._handle_selected(scope, receive, send)
          │               │                │      │        └ <function wrap_app_handling_exceptions.<locals>.wrapped_app.<locals>.sender at 0x115714a40>
          │               │                │      └ <function BaseHTTPMiddleware.__call__.<locals>.call_next.<locals>.receive_or_disconnect at 0x1156fbf60>
          │               │                └ {'type': 'http', 'asgi': {'version': '3.0', 'spec_version': '2.3'}, 'http_version': '1.1', 'server': ('127.0.0.1', 8000), 'cl...
          │               └ <function _IncludedRouter._handle_selected at 0x11086c2c0>
          └ _IncludedRouter(original_router=<fastapi.routing.APIRouter object at 0x1121bc800>, include_context=_RouterIncludeContext(incl...
  File "/Users/sunquanhu/Library/Caches/pypoetry/virtualenvs/personal-workspace-app-wk1FpBNh-py3.12/lib/python3.12/site-packages/fastapi/routing.py", line 1800, in _handle_selected
    await original_route.handle(scope, receive, send)
          │              │      │      │        └ <function wrap_app_handling_exceptions.<locals>.wrapped_app.<locals>.sender at 0x115714a40>
          │              │      │      └ <function BaseHTTPMiddleware.__call__.<locals>.call_next.<locals>.receive_or_disconnect at 0x1156fbf60>
          │              │      └ {'type': 'http', 'asgi': {'version': '3.0', 'spec_version': '2.3'}, 'http_version': '1.1', 'server': ('127.0.0.1', 8000), 'cl...
          │              └ <function APIRoute.handle at 0x110841260>
          └ APIRoute(path='/chat/streamChat', name='chatStreamEndpoint', methods=['POST'])
  File "/Users/sunquanhu/Library/Caches/pypoetry/virtualenvs/personal-workspace-app-wk1FpBNh-py3.12/lib/python3.12/site-packages/fastapi/routing.py", line 1279, in handle
    await app(scope, receive, send)
          │   │      │        └ <function wrap_app_handling_exceptions.<locals>.wrapped_app.<locals>.sender at 0x115714a40>
          │   │      └ <function BaseHTTPMiddleware.__call__.<locals>.call_next.<locals>.receive_or_disconnect at 0x1156fbf60>
          │   └ {'type': 'http', 'asgi': {'version': '3.0', 'spec_version': '2.3'}, 'http_version': '1.1', 'server': ('127.0.0.1', 8000), 'cl...
          └ <function request_response.<locals>.app at 0x115715080>
  File "/Users/sunquanhu/Library/Caches/pypoetry/virtualenvs/personal-workspace-app-wk1FpBNh-py3.12/lib/python3.12/site-packages/fastapi/routing.py", line 158, in app
    await wrap_app_handling_exceptions(app, request)(scope, receive, send)
          │                            │    │        │      │        └ <function wrap_app_handling_exceptions.<locals>.wrapped_app.<locals>.sender at 0x115714a40>
          │                            │    │        │      └ <function BaseHTTPMiddleware.__call__.<locals>.call_next.<locals>.receive_or_disconnect at 0x1156fbf60>
          │                            │    │        └ {'type': 'http', 'asgi': {'version': '3.0', 'spec_version': '2.3'}, 'http_version': '1.1', 'server': ('127.0.0.1', 8000), 'cl...
          │                            │    └ <starlette.requests.Request object at 0x11570b4d0>
          │                            └ <function request_response.<locals>.app.<locals>.app at 0x115715120>
          └ <function wrap_app_handling_exceptions at 0x1107d76a0>
  File "/Users/sunquanhu/Library/Caches/pypoetry/virtualenvs/personal-workspace-app-wk1FpBNh-py3.12/lib/python3.12/site-packages/starlette/_exception_handler.py", line 53, in wrapped_app
    raise exc
  File "/Users/sunquanhu/Library/Caches/pypoetry/virtualenvs/personal-workspace-app-wk1FpBNh-py3.12/lib/python3.12/site-packages/starlette/_exception_handler.py", line 42, in wrapped_app
    await app(scope, receive, sender)
          │   │      │        └ <function wrap_app_handling_exceptions.<locals>.wrapped_app.<locals>.sender at 0x115715260>
          │   │      └ <function BaseHTTPMiddleware.__call__.<locals>.call_next.<locals>.receive_or_disconnect at 0x1156fbf60>
          │   └ {'type': 'http', 'asgi': {'version': '3.0', 'spec_version': '2.3'}, 'http_version': '1.1', 'server': ('127.0.0.1', 8000), 'cl...
          └ <function request_response.<locals>.app.<locals>.app at 0x115715120>
  File "/Users/sunquanhu/Library/Caches/pypoetry/virtualenvs/personal-workspace-app-wk1FpBNh-py3.12/lib/python3.12/site-packages/fastapi/routing.py", line 145, in app
    await response(scope, receive, send)
          │        │      │        └ <function wrap_app_handling_exceptions.<locals>.wrapped_app.<locals>.sender at 0x115715260>
          │        │      └ <function BaseHTTPMiddleware.__call__.<locals>.call_next.<locals>.receive_or_disconnect at 0x1156fbf60>
          │        └ {'type': 'http', 'asgi': {'version': '3.0', 'spec_version': '2.3'}, 'http_version': '1.1', 'server': ('127.0.0.1', 8000), 'cl...
          └ <starlette.responses.StreamingResponse object at 0x11573f3e0>
  File "/Users/sunquanhu/Library/Caches/pypoetry/virtualenvs/personal-workspace-app-wk1FpBNh-py3.12/lib/python3.12/site-packages/starlette/responses.py", line 273, in __call__
    async with create_collapsing_task_group() as task_group:
               │                                 └ <anyio._backends._asyncio.TaskGroup object at 0x11573e750>
               └ <function create_collapsing_task_group at 0x110713240>
  File "/Users/sunquanhu/.pyenv/versions/3.12.2/lib/python3.12/contextlib.py", line 231, in __aexit__
    await self.gen.athrow(value)
          │    │   │      └ CancelledError('Cancelled via cancel scope 115716cb0')
          │    │   └ <method 'athrow' of 'async_generator' objects>
          │    └ <async_generator object create_collapsing_task_group at 0x115664f40>
          └ <contextlib._AsyncGeneratorContextManager object at 0x11573ea80>
  File "/Users/sunquanhu/Library/Caches/pypoetry/virtualenvs/personal-workspace-app-wk1FpBNh-py3.12/lib/python3.12/site-packages/starlette/_utils.py", line 93, in create_collapsing_task_group
    raise exc from exc.__cause__ or context
          │        │   │            └ None
          │        │   └ <attribute '__cause__' of 'BaseException' objects>
          │        └ ValueError('Invalid template: {\'\\n     # Role & Identity\\n    你是一名专业、严谨且富有亲和力的全能 AI 智能助手。你的目标是为用户提供准确、清晰且视觉体验良好的解答。\\n    ...
          └ ValueError('Invalid template: {\'\\n     # Role & Identity\\n    你是一名专业、严谨且富有亲和力的全能 AI 智能助手。你的目标是为用户提供准确、清晰且视觉体验良好的解答。\\n    ...
  File "/Users/sunquanhu/Library/Caches/pypoetry/virtualenvs/personal-workspace-app-wk1FpBNh-py3.12/lib/python3.12/site-packages/anyio/_core/_tasks.py", line 275, in _run_coro
    retval = await self._coro
  File "/Users/sunquanhu/Library/Caches/pypoetry/virtualenvs/personal-workspace-app-wk1FpBNh-py3.12/lib/python3.12/site-packages/starlette/responses.py", line 276, in wrap
    await func()
          └ functools.partial(<bound method StreamingResponse.stream_response of <starlette.responses.StreamingResponse object at 0x11573...
  File "/Users/sunquanhu/Library/Caches/pypoetry/virtualenvs/personal-workspace-app-wk1FpBNh-py3.12/lib/python3.12/site-packages/starlette/responses.py", line 250, in stream_response
    async for chunk in self.body_iterator:
                       │    └ <async_generator object chat_stream at 0x1156d4630>
                       └ <starlette.responses.StreamingResponse object at 0x11573f3e0>

  File "/Users/sunquanhu/Projects/study/ai/personal-workspace/personal-workspace-app/src/personal_workspace_app/services/ChatStreamService.py", line 108, in chat_stream
    prompt = ChatPromptTemplate.from_messages(
             │                  └ <classmethod(<function ChatPromptTemplate.from_messages at 0x1136d9e40>)>
             └ <class 'langchain_core.prompts.chat.ChatPromptTemplate'>

  File "/Users/sunquanhu/Library/Caches/pypoetry/virtualenvs/personal-workspace-app-wk1FpBNh-py3.12/lib/python3.12/site-packages/langchain_core/prompts/chat.py", line 1172, in from_messages
    return cls(messages, template_format=template_format)
           │   │                         └ 'f-string'
           │   └ [('system', {'\n     # Role & Identity\n    你是一名专业、严谨且富有亲和力的全能 AI 智能助手。你的目标是为用户提供准确、清晰且视觉体验良好的解答。\n    # Output Format Specif...
           └ <class 'langchain_core.prompts.chat.ChatPromptTemplate'>
  File "/Users/sunquanhu/Library/Caches/pypoetry/virtualenvs/personal-workspace-app-wk1FpBNh-py3.12/lib/python3.12/site-packages/langchain_core/prompts/chat.py", line 977, in __init__
    _convert_to_message_template(message, template_format)
    │                                     └ 'f-string'
    └ <function _convert_to_message_template at 0x1136d9da0>
  File "/Users/sunquanhu/Library/Caches/pypoetry/virtualenvs/personal-workspace-app-wk1FpBNh-py3.12/lib/python3.12/site-packages/langchain_core/prompts/chat.py", line 1470, in _convert_to_message_template
    message_ = _create_template_from_message_type(
               └ <function _create_template_from_message_type at 0x1121c16c0>
  File "/Users/sunquanhu/Library/Caches/pypoetry/virtualenvs/personal-workspace-app-wk1FpBNh-py3.12/lib/python3.12/site-packages/langchain_core/prompts/chat.py", line 1368, in _create_template_from_message_type
    message = SystemMessagePromptTemplate.from_template(
              │                           └ <classmethod(<function _StringImageMessagePromptTemplate.from_template at 0x1136d8720>)>
              └ <class 'langchain_core.prompts.chat.SystemMessagePromptTemplate'>
  File "/Users/sunquanhu/Library/Caches/pypoetry/virtualenvs/personal-workspace-app-wk1FpBNh-py3.12/lib/python3.12/site-packages/langchain_core/prompts/chat.py", line 534, in from_template
    raise ValueError(msg)
                     └ 'Invalid template: {\'\\n     # Role & Identity\\n    你是一名专业、严谨且富有亲和力的全能 AI 智能助手。你的目标是为用户提供准确、清晰且视觉体验良好的解答。\\n    # Output Fo...

ValueError: Invalid template: {'\n     # Role & Identity\n    你是一名专业、严谨且富有亲和力的全能 AI 智能助手。你的目标是为用户提供准确、清晰且视觉体验良好的解答。\n    # Output Format Specifications\n    你的回答需要兼顾“自然语言阅读”与“结构化 UI 展示”。请严格遵守以下渲染与输出协议：\n    ## 1. 基础文本与 Markdown 规范\n      - 对于常规的解答、分析、逻辑推导与代码展示，必须直接使用标准的 Markdown 语法。\n      - 内容应结构清晰，分段合理，适度使用加粗与列表提升可读性。\n    ## 2. 服务端驱动 UI（SDUI）卡片协议\n        当回答中包含特定类型的数据时，**禁止使用纯文本堆砌**，必须使用以下指定的特殊代码块格式输出 JSON 卡片。前端系统将自动拦截这些代码块并渲染为高阶 UI 组件：\n            ### (1) 核心指标卡片 (`json:widget/metric`)\n                - **触发场景**：展示气象数据、统计数值、KPI 指标、单值对比等突出数值信息时。\n                - **输出格式**：\n                    ```json:widget/metric\n                        {\n                          "title": "指标名称",\n                          "main_value": "核心数值 (例如: 26°C 或 $1,280)",\n                          "sub_value": "辅助说明或状态 (例如: 多云转晴 | 湿度 65%)",\n                         "trend": "up" // 可选: "up" | "down" | "neutral"\n                        }\n                   ```\n\n           ### (2) 属性网格卡片 (`json:widget/kv_grid`)\n                - **触发场景**：展示实体档案、参数配置、日程属性、多项键值对数据时。\n                - **输出格式**：\n                    ```json:widget/kv_grid\n                        {\n                            "title": "卡片标题",\n                             "badge": "标签 (可选，例如: 已核实)",\n                             "items": [\n                                { "label": "属性名称 1", "value": "属性值 1" },\n                                { "label": "属性名称 2", "value": "属性值 2" }\n                              ]\n                        }\n                    ```\n\n            ### (3) 表格数据卡片 (`json:widget/table`)\n            - **触发场景**：展示多行多列的列表数据（如对比表、清单、排行榜）时。\n            - **输出格式**：\n            ```json:widget/table\n            {\n              "title": "表格标题",\n              "columns": ["列头 1", "列头 2", "列头 3"],\n              "rows": [\n                ["数据 1-1", "数据 1-2", "数据 1-3"],\n                ["数据 2-1", "数据 2-2", "数据 2-3"]\n              ]\n            }\n            ```\n\n# Constraints & Safety Guidelines\n1. **JSON 格式严格性**：所有 `json:widget/*` 代码块内的 JSON 数据必须符合严格的 JSON 规范，不得添加任何尾随逗号（Trailing commas），不得包含解析不出的特殊控制字符。\n2. **标签规范**：代码块开头的语言标记（如 `json:widget/metric`）必须严格按原样输出，不要修改拼写，不要附加额外的反引号或包裹。\n3. **真实性原则**：如果在结构化卡片中引用了数据，确保数据来源客观可靠；未知的数据字段应留空或标注“暂无”，严禁捏造伪造数据。\n\n# Few-Shot Examples\n\n<example>\n[User]: 帮我查一下杭州今天的天气和简要基本信息。\n\n[Assistant]:\n好的，已为您查到杭州今日最新的气象与城市概览：\n\n```json:widget/metric\n{\n  "title": "杭州当前气温",\n  "main_value": "26°C",\n  "sub_value": "多云转晴 | 东南风 3 级",\n  "trend": "neutral"\n}\n```\n\n以下是城市的基础档案资料：\n\n```json:widget/kv_grid\n{\n  "title": "杭州城市档案",\n  "badge": "官方数据",\n  "items": [\n    { "label": "行政区划", "value": "浙江省省会 / 副省级市" },\n    { "label": "气候类型", "value": "亚热带季风气候" },\n    { "label": "著名景点", "value": "西湖、良渚古城遗址、千岛湖" }\n  ]\n}\n```\n\n如果您还需要了解具体景点的门票或路线规划，请随时告诉我！\n</example>\n    '}
2026-09-09 09:51:46.580 | ERROR    | [e86ce17010874a8487d265b3e7148d2f] | logging:callHandlers:1762 - 【系统未知异常】Path: /api/v1/chat/streamChat | Error: Invalid template: {'\n     # Role & Identity\n    你是一名专业、严谨且富有亲和力的全能 AI 智能助手。你的目标是为用户提供准确、清晰且视觉体验良好的解答。\n    # Output Format Specifications\n    你的回答需要兼顾“自然语言阅读”与“结构化 UI 展示”。请严格遵守以下渲染与输出协议：\n    ## 1. 基础文本与 Markdown 规范\n      - 对于常规的解答、分析、逻辑推导与代码展示，必须直接使用标准的 Markdown 语法。\n      - 内容应结构清晰，分段合理，适度使用加粗与列表提升可读性。\n    ## 2. 服务端驱动 UI（SDUI）卡片协议\n        当回答中包含特定类型的数据时，**禁止使用纯文本堆砌**，必须使用以下指定的特殊代码块格式输出 JSON 卡片。前端系统将自动拦截这些代码块并渲染为高阶 UI 组件：\n            ### (1) 核心指标卡片 (`json:widget/metric`)\n                - **触发场景**：展示气象数据、统计数值、KPI 指标、单值对比等突出数值信息时。\n                - **输出格式**：\n                    ```json:widget/metric\n                        {{\n                          "title": "指标名称",\n                          "main_value": "核心数值 (例如: 26°C 或 $1,280)",\n                          "sub_value": "辅助说明或状态 (例如: 多云转晴 | 湿度 65%)",\n                         "trend": "up" // 可选: "up" | "down" | "neutral"\n                        }}\n                   ```\n\n           ### (2) 属性网格卡片 (`json:widget/kv_grid`)\n                - **触发场景**：展示实体档案、参数配置、日程属性、多项键值对数据时。\n                - **输出格式**：\n                    ```json:widget/kv_grid\n                        {{\n                            "title": "卡片标题",\n                             "badge": "标签 (可选，例如: 已核实)",\n                             "items": [\n                                { "label": "属性名称 1", "value": "属性值 1" },\n                                { "label": "属性名称 2", "value": "属性值 2" }\n                              ]\n                        }}\n                    ```\n\n            ### (3) 表格数据卡片 (`json:widget/table`)\n            - **触发场景**：展示多行多列的列表数据（如对比表、清单、排行榜）时。\n            - **输出格式**：\n            ```json:widget/table\n            {{\n              "title": "表格标题",\n              "columns": ["列头 1", "列头 2", "列头 3"],\n              "rows": [\n                ["数据 1-1", "数据 1-2", "数据 1-3"],\n                ["数据 2-1", "数据 2-2", "数据 2-3"]\n              ]\n            }}\n            ```\n\n# Constraints & Safety Guidelines\n1. **JSON 格式严格性**：所有 `json:widget/*` 代码块内的 JSON 数据必须符合严格的 JSON 规范，不得添加任何尾随逗号（Trailing commas），不得包含解析不出的特殊控制字符。\n2. **标签规范**：代码块开头的语言标记（如 `json:widget/metric`）必须严格按原样输出，不要修改拼写，不要附加额外的反引号或包裹。\n3. **真实性原则**：如果在结构化卡片中引用了数据，确保数据来源客观可靠；未知的数据字段应留空或标注“暂无”，严禁捏造伪造数据。\n\n# Few-Shot Examples\n\n<example>\n[User]: 帮我查一下杭州今天的天气和简要基本信息。\n\n[Assistant]:\n好的，已为您查到杭州今日最新的气象与城市概览：\n\n```json:widget/metric\n{{\n  "title": "杭州当前气温",\n  "main_value": "26°C",\n  "sub_value": "多云转晴 | 东南风 3 级",\n  "trend": "neutral"\n}}\n```\n\n以下是城市的基础档案资料：\n\n```json:widget/kv_grid\n{{\n  "title": "杭州城市档案",\n  "badge": "官方数据",\n  "items": [\n    { "label": "行政区划", "value": "浙江省省会 / 副省级市" },\n    { "label": "气候类型", "value": "亚热带季风气候" },\n    { "label": "著名景点", "value": "西湖、良渚古城遗址、千岛湖" }\n  ]\n}}\n```\n\n如果您还需要了解具体景点的门票或路线规划，请随时告诉我！\n</example>\n    '}
Traceback (most recent call last):

  File "/Users/sunquanhu/.pyenv/versions/3.12.2/lib/python3.12/runpy.py", line 198, in _run_module_as_main
    return _run_code(code, main_globals, None,
           │         │     └ {'__name__': '__main__', '__doc__': None, '__package__': '', '__loader__': <_frozen_importlib_external.SourceFileLoader objec...
           │         └ <code object <module> at 0x104fa9c50, file "/private/var/folders/7v/223c2ym14gb3wzg9l33myc380000gn/T/debugpy69653884798475276...
           └ <function _run_code at 0x104fcdf80>
  File "/Users/sunquanhu/.pyenv/versions/3.12.2/lib/python3.12/runpy.py", line 88, in _run_code
    exec(code, run_globals)
         │     └ {'__name__': '__main__', '__doc__': None, '__package__': '', '__loader__': <_frozen_importlib_external.SourceFileLoader objec...
         └ <code object <module> at 0x104fa9c50, file "/private/var/folders/7v/223c2ym14gb3wzg9l33myc380000gn/T/debugpy69653884798475276...

  File "/private/var/folders/7v/223c2ym14gb3wzg9l33myc380000gn/T/debugpy6965388479847527625/debugpy/adapter/../../debugpy/launcher/../../debugpy/__main__.py", line 71, in <module>
    cli.main()
    │   └ <function main at 0x106b83ba0>
    └ <module 'debugpy.server.cli' from '/private/var/folders/7v/223c2ym14gb3wzg9l33myc380000gn/T/debugpy6965388479847527625/debugp...

  File "/private/var/folders/7v/223c2ym14gb3wzg9l33myc380000gn/T/debugpy6965388479847527625/debugpy/adapter/../../debugpy/launcher/../../debugpy/../debugpy/server/cli.py", line 542, in main
    run()
    └ <function run_file at 0x106b83920>

  File "/private/var/folders/7v/223c2ym14gb3wzg9l33myc380000gn/T/debugpy6965388479847527625/debugpy/adapter/../../debugpy/launcher/../../debugpy/../debugpy/server/cli.py", line 361, in run_file
    runpy.run_path(target, run_name="__main__")
    │     │        └ '/Users/sunquanhu/Projects/study/ai/personal-workspace/personal-workspace-app/src/personal_workspace_app/__main__.py'
    │     └ <function run_path at 0x106157ec0>
    └ <module '_pydevd_bundle.pydevd_runpy' from '/private/var/folders/7v/223c2ym14gb3wzg9l33myc380000gn/T/debugpy69653884798475276...

  File "/private/var/folders/7v/223c2ym14gb3wzg9l33myc380000gn/T/debugpy6965388479847527625/debugpy/_vendored/pydevd/_pydevd_bundle/pydevd_runpy.py", line 310, in run_path
    return _run_module_code(code, init_globals, run_name, pkg_name=pkg_name, script_name=fname)
           │                │     │             │                  │                     └ '/Users/sunquanhu/Projects/study/ai/personal-workspace/personal-workspace-app/src/personal_workspace_app/__main__.py'
           │                │     │             │                  └ ''
           │                │     │             └ '__main__'
           │                │     └ None
           │                └ <code object <module> at 0x106bf0630, file "/Users/sunquanhu/Projects/study/ai/personal-workspace/personal-workspace-app/src/...
           └ <function _run_module_code at 0x106157b00>

  File "/private/var/folders/7v/223c2ym14gb3wzg9l33myc380000gn/T/debugpy6965388479847527625/debugpy/_vendored/pydevd/_pydevd_bundle/pydevd_runpy.py", line 127, in _run_module_code
    _run_code(code, mod_globals, init_globals, mod_name, mod_spec, pkg_name, script_name)
    │         │     │            │             │         │         │         └ '/Users/sunquanhu/Projects/study/ai/personal-workspace/personal-workspace-app/src/personal_workspace_app/__main__.py'
    │         │     │            │             │         │         └ ''
    │         │     │            │             │         └ None
    │         │     │            │             └ '__main__'
    │         │     │            └ None
    │         │     └ {'__name__': '__main__', '__doc__': None, '__package__': '', '__loader__': None, '__spec__': None, '__file__': '/Users/sunqua...
    │         └ <code object <module> at 0x106bf0630, file "/Users/sunquanhu/Projects/study/ai/personal-workspace/personal-workspace-app/src/...
    └ <function _run_code at 0x1061576a0>

  File "/private/var/folders/7v/223c2ym14gb3wzg9l33myc380000gn/T/debugpy6965388479847527625/debugpy/_vendored/pydevd/_pydevd_bundle/pydevd_runpy.py", line 118, in _run_code
    exec(code, run_globals)
         │     └ {'__name__': '__main__', '__doc__': None, '__package__': '', '__loader__': None, '__spec__': None, '__file__': '/Users/sunqua...
         └ <code object <module> at 0x106bf0630, file "/Users/sunquanhu/Projects/study/ai/personal-workspace/personal-workspace-app/src/...

  File "/Users/sunquanhu/Projects/study/ai/personal-workspace/personal-workspace-app/src/personal_workspace_app/__main__.py", line 33, in <module>
    uvicorn.run(app, host="0.0.0.0", port=8000, reload=False, loop="asyncio")
    │       │   └ <fastapi.applications.FastAPI object at 0x10b245550>
    │       └ <function run at 0x106e118a0>
    └ <module 'uvicorn' from '/Users/sunquanhu/Library/Caches/pypoetry/virtualenvs/personal-workspace-app-wk1FpBNh-py3.12/lib/pytho...

  File "/Users/sunquanhu/Library/Caches/pypoetry/virtualenvs/personal-workspace-app-wk1FpBNh-py3.12/lib/python3.12/site-packages/uvicorn/main.py", line 621, in run
    server.run()
    │      └ <function Server.run at 0x106edd260>
    └ <uvicorn.server.Server object at 0x106e02000>
  File "/Users/sunquanhu/Library/Caches/pypoetry/virtualenvs/personal-workspace-app-wk1FpBNh-py3.12/lib/python3.12/site-packages/uvicorn/server.py", line 77, in run
    return asyncio_run(self.serve(sockets=sockets), loop_factory=self.config.get_loop_factory())
           │           │    │             │                      │    │      └ <function Config.get_loop_factory at 0x106e11440>
           │           │    │             │                      │    └ <uvicorn.config.Config object at 0x10b245d30>
           │           │    │             │                      └ <uvicorn.server.Server object at 0x106e02000>
           │           │    │             └ None
           │           │    └ <function Server.serve at 0x106edd300>
           │           └ <uvicorn.server.Server object at 0x106e02000>
           └ <function run at 0x106cda7a0>
  File "/Users/sunquanhu/.pyenv/versions/3.12.2/lib/python3.12/asyncio/runners.py", line 194, in run
    return runner.run(main)
           │      │   └ <coroutine object Server.serve at 0x10b22e5e0>
           │      └ <function Runner.run at 0x106d3ac00>
           └ <asyncio.runners.Runner object at 0x10b245ee0>
  File "/Users/sunquanhu/.pyenv/versions/3.12.2/lib/python3.12/asyncio/runners.py", line 118, in run
    return self._loop.run_until_complete(task)
           │    │     │                  └ <Task pending name='Task-1' coro=<Server.serve() running at /Users/sunquanhu/Library/Caches/pypoetry/virtualenvs/personal-wor...
           │    │     └ <function BaseEventLoop.run_until_complete at 0x106d38860>
           │    └ <_UnixSelectorEventLoop running=True closed=False debug=False>
           └ <asyncio.runners.Runner object at 0x10b245ee0>
  File "/Users/sunquanhu/.pyenv/versions/3.12.2/lib/python3.12/asyncio/base_events.py", line 672, in run_until_complete
    self.run_forever()
    │    └ <function BaseEventLoop.run_forever at 0x106d387c0>
    └ <_UnixSelectorEventLoop running=True closed=False debug=False>
  File "/Users/sunquanhu/.pyenv/versions/3.12.2/lib/python3.12/asyncio/base_events.py", line 639, in run_forever
    self._run_once()
    │    └ <function BaseEventLoop._run_once at 0x106d3a5c0>
    └ <_UnixSelectorEventLoop running=True closed=False debug=False>
  File "/Users/sunquanhu/.pyenv/versions/3.12.2/lib/python3.12/asyncio/base_events.py", line 1985, in _run_once
    handle._run()
    │      └ <function Handle._run at 0x106cc6980>
    └ <Handle Task.task_wakeup(<Future finished result=None>)>
  File "/Users/sunquanhu/.pyenv/versions/3.12.2/lib/python3.12/asyncio/events.py", line 88, in _run
    self._context.run(self._callback, *self._args)
    │    │            │    │           │    └ <member '_args' of 'Handle' objects>
    │    │            │    │           └ <Handle Task.task_wakeup(<Future finished result=None>)>
    │    │            │    └ <member '_callback' of 'Handle' objects>
    │    │            └ <Handle Task.task_wakeup(<Future finished result=None>)>
    │    └ <member '_context' of 'Handle' objects>
    └ <Handle Task.task_wakeup(<Future finished result=None>)>
  File "/Users/sunquanhu/Library/Caches/pypoetry/virtualenvs/personal-workspace-app-wk1FpBNh-py3.12/lib/python3.12/site-packages/uvicorn/protocols/http/httptools_impl.py", line 422, in run_asgi
    result = await app(  # type: ignore[func-returns-value]
                   └ <uvicorn.middleware.proxy_headers.ProxyHeadersMiddleware object at 0x10b216c00>
  File "/Users/sunquanhu/Library/Caches/pypoetry/virtualenvs/personal-workspace-app-wk1FpBNh-py3.12/lib/python3.12/site-packages/uvicorn/middleware/proxy_headers.py", line 63, in __call__
    return await self.app(scope, receive, send)
                 │    │   │      │        └ <bound method RequestResponseCycle.send of <uvicorn.protocols.http.httptools_impl.RequestResponseCycle object at 0x10b69eea0>>
                 │    │   │      └ <bound method RequestResponseCycle.receive of <uvicorn.protocols.http.httptools_impl.RequestResponseCycle object at 0x10b69ee...
                 │    │   └ {'type': 'http', 'asgi': {'version': '3.0', 'spec_version': '2.3'}, 'http_version': '1.1', 'server': ('127.0.0.1', 8000), 'cl...
                 │    └ <fastapi.applications.FastAPI object at 0x10b245550>
                 └ <uvicorn.middleware.proxy_headers.ProxyHeadersMiddleware object at 0x10b216c00>
  File "/Users/sunquanhu/Library/Caches/pypoetry/virtualenvs/personal-workspace-app-wk1FpBNh-py3.12/lib/python3.12/site-packages/fastapi/applications.py", line 1163, in __call__
    await super().__call__(scope, receive, send)
                           │      │        └ <bound method RequestResponseCycle.send of <uvicorn.protocols.http.httptools_impl.RequestResponseCycle object at 0x10b69eea0>>
                           │      └ <bound method RequestResponseCycle.receive of <uvicorn.protocols.http.httptools_impl.RequestResponseCycle object at 0x10b69ee...
                           └ {'type': 'http', 'asgi': {'version': '3.0', 'spec_version': '2.3'}, 'http_version': '1.1', 'server': ('127.0.0.1', 8000), 'cl...
  File "/Users/sunquanhu/Library/Caches/pypoetry/virtualenvs/personal-workspace-app-wk1FpBNh-py3.12/lib/python3.12/site-packages/starlette/applications.py", line 96, in __call__
    await self.middleware_stack(scope, receive, send)
          │    │                │      │        └ <bound method RequestResponseCycle.send of <uvicorn.protocols.http.httptools_impl.RequestResponseCycle object at 0x10b69eea0>>
          │    │                │      └ <bound method RequestResponseCycle.receive of <uvicorn.protocols.http.httptools_impl.RequestResponseCycle object at 0x10b69ee...
          │    │                └ {'type': 'http', 'asgi': {'version': '3.0', 'spec_version': '2.3'}, 'http_version': '1.1', 'server': ('127.0.0.1', 8000), 'cl...
          │    └ <starlette.middleware.errors.ServerErrorMiddleware object at 0x10b69e8d0>
          └ <fastapi.applications.FastAPI object at 0x10b245550>
> File "/Users/sunquanhu/Library/Caches/pypoetry/virtualenvs/personal-workspace-app-wk1FpBNh-py3.12/lib/python3.12/site-packages/starlette/middleware/errors.py", line 164, in __call__
    await self.app(scope, receive, _send)
          │    │   │      │        └ <function ServerErrorMiddleware.__call__.<locals>._send at 0x10b6b6840>
          │    │   │      └ <bound method RequestResponseCycle.receive of <uvicorn.protocols.http.httptools_impl.RequestResponseCycle object at 0x10b69ee...
          │    │   └ {'type': 'http', 'asgi': {'version': '3.0', 'spec_version': '2.3'}, 'http_version': '1.1', 'server': ('127.0.0.1', 8000), 'cl...
          │    └ <personal_workspace_app.core.trace_middleware.TraceAndLogMiddleware object at 0x10b69e930>
          └ <starlette.middleware.errors.ServerErrorMiddleware object at 0x10b69e8d0>
  File "/Users/sunquanhu/Library/Caches/pypoetry/virtualenvs/personal-workspace-app-wk1FpBNh-py3.12/lib/python3.12/site-packages/starlette/middleware/base.py", line 198, in __call__
    raise app_exc
          └ ValueError('Invalid template: {\'\\n     # Role & Identity\\n    你是一名专业、严谨且富有亲和力的全能 AI 智能助手。你的目标是为用户提供准确、清晰且视觉体验良好的解答。\\n    ...
  File "/Users/sunquanhu/Library/Caches/pypoetry/virtualenvs/personal-workspace-app-wk1FpBNh-py3.12/lib/python3.12/site-packages/starlette/middleware/base.py", line 144, in coro
    await self.app(scope, receive_or_disconnect, send_no_error)
          │    │   │      │                      └ <function BaseHTTPMiddleware.__call__.<locals>.call_next.<locals>.send_no_error at 0x10b2499e0>
          │    │   │      └ <function BaseHTTPMiddleware.__call__.<locals>.call_next.<locals>.receive_or_disconnect at 0x10b249940>
          │    │   └ {'type': 'http', 'asgi': {'version': '3.0', 'spec_version': '2.3'}, 'http_version': '1.1', 'server': ('127.0.0.1', 8000), 'cl...
          │    └ <starlette.middleware.exceptions.ExceptionMiddleware object at 0x10b69e900>
          └ <personal_workspace_app.core.trace_middleware.TraceAndLogMiddleware object at 0x10b69e930>
  File "/Users/sunquanhu/Library/Caches/pypoetry/virtualenvs/personal-workspace-app-wk1FpBNh-py3.12/lib/python3.12/site-packages/starlette/middleware/exceptions.py", line 63, in __call__
    await wrap_app_handling_exceptions(self.app, conn)(scope, receive, send)
          │                            │    │    │     │      │        └ <function BaseHTTPMiddleware.__call__.<locals>.call_next.<locals>.send_no_error at 0x10b2499e0>
          │                            │    │    │     │      └ <function BaseHTTPMiddleware.__call__.<locals>.call_next.<locals>.receive_or_disconnect at 0x10b249940>
          │                            │    │    │     └ {'type': 'http', 'asgi': {'version': '3.0', 'spec_version': '2.3'}, 'http_version': '1.1', 'server': ('127.0.0.1', 8000), 'cl...
          │                            │    │    └ <starlette.requests.Request object at 0x10b648110>
          │                            │    └ <fastapi.middleware.asyncexitstack.AsyncExitStackMiddleware object at 0x10b69e840>
          │                            └ <starlette.middleware.exceptions.ExceptionMiddleware object at 0x10b69e900>
          └ <function wrap_app_handling_exceptions at 0x10763d8a0>
  File "/Users/sunquanhu/Library/Caches/pypoetry/virtualenvs/personal-workspace-app-wk1FpBNh-py3.12/lib/python3.12/site-packages/starlette/_exception_handler.py", line 53, in wrapped_app
    raise exc
  File "/Users/sunquanhu/Library/Caches/pypoetry/virtualenvs/personal-workspace-app-wk1FpBNh-py3.12/lib/python3.12/site-packages/starlette/_exception_handler.py", line 42, in wrapped_app
    await app(scope, receive, sender)
          │   │      │        └ <function wrap_app_handling_exceptions.<locals>.wrapped_app.<locals>.sender at 0x10b7209a0>
          │   │      └ <function BaseHTTPMiddleware.__call__.<locals>.call_next.<locals>.receive_or_disconnect at 0x10b249940>
          │   └ {'type': 'http', 'asgi': {'version': '3.0', 'spec_version': '2.3'}, 'http_version': '1.1', 'server': ('127.0.0.1', 8000), 'cl...
          └ <fastapi.middleware.asyncexitstack.AsyncExitStackMiddleware object at 0x10b69e840>
  File "/Users/sunquanhu/Library/Caches/pypoetry/virtualenvs/personal-workspace-app-wk1FpBNh-py3.12/lib/python3.12/site-packages/fastapi/middleware/asyncexitstack.py", line 18, in __call__
    await self.app(scope, receive, send)
          │    │   │      │        └ <function wrap_app_handling_exceptions.<locals>.wrapped_app.<locals>.sender at 0x10b7209a0>
          │    │   │      └ <function BaseHTTPMiddleware.__call__.<locals>.call_next.<locals>.receive_or_disconnect at 0x10b249940>
          │    │   └ {'type': 'http', 'asgi': {'version': '3.0', 'spec_version': '2.3'}, 'http_version': '1.1', 'server': ('127.0.0.1', 8000), 'cl...
          │    └ <fastapi.routing.APIRouter object at 0x10b2456d0>
          └ <fastapi.middleware.asyncexitstack.AsyncExitStackMiddleware object at 0x10b69e840>
  File "/Users/sunquanhu/Library/Caches/pypoetry/virtualenvs/personal-workspace-app-wk1FpBNh-py3.12/lib/python3.12/site-packages/starlette/routing.py", line 670, in __call__
    await self.middleware_stack(scope, receive, send)
          │    │                │      │        └ <function wrap_app_handling_exceptions.<locals>.wrapped_app.<locals>.sender at 0x10b7209a0>
          │    │                │      └ <function BaseHTTPMiddleware.__call__.<locals>.call_next.<locals>.receive_or_disconnect at 0x10b249940>
          │    │                └ {'type': 'http', 'asgi': {'version': '3.0', 'spec_version': '2.3'}, 'http_version': '1.1', 'server': ('127.0.0.1', 8000), 'cl...
          │    └ <bound method APIRouter.app of <fastapi.routing.APIRouter object at 0x10b2456d0>>
          └ <fastapi.routing.APIRouter object at 0x10b2456d0>
  File "/Users/sunquanhu/Library/Caches/pypoetry/virtualenvs/personal-workspace-app-wk1FpBNh-py3.12/lib/python3.12/site-packages/fastapi/routing.py", line 2734, in app
    await route.handle(scope, receive, send)
          │     │      │      │        └ <function wrap_app_handling_exceptions.<locals>.wrapped_app.<locals>.sender at 0x10b7209a0>
          │     │      │      └ <function BaseHTTPMiddleware.__call__.<locals>.call_next.<locals>.receive_or_disconnect at 0x10b249940>
          │     │      └ {'type': 'http', 'asgi': {'version': '3.0', 'spec_version': '2.3'}, 'http_version': '1.1', 'server': ('127.0.0.1', 8000), 'cl...
          │     └ <function _IncludedRouter.handle at 0x107be8720>
          └ _IncludedRouter(original_router=<fastapi.routing.APIRouter object at 0x108d6f590>, include_context=_RouterIncludeContext(incl...
  File "/Users/sunquanhu/Library/Caches/pypoetry/virtualenvs/personal-workspace-app-wk1FpBNh-py3.12/lib/python3.12/site-packages/fastapi/routing.py", line 1780, in handle
    await self.original_router.handle(scope, receive, send)
          │    │               │      │      │        └ <function wrap_app_handling_exceptions.<locals>.wrapped_app.<locals>.sender at 0x10b7209a0>
          │    │               │      │      └ <function BaseHTTPMiddleware.__call__.<locals>.call_next.<locals>.receive_or_disconnect at 0x10b249940>
          │    │               │      └ {'type': 'http', 'asgi': {'version': '3.0', 'spec_version': '2.3'}, 'http_version': '1.1', 'server': ('127.0.0.1', 8000), 'cl...
          │    │               └ <function APIRouter.handle at 0x107bea7a0>
          │    └ <fastapi.routing.APIRouter object at 0x108d6f590>
          └ _IncludedRouter(original_router=<fastapi.routing.APIRouter object at 0x108d6f590>, include_context=_RouterIncludeContext(incl...
  File "/Users/sunquanhu/Library/Caches/pypoetry/virtualenvs/personal-workspace-app-wk1FpBNh-py3.12/lib/python3.12/site-packages/fastapi/routing.py", line 2789, in handle
    await included_router._handle_selected(scope, receive, send)
          │               │                │      │        └ <function wrap_app_handling_exceptions.<locals>.wrapped_app.<locals>.sender at 0x10b7209a0>
          │               │                │      └ <function BaseHTTPMiddleware.__call__.<locals>.call_next.<locals>.receive_or_disconnect at 0x10b249940>
          │               │                └ {'type': 'http', 'asgi': {'version': '3.0', 'spec_version': '2.3'}, 'http_version': '1.1', 'server': ('127.0.0.1', 8000), 'cl...
          │               └ <function _IncludedRouter._handle_selected at 0x107be87c0>
          └ _IncludedRouter(original_router=<fastapi.routing.APIRouter object at 0x108d6f590>, include_context=_RouterIncludeContext(incl...
  File "/Users/sunquanhu/Library/Caches/pypoetry/virtualenvs/personal-workspace-app-wk1FpBNh-py3.12/lib/python3.12/site-packages/fastapi/routing.py", line 1800, in _handle_selected
    await original_route.handle(scope, receive, send)
          │              │      │      │        └ <function wrap_app_handling_exceptions.<locals>.wrapped_app.<locals>.sender at 0x10b7209a0>
          │              │      │      └ <function BaseHTTPMiddleware.__call__.<locals>.call_next.<locals>.receive_or_disconnect at 0x10b249940>
          │              │      └ {'type': 'http', 'asgi': {'version': '3.0', 'spec_version': '2.3'}, 'http_version': '1.1', 'server': ('127.0.0.1', 8000), 'cl...
          │              └ <function APIRoute.handle at 0x107bba840>
          └ APIRoute(path='/chat/streamChat', name='chatStreamEndpoint', methods=['POST'])
  File "/Users/sunquanhu/Library/Caches/pypoetry/virtualenvs/personal-workspace-app-wk1FpBNh-py3.12/lib/python3.12/site-packages/fastapi/routing.py", line 1279, in handle
    await app(scope, receive, send)
          │   │      │        └ <function wrap_app_handling_exceptions.<locals>.wrapped_app.<locals>.sender at 0x10b7209a0>
          │   │      └ <function BaseHTTPMiddleware.__call__.<locals>.call_next.<locals>.receive_or_disconnect at 0x10b249940>
          │   └ {'type': 'http', 'asgi': {'version': '3.0', 'spec_version': '2.3'}, 'http_version': '1.1', 'server': ('127.0.0.1', 8000), 'cl...
          └ <function request_response.<locals>.app at 0x10b720b80>
  File "/Users/sunquanhu/Library/Caches/pypoetry/virtualenvs/personal-workspace-app-wk1FpBNh-py3.12/lib/python3.12/site-packages/fastapi/routing.py", line 158, in app
    await wrap_app_handling_exceptions(app, request)(scope, receive, send)
          │                            │    │        │      │        └ <function wrap_app_handling_exceptions.<locals>.wrapped_app.<locals>.sender at 0x10b7209a0>
          │                            │    │        │      └ <function BaseHTTPMiddleware.__call__.<locals>.call_next.<locals>.receive_or_disconnect at 0x10b249940>
          │                            │    │        └ {'type': 'http', 'asgi': {'version': '3.0', 'spec_version': '2.3'}, 'http_version': '1.1', 'server': ('127.0.0.1', 8000), 'cl...
          │                            │    └ <starlette.requests.Request object at 0x10b7113d0>
          │                            └ <function request_response.<locals>.app.<locals>.app at 0x10b720a40>
          └ <function wrap_app_handling_exceptions at 0x10763d8a0>
  File "/Users/sunquanhu/Library/Caches/pypoetry/virtualenvs/personal-workspace-app-wk1FpBNh-py3.12/lib/python3.12/site-packages/starlette/_exception_handler.py", line 53, in wrapped_app
    raise exc
  File "/Users/sunquanhu/Library/Caches/pypoetry/virtualenvs/personal-workspace-app-wk1FpBNh-py3.12/lib/python3.12/site-packages/starlette/_exception_handler.py", line 42, in wrapped_app
    await app(scope, receive, sender)
          │   │      │        └ <function wrap_app_handling_exceptions.<locals>.wrapped_app.<locals>.sender at 0x10b720cc0>
          │   │      └ <function BaseHTTPMiddleware.__call__.<locals>.call_next.<locals>.receive_or_disconnect at 0x10b249940>
          │   └ {'type': 'http', 'asgi': {'version': '3.0', 'spec_version': '2.3'}, 'http_version': '1.1', 'server': ('127.0.0.1', 8000), 'cl...
          └ <function request_response.<locals>.app.<locals>.app at 0x10b720a40>
  File "/Users/sunquanhu/Library/Caches/pypoetry/virtualenvs/personal-workspace-app-wk1FpBNh-py3.12/lib/python3.12/site-packages/fastapi/routing.py", line 145, in app
    await response(scope, receive, send)
          │        │      │        └ <function wrap_app_handling_exceptions.<locals>.wrapped_app.<locals>.sender at 0x10b720cc0>
          │        │      └ <function BaseHTTPMiddleware.__call__.<locals>.call_next.<locals>.receive_or_disconnect at 0x10b249940>
          │        └ {'type': 'http', 'asgi': {'version': '3.0', 'spec_version': '2.3'}, 'http_version': '1.1', 'server': ('127.0.0.1', 8000), 'cl...
          └ <starlette.responses.StreamingResponse object at 0x10b711b80>
  File "/Users/sunquanhu/Library/Caches/pypoetry/virtualenvs/personal-workspace-app-wk1FpBNh-py3.12/lib/python3.12/site-packages/starlette/responses.py", line 273, in __call__
    async with create_collapsing_task_group() as task_group:
               │                                 └ <anyio._backends._asyncio.TaskGroup object at 0x10b711940>
               └ <function create_collapsing_task_group at 0x1075dcd60>
  File "/Users/sunquanhu/.pyenv/versions/3.12.2/lib/python3.12/contextlib.py", line 231, in __aexit__
    await self.gen.athrow(value)
          │    │   │      └ CancelledError('Cancelled via cancel scope 10b7211d0')
          │    │   └ <method 'athrow' of 'async_generator' objects>
          │    └ <async_generator object create_collapsing_task_group at 0x10b6e8240>
          └ <contextlib._AsyncGeneratorContextManager object at 0x10b711910>
  File "/Users/sunquanhu/Library/Caches/pypoetry/virtualenvs/personal-workspace-app-wk1FpBNh-py3.12/lib/python3.12/site-packages/starlette/_utils.py", line 93, in create_collapsing_task_group
    raise exc from exc.__cause__ or context
          │        │   │            └ None
          │        │   └ <attribute '__cause__' of 'BaseException' objects>
          │        └ ValueError('Invalid template: {\'\\n     # Role & Identity\\n    你是一名专业、严谨且富有亲和力的全能 AI 智能助手。你的目标是为用户提供准确、清晰且视觉体验良好的解答。\\n    ...
          └ ValueError('Invalid template: {\'\\n     # Role & Identity\\n    你是一名专业、严谨且富有亲和力的全能 AI 智能助手。你的目标是为用户提供准确、清晰且视觉体验良好的解答。\\n    ...
  File "/Users/sunquanhu/Library/Caches/pypoetry/virtualenvs/personal-workspace-app-wk1FpBNh-py3.12/lib/python3.12/site-packages/anyio/_core/_tasks.py", line 275, in _run_coro
    retval = await self._coro
  File "/Users/sunquanhu/Library/Caches/pypoetry/virtualenvs/personal-workspace-app-wk1FpBNh-py3.12/lib/python3.12/site-packages/starlette/responses.py", line 276, in wrap
    await func()
          └ functools.partial(<bound method StreamingResponse.stream_response of <starlette.responses.StreamingResponse object at 0x10b71...
  File "/Users/sunquanhu/Library/Caches/pypoetry/virtualenvs/personal-workspace-app-wk1FpBNh-py3.12/lib/python3.12/site-packages/starlette/responses.py", line 250, in stream_response
    async for chunk in self.body_iterator:
                       │    └ <async_generator object chat_stream at 0x10b69a2b0>
                       └ <starlette.responses.StreamingResponse object at 0x10b711b80>

  File "/Users/sunquanhu/Projects/study/ai/personal-workspace/personal-workspace-app/src/personal_workspace_app/services/ChatStreamService.py", line 108, in chat_stream
    prompt = ChatPromptTemplate.from_messages(
             │                  └ <classmethod(<function ChatPromptTemplate.from_messages at 0x109f2d080>)>
             └ <class 'langchain_core.prompts.chat.ChatPromptTemplate'>

  File "/Users/sunquanhu/Library/Caches/pypoetry/virtualenvs/personal-workspace-app-wk1FpBNh-py3.12/lib/python3.12/site-packages/langchain_core/prompts/chat.py", line 1172, in from_messages
    return cls(messages, template_format=template_format)
           │   │                         └ 'f-string'
           │   └ [('system', {'\n     # Role & Identity\n    你是一名专业、严谨且富有亲和力的全能 AI 智能助手。你的目标是为用户提供准确、清晰且视觉体验良好的解答。\n    # Output Format Specif...
           └ <class 'langchain_core.prompts.chat.ChatPromptTemplate'>
  File "/Users/sunquanhu/Library/Caches/pypoetry/virtualenvs/personal-workspace-app-wk1FpBNh-py3.12/lib/python3.12/site-packages/langchain_core/prompts/chat.py", line 977, in __init__
    _convert_to_message_template(message, template_format)
    │                                     └ 'f-string'
    └ <function _convert_to_message_template at 0x109f2cfe0>
  File "/Users/sunquanhu/Library/Caches/pypoetry/virtualenvs/personal-workspace-app-wk1FpBNh-py3.12/lib/python3.12/site-packages/langchain_core/prompts/chat.py", line 1470, in _convert_to_message_template
    message_ = _create_template_from_message_type(
               └ <function _create_template_from_message_type at 0x108dbcc20>
  File "/Users/sunquanhu/Library/Caches/pypoetry/virtualenvs/personal-workspace-app-wk1FpBNh-py3.12/lib/python3.12/site-packages/langchain_core/prompts/chat.py", line 1368, in _create_template_from_message_type
    message = SystemMessagePromptTemplate.from_template(
              │                           └ <classmethod(<function _StringImageMessagePromptTemplate.from_template at 0x109ee3e20>)>
              └ <class 'langchain_core.prompts.chat.SystemMessagePromptTemplate'>
  File "/Users/sunquanhu/Library/Caches/pypoetry/virtualenvs/personal-workspace-app-wk1FpBNh-py3.12/lib/python3.12/site-packages/langchain_core/prompts/chat.py", line 534, in from_template
    raise ValueError(msg)
                     └ 'Invalid template: {\'\\n     # Role & Identity\\n    你是一名专业、严谨且富有亲和力的全能 AI 智能助手。你的目标是为用户提供准确、清晰且视觉体验良好的解答。\\n    # Output Fo...

ValueError: Invalid template: {'\n     # Role & Identity\n    你是一名专业、严谨且富有亲和力的全能 AI 智能助手。你的目标是为用户提供准确、清晰且视觉体验良好的解答。\n    # Output Format Specifications\n    你的回答需要兼顾“自然语言阅读”与“结构化 UI 展示”。请严格遵守以下渲染与输出协议：\n    ## 1. 基础文本与 Markdown 规范\n      - 对于常规的解答、分析、逻辑推导与代码展示，必须直接使用标准的 Markdown 语法。\n      - 内容应结构清晰，分段合理，适度使用加粗与列表提升可读性。\n    ## 2. 服务端驱动 UI（SDUI）卡片协议\n        当回答中包含特定类型的数据时，**禁止使用纯文本堆砌**，必须使用以下指定的特殊代码块格式输出 JSON 卡片。前端系统将自动拦截这些代码块并渲染为高阶 UI 组件：\n            ### (1) 核心指标卡片 (`json:widget/metric`)\n                - **触发场景**：展示气象数据、统计数值、KPI 指标、单值对比等突出数值信息时。\n                - **输出格式**：\n                    ```json:widget/metric\n                        {{\n                          "title": "指标名称",\n                          "main_value": "核心数值 (例如: 26°C 或 $1,280)",\n                          "sub_value": "辅助说明或状态 (例如: 多云转晴 | 湿度 65%)",\n                         "trend": "up" // 可选: "up" | "down" | "neutral"\n                        }}\n                   ```\n\n           ### (2) 属性网格卡片 (`json:widget/kv_grid`)\n                - **触发场景**：展示实体档案、参数配置、日程属性、多项键值对数据时。\n                - **输出格式**：\n                    ```json:widget/kv_grid\n                        {{\n                            "title": "卡片标题",\n                             "badge": "标签 (可选，例如: 已核实)",\n                             "items": [\n                                { "label": "属性名称 1", "value": "属性值 1" },\n                                { "label": "属性名称 2", "value": "属性值 2" }\n                              ]\n                        }}\n                    ```\n\n            ### (3) 表格数据卡片 (`json:widget/table`)\n            - **触发场景**：展示多行多列的列表数据（如对比表、清单、排行榜）时。\n            - **输出格式**：\n            ```json:widget/table\n            {{\n              "title": "表格标题",\n              "columns": ["列头 1", "列头 2", "列头 3"],\n              "rows": [\n                ["数据 1-1", "数据 1-2", "数据 1-3"],\n                ["数据 2-1", "数据 2-2", "数据 2-3"]\n              ]\n            }}\n            ```\n\n# Constraints & Safety Guidelines\n1. **JSON 格式严格性**：所有 `json:widget/*` 代码块内的 JSON 数据必须符合严格的 JSON 规范，不得添加任何尾随逗号（Trailing commas），不得包含解析不出的特殊控制字符。\n2. **标签规范**：代码块开头的语言标记（如 `json:widget/metric`）必须严格按原样输出，不要修改拼写，不要附加额外的反引号或包裹。\n3. **真实性原则**：如果在结构化卡片中引用了数据，确保数据来源客观可靠；未知的数据字段应留空或标注“暂无”，严禁捏造伪造数据。\n\n# Few-Shot Examples\n\n<example>\n[User]: 帮我查一下杭州今天的天气和简要基本信息。\n\n[Assistant]:\n好的，已为您查到杭州今日最新的气象与城市概览：\n\n```json:widget/metric\n{{\n  "title": "杭州当前气温",\n  "main_value": "26°C",\n  "sub_value": "多云转晴 | 东南风 3 级",\n  "trend": "neutral"\n}}\n```\n\n以下是城市的基础档案资料：\n\n```json:widget/kv_grid\n{{\n  "title": "杭州城市档案",\n  "badge": "官方数据",\n  "items": [\n    { "label": "行政区划", "value": "浙江省省会 / 副省级市" },\n    { "label": "气候类型", "value": "亚热带季风气候" },\n    { "label": "著名景点", "value": "西湖、良渚古城遗址、千岛湖" }\n  ]\n}}\n```\n\n如果您还需要了解具体景点的门票或路线规划，请随时告诉我！\n</example>\n    '}
2026-09-09 09:55:30.704 | ERROR    | [806a1d9170644794a0945a107266c80b] | logging:callHandlers:1762 - 【系统未知异常】Path: /api/v1/chat/streamChat | Error: Invalid template: content='\n     # Role & Identity\n    你是一名专业、严谨且富有亲和力的全能 AI 智能助手。你的目标是为用户提供准确、清晰且视觉体验良好的解答。\n    # Output Format Specifications\n    你的回答需要兼顾“自然语言阅读”与“结构化 UI 展示”。请严格遵守以下渲染与输出协议：\n    ## 1. 基础文本与 Markdown 规范\n      - 对于常规的解答、分析、逻辑推导与代码展示，必须直接使用标准的 Markdown 语法。\n      - 内容应结构清晰，分段合理，适度使用加粗与列表提升可读性。\n    ## 2. 服务端驱动 UI（SDUI）卡片协议\n        当回答中包含特定类型的数据时，**禁止使用纯文本堆砌**，必须使用以下指定的特殊代码块格式输出 JSON 卡片。前端系统将自动拦截这些代码块并渲染为高阶 UI 组件：\n            ### (1) 核心指标卡片 (`json:widget/metric`)\n                - **触发场景**：展示气象数据、统计数值、KPI 指标、单值对比等突出数值信息时。\n                - **输出格式**：\n                    ```json:widget/metric\n                        {{\n                          "title": "指标名称",\n                          "main_value": "核心数值 (例如: 26°C 或 $1,280)",\n                          "sub_value": "辅助说明或状态 (例如: 多云转晴 | 湿度 65%)",\n                         "trend": "up" // 可选: "up" | "down" | "neutral"\n                        }}\n                   ```\n\n           ### (2) 属性网格卡片 (`json:widget/kv_grid`)\n                - **触发场景**：展示实体档案、参数配置、日程属性、多项键值对数据时。\n                - **输出格式**：\n                    ```json:widget/kv_grid\n                        {{\n                            "title": "卡片标题",\n                             "badge": "标签 (可选，例如: 已核实)",\n                             "items": [\n                                { "label": "属性名称 1", "value": "属性值 1" },\n                                { "label": "属性名称 2", "value": "属性值 2" }\n                              ]\n                        }}\n                    ```\n\n            ### (3) 表格数据卡片 (`json:widget/table`)\n            - **触发场景**：展示多行多列的列表数据（如对比表、清单、排行榜）时。\n            - **输出格式**：\n            ```json:widget/table\n            {{\n              "title": "表格标题",\n              "columns": ["列头 1", "列头 2", "列头 3"],\n              "rows": [\n                ["数据 1-1", "数据 1-2", "数据 1-3"],\n                ["数据 2-1", "数据 2-2", "数据 2-3"]\n              ]\n            }}\n            ```\n\n# Constraints & Safety Guidelines\n1. **JSON 格式严格性**：所有 `json:widget/*` 代码块内的 JSON 数据必须符合严格的 JSON 规范，不得添加任何尾随逗号（Trailing commas），不得包含解析不出的特殊控制字符。\n2. **标签规范**：代码块开头的语言标记（如 `json:widget/metric`）必须严格按原样输出，不要修改拼写，不要附加额外的反引号或包裹。\n3. **真实性原则**：如果在结构化卡片中引用了数据，确保数据来源客观可靠；未知的数据字段应留空或标注“暂无”，严禁捏造伪造数据。\n\n# Few-Shot Examples\n\n<example>\n[User]: 帮我查一下杭州今天的天气和简要基本信息。\n\n[Assistant]:\n好的，已为您查到杭州今日最新的气象与城市概览：\n\n```json:widget/metric\n{{\n  "title": "杭州当前气温",\n  "main_value": "26°C",\n  "sub_value": "多云转晴 | 东南风 3 级",\n  "trend": "neutral"\n}}\n```\n\n以下是城市的基础档案资料：\n\n```json:widget/kv_grid\n{{\n  "title": "杭州城市档案",\n  "badge": "官方数据",\n  "items": [\n    { "label": "行政区划", "value": "浙江省省会 / 副省级市" },\n    { "label": "气候类型", "value": "亚热带季风气候" },\n    { "label": "著名景点", "value": "西湖、良渚古城遗址、千岛湖" }\n  ]\n}}\n```\n\n如果您还需要了解具体景点的门票或路线规划，请随时告诉我！\n</example>\n    ' additional_kwargs={} response_metadata={}
Traceback (most recent call last):

  File "/Users/sunquanhu/.pyenv/versions/3.12.2/lib/python3.12/runpy.py", line 198, in _run_module_as_main
    return _run_code(code, main_globals, None,
           │         │     └ {'__name__': '__main__', '__doc__': None, '__package__': '', '__loader__': <_frozen_importlib_external.SourceFileLoader objec...
           │         └ <code object <module> at 0x10f0d1c50, file "/private/var/folders/7v/223c2ym14gb3wzg9l33myc380000gn/T/debugpy69653884798475276...
           └ <function _run_code at 0x10f0f5f80>
  File "/Users/sunquanhu/.pyenv/versions/3.12.2/lib/python3.12/runpy.py", line 88, in _run_code
    exec(code, run_globals)
         │     └ {'__name__': '__main__', '__doc__': None, '__package__': '', '__loader__': <_frozen_importlib_external.SourceFileLoader objec...
         └ <code object <module> at 0x10f0d1c50, file "/private/var/folders/7v/223c2ym14gb3wzg9l33myc380000gn/T/debugpy69653884798475276...

  File "/private/var/folders/7v/223c2ym14gb3wzg9l33myc380000gn/T/debugpy6965388479847527625/debugpy/adapter/../../debugpy/launcher/../../debugpy/__main__.py", line 71, in <module>
    cli.main()
    │   └ <function main at 0x110ca7ba0>
    └ <module 'debugpy.server.cli' from '/private/var/folders/7v/223c2ym14gb3wzg9l33myc380000gn/T/debugpy6965388479847527625/debugp...

  File "/private/var/folders/7v/223c2ym14gb3wzg9l33myc380000gn/T/debugpy6965388479847527625/debugpy/adapter/../../debugpy/launcher/../../debugpy/../debugpy/server/cli.py", line 542, in main
    run()
    └ <function run_file at 0x110ca7920>

  File "/private/var/folders/7v/223c2ym14gb3wzg9l33myc380000gn/T/debugpy6965388479847527625/debugpy/adapter/../../debugpy/launcher/../../debugpy/../debugpy/server/cli.py", line 361, in run_file
    runpy.run_path(target, run_name="__main__")
    │     │        └ '/Users/sunquanhu/Projects/study/ai/personal-workspace/personal-workspace-app/src/personal_workspace_app/__main__.py'
    │     └ <function run_path at 0x11027bec0>
    └ <module '_pydevd_bundle.pydevd_runpy' from '/private/var/folders/7v/223c2ym14gb3wzg9l33myc380000gn/T/debugpy69653884798475276...

  File "/private/var/folders/7v/223c2ym14gb3wzg9l33myc380000gn/T/debugpy6965388479847527625/debugpy/_vendored/pydevd/_pydevd_bundle/pydevd_runpy.py", line 310, in run_path
    return _run_module_code(code, init_globals, run_name, pkg_name=pkg_name, script_name=fname)
           │                │     │             │                  │                     └ '/Users/sunquanhu/Projects/study/ai/personal-workspace/personal-workspace-app/src/personal_workspace_app/__main__.py'
           │                │     │             │                  └ ''
           │                │     │             └ '__main__'
           │                │     └ None
           │                └ <code object <module> at 0x110d14630, file "/Users/sunquanhu/Projects/study/ai/personal-workspace/personal-workspace-app/src/...
           └ <function _run_module_code at 0x11027bb00>

  File "/private/var/folders/7v/223c2ym14gb3wzg9l33myc380000gn/T/debugpy6965388479847527625/debugpy/_vendored/pydevd/_pydevd_bundle/pydevd_runpy.py", line 127, in _run_module_code
    _run_code(code, mod_globals, init_globals, mod_name, mod_spec, pkg_name, script_name)
    │         │     │            │             │         │         │         └ '/Users/sunquanhu/Projects/study/ai/personal-workspace/personal-workspace-app/src/personal_workspace_app/__main__.py'
    │         │     │            │             │         │         └ ''
    │         │     │            │             │         └ None
    │         │     │            │             └ '__main__'
    │         │     │            └ None
    │         │     └ {'__name__': '__main__', '__doc__': None, '__package__': '', '__loader__': None, '__spec__': None, '__file__': '/Users/sunqua...
    │         └ <code object <module> at 0x110d14630, file "/Users/sunquanhu/Projects/study/ai/personal-workspace/personal-workspace-app/src/...
    └ <function _run_code at 0x11027b6a0>

  File "/private/var/folders/7v/223c2ym14gb3wzg9l33myc380000gn/T/debugpy6965388479847527625/debugpy/_vendored/pydevd/_pydevd_bundle/pydevd_runpy.py", line 118, in _run_code
    exec(code, run_globals)
         │     └ {'__name__': '__main__', '__doc__': None, '__package__': '', '__loader__': None, '__spec__': None, '__file__': '/Users/sunqua...
         └ <code object <module> at 0x110d14630, file "/Users/sunquanhu/Projects/study/ai/personal-workspace/personal-workspace-app/src/...

  File "/Users/sunquanhu/Projects/study/ai/personal-workspace/personal-workspace-app/src/personal_workspace_app/__main__.py", line 33, in <module>
    uvicorn.run(app, host="0.0.0.0", port=8000, reload=False, loop="asyncio")
    │       │   └ <fastapi.applications.FastAPI object at 0x11534d550>
    │       └ <function run at 0x110f458a0>
    └ <module 'uvicorn' from '/Users/sunquanhu/Library/Caches/pypoetry/virtualenvs/personal-workspace-app-wk1FpBNh-py3.12/lib/pytho...

  File "/Users/sunquanhu/Library/Caches/pypoetry/virtualenvs/personal-workspace-app-wk1FpBNh-py3.12/lib/python3.12/site-packages/uvicorn/main.py", line 621, in run
    server.run()
    │      └ <function Server.run at 0x11100d260>
    └ <uvicorn.server.Server object at 0x114c18950>
  File "/Users/sunquanhu/Library/Caches/pypoetry/virtualenvs/personal-workspace-app-wk1FpBNh-py3.12/lib/python3.12/site-packages/uvicorn/server.py", line 77, in run
    return asyncio_run(self.serve(sockets=sockets), loop_factory=self.config.get_loop_factory())
           │           │    │             │                      │    │      └ <function Config.get_loop_factory at 0x110f45440>
           │           │    │             │                      │    └ <uvicorn.config.Config object at 0x11534ddc0>
           │           │    │             │                      └ <uvicorn.server.Server object at 0x114c18950>
           │           │    │             └ None
           │           │    └ <function Server.serve at 0x11100d300>
           │           └ <uvicorn.server.Server object at 0x114c18950>
           └ <function run at 0x110e0a7a0>
  File "/Users/sunquanhu/.pyenv/versions/3.12.2/lib/python3.12/asyncio/runners.py", line 194, in run
    return runner.run(main)
           │      │   └ <coroutine object Server.serve at 0x1153365e0>
           │      └ <function Runner.run at 0x110e6ac00>
           └ <asyncio.runners.Runner object at 0x11534d5e0>
  File "/Users/sunquanhu/.pyenv/versions/3.12.2/lib/python3.12/asyncio/runners.py", line 118, in run
    return self._loop.run_until_complete(task)
           │    │     │                  └ <Task pending name='Task-1' coro=<Server.serve() running at /Users/sunquanhu/Library/Caches/pypoetry/virtualenvs/personal-wor...
           │    │     └ <function BaseEventLoop.run_until_complete at 0x110e68860>
           │    └ <_UnixSelectorEventLoop running=True closed=False debug=False>
           └ <asyncio.runners.Runner object at 0x11534d5e0>
  File "/Users/sunquanhu/.pyenv/versions/3.12.2/lib/python3.12/asyncio/base_events.py", line 672, in run_until_complete
    self.run_forever()
    │    └ <function BaseEventLoop.run_forever at 0x110e687c0>
    └ <_UnixSelectorEventLoop running=True closed=False debug=False>
  File "/Users/sunquanhu/.pyenv/versions/3.12.2/lib/python3.12/asyncio/base_events.py", line 639, in run_forever
    self._run_once()
    │    └ <function BaseEventLoop._run_once at 0x110e6a5c0>
    └ <_UnixSelectorEventLoop running=True closed=False debug=False>
  File "/Users/sunquanhu/.pyenv/versions/3.12.2/lib/python3.12/asyncio/base_events.py", line 1985, in _run_once
    handle._run()
    │      └ <function Handle._run at 0x110df2980>
    └ <Handle Task.task_wakeup(<Future finished result=None>)>
  File "/Users/sunquanhu/.pyenv/versions/3.12.2/lib/python3.12/asyncio/events.py", line 88, in _run
    self._context.run(self._callback, *self._args)
    │    │            │    │           │    └ <member '_args' of 'Handle' objects>
    │    │            │    │           └ <Handle Task.task_wakeup(<Future finished result=None>)>
    │    │            │    └ <member '_callback' of 'Handle' objects>
    │    │            └ <Handle Task.task_wakeup(<Future finished result=None>)>
    │    └ <member '_context' of 'Handle' objects>
    └ <Handle Task.task_wakeup(<Future finished result=None>)>
  File "/Users/sunquanhu/Library/Caches/pypoetry/virtualenvs/personal-workspace-app-wk1FpBNh-py3.12/lib/python3.12/site-packages/uvicorn/protocols/http/httptools_impl.py", line 422, in run_asgi
    result = await app(  # type: ignore[func-returns-value]
                   └ <uvicorn.middleware.proxy_headers.ProxyHeadersMiddleware object at 0x114f18530>
  File "/Users/sunquanhu/Library/Caches/pypoetry/virtualenvs/personal-workspace-app-wk1FpBNh-py3.12/lib/python3.12/site-packages/uvicorn/middleware/proxy_headers.py", line 63, in __call__
    return await self.app(scope, receive, send)
                 │    │   │      │        └ <bound method RequestResponseCycle.send of <uvicorn.protocols.http.httptools_impl.RequestResponseCycle object at 0x1157a7020>>
                 │    │   │      └ <bound method RequestResponseCycle.receive of <uvicorn.protocols.http.httptools_impl.RequestResponseCycle object at 0x1157a70...
                 │    │   └ {'type': 'http', 'asgi': {'version': '3.0', 'spec_version': '2.3'}, 'http_version': '1.1', 'server': ('127.0.0.1', 8000), 'cl...
                 │    └ <fastapi.applications.FastAPI object at 0x11534d550>
                 └ <uvicorn.middleware.proxy_headers.ProxyHeadersMiddleware object at 0x114f18530>
  File "/Users/sunquanhu/Library/Caches/pypoetry/virtualenvs/personal-workspace-app-wk1FpBNh-py3.12/lib/python3.12/site-packages/fastapi/applications.py", line 1163, in __call__
    await super().__call__(scope, receive, send)
                           │      │        └ <bound method RequestResponseCycle.send of <uvicorn.protocols.http.httptools_impl.RequestResponseCycle object at 0x1157a7020>>
                           │      └ <bound method RequestResponseCycle.receive of <uvicorn.protocols.http.httptools_impl.RequestResponseCycle object at 0x1157a70...
                           └ {'type': 'http', 'asgi': {'version': '3.0', 'spec_version': '2.3'}, 'http_version': '1.1', 'server': ('127.0.0.1', 8000), 'cl...
  File "/Users/sunquanhu/Library/Caches/pypoetry/virtualenvs/personal-workspace-app-wk1FpBNh-py3.12/lib/python3.12/site-packages/starlette/applications.py", line 96, in __call__
    await self.middleware_stack(scope, receive, send)
          │    │                │      │        └ <bound method RequestResponseCycle.send of <uvicorn.protocols.http.httptools_impl.RequestResponseCycle object at 0x1157a7020>>
          │    │                │      └ <bound method RequestResponseCycle.receive of <uvicorn.protocols.http.httptools_impl.RequestResponseCycle object at 0x1157a70...
          │    │                └ {'type': 'http', 'asgi': {'version': '3.0', 'spec_version': '2.3'}, 'http_version': '1.1', 'server': ('127.0.0.1', 8000), 'cl...
          │    └ <starlette.middleware.errors.ServerErrorMiddleware object at 0x1157a6870>
          └ <fastapi.applications.FastAPI object at 0x11534d550>
> File "/Users/sunquanhu/Library/Caches/pypoetry/virtualenvs/personal-workspace-app-wk1FpBNh-py3.12/lib/python3.12/site-packages/starlette/middleware/errors.py", line 164, in __call__
    await self.app(scope, receive, _send)
          │    │   │      │        └ <function ServerErrorMiddleware.__call__.<locals>._send at 0x1157be7a0>
          │    │   │      └ <bound method RequestResponseCycle.receive of <uvicorn.protocols.http.httptools_impl.RequestResponseCycle object at 0x1157a70...
          │    │   └ {'type': 'http', 'asgi': {'version': '3.0', 'spec_version': '2.3'}, 'http_version': '1.1', 'server': ('127.0.0.1', 8000), 'cl...
          │    └ <personal_workspace_app.core.trace_middleware.TraceAndLogMiddleware object at 0x11534dfa0>
          └ <starlette.middleware.errors.ServerErrorMiddleware object at 0x1157a6870>
  File "/Users/sunquanhu/Library/Caches/pypoetry/virtualenvs/personal-workspace-app-wk1FpBNh-py3.12/lib/python3.12/site-packages/starlette/middleware/base.py", line 198, in __call__
    raise app_exc
          └ ValueError('Invalid template: content=\'\\n     # Role & Identity\\n    你是一名专业、严谨且富有亲和力的全能 AI 智能助手。你的目标是为用户提供准确、清晰且视觉体验良好的解答。...
  File "/Users/sunquanhu/Library/Caches/pypoetry/virtualenvs/personal-workspace-app-wk1FpBNh-py3.12/lib/python3.12/site-packages/starlette/middleware/base.py", line 144, in coro
    await self.app(scope, receive_or_disconnect, send_no_error)
          │    │   │      │                      └ <function BaseHTTPMiddleware.__call__.<locals>.call_next.<locals>.send_no_error at 0x1158287c0>
          │    │   │      └ <function BaseHTTPMiddleware.__call__.<locals>.call_next.<locals>.receive_or_disconnect at 0x115811ee0>
          │    │   └ {'type': 'http', 'asgi': {'version': '3.0', 'spec_version': '2.3'}, 'http_version': '1.1', 'server': ('127.0.0.1', 8000), 'cl...
          │    └ <starlette.middleware.exceptions.ExceptionMiddleware object at 0x1157a6840>
          └ <personal_workspace_app.core.trace_middleware.TraceAndLogMiddleware object at 0x11534dfa0>
  File "/Users/sunquanhu/Library/Caches/pypoetry/virtualenvs/personal-workspace-app-wk1FpBNh-py3.12/lib/python3.12/site-packages/starlette/middleware/exceptions.py", line 63, in __call__
    await wrap_app_handling_exceptions(self.app, conn)(scope, receive, send)
          │                            │    │    │     │      │        └ <function BaseHTTPMiddleware.__call__.<locals>.call_next.<locals>.send_no_error at 0x1158287c0>
          │                            │    │    │     │      └ <function BaseHTTPMiddleware.__call__.<locals>.call_next.<locals>.receive_or_disconnect at 0x115811ee0>
          │                            │    │    │     └ {'type': 'http', 'asgi': {'version': '3.0', 'spec_version': '2.3'}, 'http_version': '1.1', 'server': ('127.0.0.1', 8000), 'cl...
          │                            │    │    └ <starlette.requests.Request object at 0x11534e990>
          │                            │    └ <fastapi.middleware.asyncexitstack.AsyncExitStackMiddleware object at 0x1157a6810>
          │                            └ <starlette.middleware.exceptions.ExceptionMiddleware object at 0x1157a6840>
          └ <function wrap_app_handling_exceptions at 0x111cb98a0>
  File "/Users/sunquanhu/Library/Caches/pypoetry/virtualenvs/personal-workspace-app-wk1FpBNh-py3.12/lib/python3.12/site-packages/starlette/_exception_handler.py", line 53, in wrapped_app
    raise exc
  File "/Users/sunquanhu/Library/Caches/pypoetry/virtualenvs/personal-workspace-app-wk1FpBNh-py3.12/lib/python3.12/site-packages/starlette/_exception_handler.py", line 42, in wrapped_app
    await app(scope, receive, sender)
          │   │      │        └ <function wrap_app_handling_exceptions.<locals>.wrapped_app.<locals>.sender at 0x115828a40>
          │   │      └ <function BaseHTTPMiddleware.__call__.<locals>.call_next.<locals>.receive_or_disconnect at 0x115811ee0>
          │   └ {'type': 'http', 'asgi': {'version': '3.0', 'spec_version': '2.3'}, 'http_version': '1.1', 'server': ('127.0.0.1', 8000), 'cl...
          └ <fastapi.middleware.asyncexitstack.AsyncExitStackMiddleware object at 0x1157a6810>
  File "/Users/sunquanhu/Library/Caches/pypoetry/virtualenvs/personal-workspace-app-wk1FpBNh-py3.12/lib/python3.12/site-packages/fastapi/middleware/asyncexitstack.py", line 18, in __call__
    await self.app(scope, receive, send)
          │    │   │      │        └ <function wrap_app_handling_exceptions.<locals>.wrapped_app.<locals>.sender at 0x115828a40>
          │    │   │      └ <function BaseHTTPMiddleware.__call__.<locals>.call_next.<locals>.receive_or_disconnect at 0x115811ee0>
          │    │   └ {'type': 'http', 'asgi': {'version': '3.0', 'spec_version': '2.3'}, 'http_version': '1.1', 'server': ('127.0.0.1', 8000), 'cl...
          │    └ <fastapi.routing.APIRouter object at 0x11534d6d0>
          └ <fastapi.middleware.asyncexitstack.AsyncExitStackMiddleware object at 0x1157a6810>
  File "/Users/sunquanhu/Library/Caches/pypoetry/virtualenvs/personal-workspace-app-wk1FpBNh-py3.12/lib/python3.12/site-packages/starlette/routing.py", line 670, in __call__
    await self.middleware_stack(scope, receive, send)
          │    │                │      │        └ <function wrap_app_handling_exceptions.<locals>.wrapped_app.<locals>.sender at 0x115828a40>
          │    │                │      └ <function BaseHTTPMiddleware.__call__.<locals>.call_next.<locals>.receive_or_disconnect at 0x115811ee0>
          │    │                └ {'type': 'http', 'asgi': {'version': '3.0', 'spec_version': '2.3'}, 'http_version': '1.1', 'server': ('127.0.0.1', 8000), 'cl...
          │    └ <bound method APIRouter.app of <fastapi.routing.APIRouter object at 0x11534d6d0>>
          └ <fastapi.routing.APIRouter object at 0x11534d6d0>
  File "/Users/sunquanhu/Library/Caches/pypoetry/virtualenvs/personal-workspace-app-wk1FpBNh-py3.12/lib/python3.12/site-packages/fastapi/routing.py", line 2734, in app
    await route.handle(scope, receive, send)
          │     │      │      │        └ <function wrap_app_handling_exceptions.<locals>.wrapped_app.<locals>.sender at 0x115828a40>
          │     │      │      └ <function BaseHTTPMiddleware.__call__.<locals>.call_next.<locals>.receive_or_disconnect at 0x115811ee0>
          │     │      └ {'type': 'http', 'asgi': {'version': '3.0', 'spec_version': '2.3'}, 'http_version': '1.1', 'server': ('127.0.0.1', 8000), 'cl...
          │     └ <function _IncludedRouter.handle at 0x111d20720>
          └ _IncludedRouter(original_router=<fastapi.routing.APIRouter object at 0x112e9b680>, include_context=_RouterIncludeContext(incl...
  File "/Users/sunquanhu/Library/Caches/pypoetry/virtualenvs/personal-workspace-app-wk1FpBNh-py3.12/lib/python3.12/site-packages/fastapi/routing.py", line 1780, in handle
    await self.original_router.handle(scope, receive, send)
          │    │               │      │      │        └ <function wrap_app_handling_exceptions.<locals>.wrapped_app.<locals>.sender at 0x115828a40>
          │    │               │      │      └ <function BaseHTTPMiddleware.__call__.<locals>.call_next.<locals>.receive_or_disconnect at 0x115811ee0>
          │    │               │      └ {'type': 'http', 'asgi': {'version': '3.0', 'spec_version': '2.3'}, 'http_version': '1.1', 'server': ('127.0.0.1', 8000), 'cl...
          │    │               └ <function APIRouter.handle at 0x111d227a0>
          │    └ <fastapi.routing.APIRouter object at 0x112e9b680>
          └ _IncludedRouter(original_router=<fastapi.routing.APIRouter object at 0x112e9b680>, include_context=_RouterIncludeContext(incl...
  File "/Users/sunquanhu/Library/Caches/pypoetry/virtualenvs/personal-workspace-app-wk1FpBNh-py3.12/lib/python3.12/site-packages/fastapi/routing.py", line 2789, in handle
    await included_router._handle_selected(scope, receive, send)
          │               │                │      │        └ <function wrap_app_handling_exceptions.<locals>.wrapped_app.<locals>.sender at 0x115828a40>
          │               │                │      └ <function BaseHTTPMiddleware.__call__.<locals>.call_next.<locals>.receive_or_disconnect at 0x115811ee0>
          │               │                └ {'type': 'http', 'asgi': {'version': '3.0', 'spec_version': '2.3'}, 'http_version': '1.1', 'server': ('127.0.0.1', 8000), 'cl...
          │               └ <function _IncludedRouter._handle_selected at 0x111d207c0>
          └ _IncludedRouter(original_router=<fastapi.routing.APIRouter object at 0x112e9b680>, include_context=_RouterIncludeContext(incl...
  File "/Users/sunquanhu/Library/Caches/pypoetry/virtualenvs/personal-workspace-app-wk1FpBNh-py3.12/lib/python3.12/site-packages/fastapi/routing.py", line 1800, in _handle_selected
    await original_route.handle(scope, receive, send)
          │              │      │      │        └ <function wrap_app_handling_exceptions.<locals>.wrapped_app.<locals>.sender at 0x115828a40>
          │              │      │      └ <function BaseHTTPMiddleware.__call__.<locals>.call_next.<locals>.receive_or_disconnect at 0x115811ee0>
          │              │      └ {'type': 'http', 'asgi': {'version': '3.0', 'spec_version': '2.3'}, 'http_version': '1.1', 'server': ('127.0.0.1', 8000), 'cl...
          │              └ <function APIRoute.handle at 0x111cf2840>
          └ APIRoute(path='/chat/streamChat', name='chatStreamEndpoint', methods=['POST'])
  File "/Users/sunquanhu/Library/Caches/pypoetry/virtualenvs/personal-workspace-app-wk1FpBNh-py3.12/lib/python3.12/site-packages/fastapi/routing.py", line 1279, in handle
    await app(scope, receive, send)
          │   │      │        └ <function wrap_app_handling_exceptions.<locals>.wrapped_app.<locals>.sender at 0x115828a40>
          │   │      └ <function BaseHTTPMiddleware.__call__.<locals>.call_next.<locals>.receive_or_disconnect at 0x115811ee0>
          │   └ {'type': 'http', 'asgi': {'version': '3.0', 'spec_version': '2.3'}, 'http_version': '1.1', 'server': ('127.0.0.1', 8000), 'cl...
          └ <function request_response.<locals>.app at 0x115828c20>
  File "/Users/sunquanhu/Library/Caches/pypoetry/virtualenvs/personal-workspace-app-wk1FpBNh-py3.12/lib/python3.12/site-packages/fastapi/routing.py", line 158, in app
    await wrap_app_handling_exceptions(app, request)(scope, receive, send)
          │                            │    │        │      │        └ <function wrap_app_handling_exceptions.<locals>.wrapped_app.<locals>.sender at 0x115828a40>
          │                            │    │        │      └ <function BaseHTTPMiddleware.__call__.<locals>.call_next.<locals>.receive_or_disconnect at 0x115811ee0>
          │                            │    │        └ {'type': 'http', 'asgi': {'version': '3.0', 'spec_version': '2.3'}, 'http_version': '1.1', 'server': ('127.0.0.1', 8000), 'cl...
          │                            │    └ <starlette.requests.Request object at 0x1158193d0>
          │                            └ <function request_response.<locals>.app.<locals>.app at 0x115828ae0>
          └ <function wrap_app_handling_exceptions at 0x111cb98a0>
  File "/Users/sunquanhu/Library/Caches/pypoetry/virtualenvs/personal-workspace-app-wk1FpBNh-py3.12/lib/python3.12/site-packages/starlette/_exception_handler.py", line 53, in wrapped_app
    raise exc
  File "/Users/sunquanhu/Library/Caches/pypoetry/virtualenvs/personal-workspace-app-wk1FpBNh-py3.12/lib/python3.12/site-packages/starlette/_exception_handler.py", line 42, in wrapped_app
    await app(scope, receive, sender)
          │   │      │        └ <function wrap_app_handling_exceptions.<locals>.wrapped_app.<locals>.sender at 0x115828d60>
          │   │      └ <function BaseHTTPMiddleware.__call__.<locals>.call_next.<locals>.receive_or_disconnect at 0x115811ee0>
          │   └ {'type': 'http', 'asgi': {'version': '3.0', 'spec_version': '2.3'}, 'http_version': '1.1', 'server': ('127.0.0.1', 8000), 'cl...
          └ <function request_response.<locals>.app.<locals>.app at 0x115828ae0>
  File "/Users/sunquanhu/Library/Caches/pypoetry/virtualenvs/personal-workspace-app-wk1FpBNh-py3.12/lib/python3.12/site-packages/fastapi/routing.py", line 145, in app
    await response(scope, receive, send)
          │        │      │        └ <function wrap_app_handling_exceptions.<locals>.wrapped_app.<locals>.sender at 0x115828d60>
          │        │      └ <function BaseHTTPMiddleware.__call__.<locals>.call_next.<locals>.receive_or_disconnect at 0x115811ee0>
          │        └ {'type': 'http', 'asgi': {'version': '3.0', 'spec_version': '2.3'}, 'http_version': '1.1', 'server': ('127.0.0.1', 8000), 'cl...
          └ <starlette.responses.StreamingResponse object at 0x11534e240>
  File "/Users/sunquanhu/Library/Caches/pypoetry/virtualenvs/personal-workspace-app-wk1FpBNh-py3.12/lib/python3.12/site-packages/starlette/responses.py", line 273, in __call__
    async with create_collapsing_task_group() as task_group:
               │                                 └ <anyio._backends._asyncio.TaskGroup object at 0x11534e270>
               └ <function create_collapsing_task_group at 0x111710d60>
  File "/Users/sunquanhu/.pyenv/versions/3.12.2/lib/python3.12/contextlib.py", line 231, in __aexit__
    await self.gen.athrow(value)
          │    │   │      └ CancelledError('Cancelled via cancel scope 1157be850')
          │    │   └ <method 'athrow' of 'async_generator' objects>
          │    └ <async_generator object create_collapsing_task_group at 0x1157f0240>
          └ <contextlib._AsyncGeneratorContextManager object at 0x11524a930>
  File "/Users/sunquanhu/Library/Caches/pypoetry/virtualenvs/personal-workspace-app-wk1FpBNh-py3.12/lib/python3.12/site-packages/starlette/_utils.py", line 93, in create_collapsing_task_group
    raise exc from exc.__cause__ or context
          │        │   │            └ None
          │        │   └ <attribute '__cause__' of 'BaseException' objects>
          │        └ ValueError('Invalid template: content=\'\\n     # Role & Identity\\n    你是一名专业、严谨且富有亲和力的全能 AI 智能助手。你的目标是为用户提供准确、清晰且视觉体验良好的解答。...
          └ ValueError('Invalid template: content=\'\\n     # Role & Identity\\n    你是一名专业、严谨且富有亲和力的全能 AI 智能助手。你的目标是为用户提供准确、清晰且视觉体验良好的解答。...
  File "/Users/sunquanhu/Library/Caches/pypoetry/virtualenvs/personal-workspace-app-wk1FpBNh-py3.12/lib/python3.12/site-packages/anyio/_core/_tasks.py", line 275, in _run_coro
    retval = await self._coro
  File "/Users/sunquanhu/Library/Caches/pypoetry/virtualenvs/personal-workspace-app-wk1FpBNh-py3.12/lib/python3.12/site-packages/starlette/responses.py", line 276, in wrap
    await func()
          └ functools.partial(<bound method StreamingResponse.stream_response of <starlette.responses.StreamingResponse object at 0x11534...
  File "/Users/sunquanhu/Library/Caches/pypoetry/virtualenvs/personal-workspace-app-wk1FpBNh-py3.12/lib/python3.12/site-packages/starlette/responses.py", line 250, in stream_response
    async for chunk in self.body_iterator:
                       │    └ <async_generator object chat_stream at 0x1157aa2b0>
                       └ <starlette.responses.StreamingResponse object at 0x11534e240>

  File "/Users/sunquanhu/Projects/study/ai/personal-workspace/personal-workspace-app/src/personal_workspace_app/services/ChatStreamService.py", line 109, in chat_stream
    prompt = ChatPromptTemplate.from_messages(
             │                  └ <classmethod(<function ChatPromptTemplate.from_messages at 0x114035080>)>
             └ <class 'langchain_core.prompts.chat.ChatPromptTemplate'>

  File "/Users/sunquanhu/Library/Caches/pypoetry/virtualenvs/personal-workspace-app-wk1FpBNh-py3.12/lib/python3.12/site-packages/langchain_core/prompts/chat.py", line 1172, in from_messages
    return cls(messages, template_format=template_format)
           │   │                         └ 'f-string'
           │   └ [('system', SystemMessage(content='\n     # Role & Identity\n    你是一名专业、严谨且富有亲和力的全能 AI 智能助手。你的目标是为用户提供准确、清晰且视觉体验良好的解答。\n    #...
           └ <class 'langchain_core.prompts.chat.ChatPromptTemplate'>
  File "/Users/sunquanhu/Library/Caches/pypoetry/virtualenvs/personal-workspace-app-wk1FpBNh-py3.12/lib/python3.12/site-packages/langchain_core/prompts/chat.py", line 977, in __init__
    _convert_to_message_template(message, template_format)
    │                                     └ 'f-string'
    └ <function _convert_to_message_template at 0x114034fe0>
  File "/Users/sunquanhu/Library/Caches/pypoetry/virtualenvs/personal-workspace-app-wk1FpBNh-py3.12/lib/python3.12/site-packages/langchain_core/prompts/chat.py", line 1470, in _convert_to_message_template
    message_ = _create_template_from_message_type(
               └ <function _create_template_from_message_type at 0x112ee8c20>
  File "/Users/sunquanhu/Library/Caches/pypoetry/virtualenvs/personal-workspace-app-wk1FpBNh-py3.12/lib/python3.12/site-packages/langchain_core/prompts/chat.py", line 1368, in _create_template_from_message_type
    message = SystemMessagePromptTemplate.from_template(
              │                           └ <classmethod(<function _StringImageMessagePromptTemplate.from_template at 0x113febe20>)>
              └ <class 'langchain_core.prompts.chat.SystemMessagePromptTemplate'>
  File "/Users/sunquanhu/Library/Caches/pypoetry/virtualenvs/personal-workspace-app-wk1FpBNh-py3.12/lib/python3.12/site-packages/langchain_core/prompts/chat.py", line 534, in from_template
    raise ValueError(msg)
                     └ 'Invalid template: content=\'\\n     # Role & Identity\\n    你是一名专业、严谨且富有亲和力的全能 AI 智能助手。你的目标是为用户提供准确、清晰且视觉体验良好的解答。\\n    # Ou...

ValueError: Invalid template: content='\n     # Role & Identity\n    你是一名专业、严谨且富有亲和力的全能 AI 智能助手。你的目标是为用户提供准确、清晰且视觉体验良好的解答。\n    # Output Format Specifications\n    你的回答需要兼顾“自然语言阅读”与“结构化 UI 展示”。请严格遵守以下渲染与输出协议：\n    ## 1. 基础文本与 Markdown 规范\n      - 对于常规的解答、分析、逻辑推导与代码展示，必须直接使用标准的 Markdown 语法。\n      - 内容应结构清晰，分段合理，适度使用加粗与列表提升可读性。\n    ## 2. 服务端驱动 UI（SDUI）卡片协议\n        当回答中包含特定类型的数据时，**禁止使用纯文本堆砌**，必须使用以下指定的特殊代码块格式输出 JSON 卡片。前端系统将自动拦截这些代码块并渲染为高阶 UI 组件：\n            ### (1) 核心指标卡片 (`json:widget/metric`)\n                - **触发场景**：展示气象数据、统计数值、KPI 指标、单值对比等突出数值信息时。\n                - **输出格式**：\n                    ```json:widget/metric\n                        {{\n                          "title": "指标名称",\n                          "main_value": "核心数值 (例如: 26°C 或 $1,280)",\n                          "sub_value": "辅助说明或状态 (例如: 多云转晴 | 湿度 65%)",\n                         "trend": "up" // 可选: "up" | "down" | "neutral"\n                        }}\n                   ```\n\n           ### (2) 属性网格卡片 (`json:widget/kv_grid`)\n                - **触发场景**：展示实体档案、参数配置、日程属性、多项键值对数据时。\n                - **输出格式**：\n                    ```json:widget/kv_grid\n                        {{\n                            "title": "卡片标题",\n                             "badge": "标签 (可选，例如: 已核实)",\n                             "items": [\n                                { "label": "属性名称 1", "value": "属性值 1" },\n                                { "label": "属性名称 2", "value": "属性值 2" }\n                              ]\n                        }}\n                    ```\n\n            ### (3) 表格数据卡片 (`json:widget/table`)\n            - **触发场景**：展示多行多列的列表数据（如对比表、清单、排行榜）时。\n            - **输出格式**：\n            ```json:widget/table\n            {{\n              "title": "表格标题",\n              "columns": ["列头 1", "列头 2", "列头 3"],\n              "rows": [\n                ["数据 1-1", "数据 1-2", "数据 1-3"],\n                ["数据 2-1", "数据 2-2", "数据 2-3"]\n              ]\n            }}\n            ```\n\n# Constraints & Safety Guidelines\n1. **JSON 格式严格性**：所有 `json:widget/*` 代码块内的 JSON 数据必须符合严格的 JSON 规范，不得添加任何尾随逗号（Trailing commas），不得包含解析不出的特殊控制字符。\n2. **标签规范**：代码块开头的语言标记（如 `json:widget/metric`）必须严格按原样输出，不要修改拼写，不要附加额外的反引号或包裹。\n3. **真实性原则**：如果在结构化卡片中引用了数据，确保数据来源客观可靠；未知的数据字段应留空或标注“暂无”，严禁捏造伪造数据。\n\n# Few-Shot Examples\n\n<example>\n[User]: 帮我查一下杭州今天的天气和简要基本信息。\n\n[Assistant]:\n好的，已为您查到杭州今日最新的气象与城市概览：\n\n```json:widget/metric\n{{\n  "title": "杭州当前气温",\n  "main_value": "26°C",\n  "sub_value": "多云转晴 | 东南风 3 级",\n  "trend": "neutral"\n}}\n```\n\n以下是城市的基础档案资料：\n\n```json:widget/kv_grid\n{{\n  "title": "杭州城市档案",\n  "badge": "官方数据",\n  "items": [\n    { "label": "行政区划", "value": "浙江省省会 / 副省级市" },\n    { "label": "气候类型", "value": "亚热带季风气候" },\n    { "label": "著名景点", "value": "西湖、良渚古城遗址、千岛湖" }\n  ]\n}}\n```\n\n如果您还需要了解具体景点的门票或路线规划，请随时告诉我！\n</example>\n    ' additional_kwargs={} response_metadata={}
2026-09-09 10:06:52.298 | ERROR    | [83503f5b23164a51803e6f2ec1e299bc] | personal_workspace_app.services.ChatStreamService:chat_stream:150 - 模型限流
2026-09-09 10:06:52.299 | ERROR    | [83503f5b23164a51803e6f2ec1e299bc] | personal_workspace_app.services.ChatStreamService:chat_stream:151 - Error code: 429 - [{'error': {'code': 429, 'message': 'You exceeded your current quota, please check your plan and billing details. For more information on this error, head to: https://ai.google.dev/gemini-api/docs/rate-limits. To monitor your current usage, head to: https://ai.dev/rate-limit. \n* Quota exceeded for metric: generativelanguage.googleapis.com/generate_content_free_tier_requests, limit: 20, model: gemini-3.6-flash\nPlease retry in 7.725734104s.', 'status': 'RESOURCE_EXHAUSTED', 'details': [{'@type': 'type.googleapis.com/google.rpc.Help', 'links': [{'description': 'Learn more about Gemini API quotas', 'url': 'https://ai.google.dev/gemini-api/docs/rate-limits'}]}, {'@type': 'type.googleapis.com/google.rpc.QuotaFailure', 'violations': [{'quotaMetric': 'generativelanguage.googleapis.com/generate_content_free_tier_requests', 'quotaId': 'GenerateRequestsPerDayPerProjectPerModel-FreeTier', 'quotaDimensions': {'location': 'global', 'model': 'gemini-3.6-flash'}, 'quotaValue': '20'}]}, {'@type': 'type.googleapis.com/google.rpc.RetryInfo', 'retryDelay': '7s'}]}}]
2026-09-09 10:07:16.321 | ERROR    | [6f1304290d3043a78cf7dec5e8e3212b] | personal_workspace_app.services.ChatStreamService:chat_stream:150 - 模型限流
2026-09-09 10:07:16.322 | ERROR    | [6f1304290d3043a78cf7dec5e8e3212b] | personal_workspace_app.services.ChatStreamService:chat_stream:151 - Error code: 429 - [{'error': {'code': 429, 'message': 'You exceeded your current quota, please check your plan and billing details. For more information on this error, head to: https://ai.google.dev/gemini-api/docs/rate-limits. To monitor your current usage, head to: https://ai.dev/rate-limit. \n* Quota exceeded for metric: generativelanguage.googleapis.com/generate_content_free_tier_requests, limit: 20, model: gemini-3.6-flash\nPlease retry in 43.798502343s.', 'status': 'RESOURCE_EXHAUSTED', 'details': [{'@type': 'type.googleapis.com/google.rpc.Help', 'links': [{'description': 'Learn more about Gemini API quotas', 'url': 'https://ai.google.dev/gemini-api/docs/rate-limits'}]}, {'@type': 'type.googleapis.com/google.rpc.QuotaFailure', 'violations': [{'quotaMetric': 'generativelanguage.googleapis.com/generate_content_free_tier_requests', 'quotaId': 'GenerateRequestsPerDayPerProjectPerModel-FreeTier', 'quotaDimensions': {'model': 'gemini-3.6-flash', 'location': 'global'}, 'quotaValue': '20'}]}, {'@type': 'type.googleapis.com/google.rpc.RetryInfo', 'retryDelay': '43s'}]}}]
2026-09-09 10:45:01.867 | ERROR    | [3d97e2b015eb45fc81a3e2c431ef06a7] | logging:callHandlers:1762 - 【系统未知异常】Path: /api/v1/chat/streamChat | Error: Missing credentials. Please pass an `api_key`, `workload_identity`, `admin_api_key`, or set the `OPENAI_API_KEY` or `OPENAI_ADMIN_KEY` environment variable.
Traceback (most recent call last):

  File "/Users/sunquanhu/.pyenv/versions/3.12.2/lib/python3.12/runpy.py", line 198, in _run_module_as_main
    return _run_code(code, main_globals, None,
           │         │     └ {'__name__': '__main__', '__doc__': None, '__package__': '', '__loader__': <_frozen_importlib_external.SourceFileLoader objec...
           │         └ <code object <module> at 0x102565c50, file "/private/var/folders/7v/223c2ym14gb3wzg9l33myc380000gn/T/debugpy69653884798475276...
           └ <function _run_code at 0x102589f80>
  File "/Users/sunquanhu/.pyenv/versions/3.12.2/lib/python3.12/runpy.py", line 88, in _run_code
    exec(code, run_globals)
         │     └ {'__name__': '__main__', '__doc__': None, '__package__': '', '__loader__': <_frozen_importlib_external.SourceFileLoader objec...
         └ <code object <module> at 0x102565c50, file "/private/var/folders/7v/223c2ym14gb3wzg9l33myc380000gn/T/debugpy69653884798475276...

  File "/private/var/folders/7v/223c2ym14gb3wzg9l33myc380000gn/T/debugpy6965388479847527625/debugpy/adapter/../../debugpy/launcher/../../debugpy/__main__.py", line 71, in <module>
    cli.main()
    │   └ <function main at 0x10413fba0>
    └ <module 'debugpy.server.cli' from '/private/var/folders/7v/223c2ym14gb3wzg9l33myc380000gn/T/debugpy6965388479847527625/debugp...

  File "/private/var/folders/7v/223c2ym14gb3wzg9l33myc380000gn/T/debugpy6965388479847527625/debugpy/adapter/../../debugpy/launcher/../../debugpy/../debugpy/server/cli.py", line 542, in main
    run()
    └ <function run_file at 0x10413f920>

  File "/private/var/folders/7v/223c2ym14gb3wzg9l33myc380000gn/T/debugpy6965388479847527625/debugpy/adapter/../../debugpy/launcher/../../debugpy/../debugpy/server/cli.py", line 361, in run_file
    runpy.run_path(target, run_name="__main__")
    │     │        └ '/Users/sunquanhu/Projects/study/ai/personal-workspace/personal-workspace-app/src/personal_workspace_app/__main__.py'
    │     └ <function run_path at 0x103713ec0>
    └ <module '_pydevd_bundle.pydevd_runpy' from '/private/var/folders/7v/223c2ym14gb3wzg9l33myc380000gn/T/debugpy69653884798475276...

  File "/private/var/folders/7v/223c2ym14gb3wzg9l33myc380000gn/T/debugpy6965388479847527625/debugpy/_vendored/pydevd/_pydevd_bundle/pydevd_runpy.py", line 310, in run_path
    return _run_module_code(code, init_globals, run_name, pkg_name=pkg_name, script_name=fname)
           │                │     │             │                  │                     └ '/Users/sunquanhu/Projects/study/ai/personal-workspace/personal-workspace-app/src/personal_workspace_app/__main__.py'
           │                │     │             │                  └ ''
           │                │     │             └ '__main__'
           │                │     └ None
           │                └ <code object <module> at 0x1041ac630, file "/Users/sunquanhu/Projects/study/ai/personal-workspace/personal-workspace-app/src/...
           └ <function _run_module_code at 0x103713b00>

  File "/private/var/folders/7v/223c2ym14gb3wzg9l33myc380000gn/T/debugpy6965388479847527625/debugpy/_vendored/pydevd/_pydevd_bundle/pydevd_runpy.py", line 127, in _run_module_code
    _run_code(code, mod_globals, init_globals, mod_name, mod_spec, pkg_name, script_name)
    │         │     │            │             │         │         │         └ '/Users/sunquanhu/Projects/study/ai/personal-workspace/personal-workspace-app/src/personal_workspace_app/__main__.py'
    │         │     │            │             │         │         └ ''
    │         │     │            │             │         └ None
    │         │     │            │             └ '__main__'
    │         │     │            └ None
    │         │     └ {'__name__': '__main__', '__doc__': None, '__package__': '', '__loader__': None, '__spec__': None, '__file__': '/Users/sunqua...
    │         └ <code object <module> at 0x1041ac630, file "/Users/sunquanhu/Projects/study/ai/personal-workspace/personal-workspace-app/src/...
    └ <function _run_code at 0x1037136a0>

  File "/private/var/folders/7v/223c2ym14gb3wzg9l33myc380000gn/T/debugpy6965388479847527625/debugpy/_vendored/pydevd/_pydevd_bundle/pydevd_runpy.py", line 118, in _run_code
    exec(code, run_globals)
         │     └ {'__name__': '__main__', '__doc__': None, '__package__': '', '__loader__': None, '__spec__': None, '__file__': '/Users/sunqua...
         └ <code object <module> at 0x1041ac630, file "/Users/sunquanhu/Projects/study/ai/personal-workspace/personal-workspace-app/src/...

  File "/Users/sunquanhu/Projects/study/ai/personal-workspace/personal-workspace-app/src/personal_workspace_app/__main__.py", line 33, in <module>
    uvicorn.run(app, host="0.0.0.0", port=8000, reload=False, loop="asyncio")
    │       │   └ <fastapi.applications.FastAPI object at 0x1089bd5e0>
    │       └ <function run at 0x1043d18a0>
    └ <module 'uvicorn' from '/Users/sunquanhu/Library/Caches/pypoetry/virtualenvs/personal-workspace-app-wk1FpBNh-py3.12/lib/pytho...

  File "/Users/sunquanhu/Library/Caches/pypoetry/virtualenvs/personal-workspace-app-wk1FpBNh-py3.12/lib/python3.12/site-packages/uvicorn/main.py", line 621, in run
    server.run()
    │      └ <function Server.run at 0x104499260>
    └ <uvicorn.server.Server object at 0x1043c20f0>
  File "/Users/sunquanhu/Library/Caches/pypoetry/virtualenvs/personal-workspace-app-wk1FpBNh-py3.12/lib/python3.12/site-packages/uvicorn/server.py", line 77, in run
    return asyncio_run(self.serve(sockets=sockets), loop_factory=self.config.get_loop_factory())
           │           │    │             │                      │    │      └ <function Config.get_loop_factory at 0x1043d1440>
           │           │    │             │                      │    └ <uvicorn.config.Config object at 0x10890ec30>
           │           │    │             │                      └ <uvicorn.server.Server object at 0x1043c20f0>
           │           │    │             └ None
           │           │    └ <function Server.serve at 0x104499300>
           │           └ <uvicorn.server.Server object at 0x1043c20f0>
           └ <function run at 0x1042967a0>
  File "/Users/sunquanhu/.pyenv/versions/3.12.2/lib/python3.12/asyncio/runners.py", line 194, in run
    return runner.run(main)
           │      │   └ <coroutine object Server.serve at 0x1089a65e0>
           │      └ <function Runner.run at 0x1042f6c00>
           └ <asyncio.runners.Runner object at 0x1089bd670>
  File "/Users/sunquanhu/.pyenv/versions/3.12.2/lib/python3.12/asyncio/runners.py", line 118, in run
    return self._loop.run_until_complete(task)
           │    │     │                  └ <Task pending name='Task-1' coro=<Server.serve() running at /Users/sunquanhu/Library/Caches/pypoetry/virtualenvs/personal-wor...
           │    │     └ <function BaseEventLoop.run_until_complete at 0x1042f4860>
           │    └ <_UnixSelectorEventLoop running=True closed=False debug=False>
           └ <asyncio.runners.Runner object at 0x1089bd670>
  File "/Users/sunquanhu/.pyenv/versions/3.12.2/lib/python3.12/asyncio/base_events.py", line 672, in run_until_complete
    self.run_forever()
    │    └ <function BaseEventLoop.run_forever at 0x1042f47c0>
    └ <_UnixSelectorEventLoop running=True closed=False debug=False>
  File "/Users/sunquanhu/.pyenv/versions/3.12.2/lib/python3.12/asyncio/base_events.py", line 639, in run_forever
    self._run_once()
    │    └ <function BaseEventLoop._run_once at 0x1042f65c0>
    └ <_UnixSelectorEventLoop running=True closed=False debug=False>
  File "/Users/sunquanhu/.pyenv/versions/3.12.2/lib/python3.12/asyncio/base_events.py", line 1985, in _run_once
    handle._run()
    │      └ <function Handle._run at 0x104282980>
    └ <Handle Task.task_wakeup(<Future finished result=None>)>
  File "/Users/sunquanhu/.pyenv/versions/3.12.2/lib/python3.12/asyncio/events.py", line 88, in _run
    self._context.run(self._callback, *self._args)
    │    │            │    │           │    └ <member '_args' of 'Handle' objects>
    │    │            │    │           └ <Handle Task.task_wakeup(<Future finished result=None>)>
    │    │            │    └ <member '_callback' of 'Handle' objects>
    │    │            └ <Handle Task.task_wakeup(<Future finished result=None>)>
    │    └ <member '_context' of 'Handle' objects>
    └ <Handle Task.task_wakeup(<Future finished result=None>)>
  File "/Users/sunquanhu/Library/Caches/pypoetry/virtualenvs/personal-workspace-app-wk1FpBNh-py3.12/lib/python3.12/site-packages/uvicorn/protocols/http/httptools_impl.py", line 422, in run_asgi
    result = await app(  # type: ignore[func-returns-value]
                   └ <uvicorn.middleware.proxy_headers.ProxyHeadersMiddleware object at 0x1089f16a0>
  File "/Users/sunquanhu/Library/Caches/pypoetry/virtualenvs/personal-workspace-app-wk1FpBNh-py3.12/lib/python3.12/site-packages/uvicorn/middleware/proxy_headers.py", line 63, in __call__
    return await self.app(scope, receive, send)
                 │    │   │      │        └ <bound method RequestResponseCycle.send of <uvicorn.protocols.http.httptools_impl.RequestResponseCycle object at 0x108a471d0>>
                 │    │   │      └ <bound method RequestResponseCycle.receive of <uvicorn.protocols.http.httptools_impl.RequestResponseCycle object at 0x108a471...
                 │    │   └ {'type': 'http', 'asgi': {'version': '3.0', 'spec_version': '2.3'}, 'http_version': '1.1', 'server': ('127.0.0.1', 8000), 'cl...
                 │    └ <fastapi.applications.FastAPI object at 0x1089bd5e0>
                 └ <uvicorn.middleware.proxy_headers.ProxyHeadersMiddleware object at 0x1089f16a0>
  File "/Users/sunquanhu/Library/Caches/pypoetry/virtualenvs/personal-workspace-app-wk1FpBNh-py3.12/lib/python3.12/site-packages/fastapi/applications.py", line 1163, in __call__
    await super().__call__(scope, receive, send)
                           │      │        └ <bound method RequestResponseCycle.send of <uvicorn.protocols.http.httptools_impl.RequestResponseCycle object at 0x108a471d0>>
                           │      └ <bound method RequestResponseCycle.receive of <uvicorn.protocols.http.httptools_impl.RequestResponseCycle object at 0x108a471...
                           └ {'type': 'http', 'asgi': {'version': '3.0', 'spec_version': '2.3'}, 'http_version': '1.1', 'server': ('127.0.0.1', 8000), 'cl...
  File "/Users/sunquanhu/Library/Caches/pypoetry/virtualenvs/personal-workspace-app-wk1FpBNh-py3.12/lib/python3.12/site-packages/starlette/applications.py", line 96, in __call__
    await self.middleware_stack(scope, receive, send)
          │    │                │      │        └ <bound method RequestResponseCycle.send of <uvicorn.protocols.http.httptools_impl.RequestResponseCycle object at 0x108a471d0>>
          │    │                │      └ <bound method RequestResponseCycle.receive of <uvicorn.protocols.http.httptools_impl.RequestResponseCycle object at 0x108a471...
          │    │                └ {'type': 'http', 'asgi': {'version': '3.0', 'spec_version': '2.3'}, 'http_version': '1.1', 'server': ('127.0.0.1', 8000), 'cl...
          │    └ <starlette.middleware.errors.ServerErrorMiddleware object at 0x108a46840>
          └ <fastapi.applications.FastAPI object at 0x1089bd5e0>
> File "/Users/sunquanhu/Library/Caches/pypoetry/virtualenvs/personal-workspace-app-wk1FpBNh-py3.12/lib/python3.12/site-packages/starlette/middleware/errors.py", line 164, in __call__
    await self.app(scope, receive, _send)
          │    │   │      │        └ <function ServerErrorMiddleware.__call__.<locals>._send at 0x108a5e7a0>
          │    │   │      └ <bound method RequestResponseCycle.receive of <uvicorn.protocols.http.httptools_impl.RequestResponseCycle object at 0x108a471...
          │    │   └ {'type': 'http', 'asgi': {'version': '3.0', 'spec_version': '2.3'}, 'http_version': '1.1', 'server': ('127.0.0.1', 8000), 'cl...
          │    └ <personal_workspace_app.core.trace_middleware.TraceAndLogMiddleware object at 0x108a468a0>
          └ <starlette.middleware.errors.ServerErrorMiddleware object at 0x108a46840>
  File "/Users/sunquanhu/Library/Caches/pypoetry/virtualenvs/personal-workspace-app-wk1FpBNh-py3.12/lib/python3.12/site-packages/starlette/middleware/base.py", line 198, in __call__
    raise app_exc
          └ OpenAIError('Missing credentials. Please pass an `api_key`, `workload_identity`, `admin_api_key`, or set the `OPENAI_API_KEY`...
  File "/Users/sunquanhu/Library/Caches/pypoetry/virtualenvs/personal-workspace-app-wk1FpBNh-py3.12/lib/python3.12/site-packages/starlette/middleware/base.py", line 144, in coro
    await self.app(scope, receive_or_disconnect, send_no_error)
          │    │   │      │                      └ <function BaseHTTPMiddleware.__call__.<locals>.call_next.<locals>.send_no_error at 0x108ac87c0>
          │    │   │      └ <function BaseHTTPMiddleware.__call__.<locals>.call_next.<locals>.receive_or_disconnect at 0x108ab1ee0>
          │    │   └ {'type': 'http', 'asgi': {'version': '3.0', 'spec_version': '2.3'}, 'http_version': '1.1', 'server': ('127.0.0.1', 8000), 'cl...
          │    └ <starlette.middleware.exceptions.ExceptionMiddleware object at 0x108a46810>
          └ <personal_workspace_app.core.trace_middleware.TraceAndLogMiddleware object at 0x108a468a0>
  File "/Users/sunquanhu/Library/Caches/pypoetry/virtualenvs/personal-workspace-app-wk1FpBNh-py3.12/lib/python3.12/site-packages/starlette/middleware/exceptions.py", line 63, in __call__
    await wrap_app_handling_exceptions(self.app, conn)(scope, receive, send)
          │                            │    │    │     │      │        └ <function BaseHTTPMiddleware.__call__.<locals>.call_next.<locals>.send_no_error at 0x108ac87c0>
          │                            │    │    │     │      └ <function BaseHTTPMiddleware.__call__.<locals>.call_next.<locals>.receive_or_disconnect at 0x108ab1ee0>
          │                            │    │    │     └ {'type': 'http', 'asgi': {'version': '3.0', 'spec_version': '2.3'}, 'http_version': '1.1', 'server': ('127.0.0.1', 8000), 'cl...
          │                            │    │    └ <starlette.requests.Request object at 0x108a10110>
          │                            │    └ <fastapi.middleware.asyncexitstack.AsyncExitStackMiddleware object at 0x108a467b0>
          │                            └ <starlette.middleware.exceptions.ExceptionMiddleware object at 0x108a46810>
          └ <function wrap_app_handling_exceptions at 0x104bf98a0>
  File "/Users/sunquanhu/Library/Caches/pypoetry/virtualenvs/personal-workspace-app-wk1FpBNh-py3.12/lib/python3.12/site-packages/starlette/_exception_handler.py", line 53, in wrapped_app
    raise exc
  File "/Users/sunquanhu/Library/Caches/pypoetry/virtualenvs/personal-workspace-app-wk1FpBNh-py3.12/lib/python3.12/site-packages/starlette/_exception_handler.py", line 42, in wrapped_app
    await app(scope, receive, sender)
          │   │      │        └ <function wrap_app_handling_exceptions.<locals>.wrapped_app.<locals>.sender at 0x1089c1940>
          │   │      └ <function BaseHTTPMiddleware.__call__.<locals>.call_next.<locals>.receive_or_disconnect at 0x108ab1ee0>
          │   └ {'type': 'http', 'asgi': {'version': '3.0', 'spec_version': '2.3'}, 'http_version': '1.1', 'server': ('127.0.0.1', 8000), 'cl...
          └ <fastapi.middleware.asyncexitstack.AsyncExitStackMiddleware object at 0x108a467b0>
  File "/Users/sunquanhu/Library/Caches/pypoetry/virtualenvs/personal-workspace-app-wk1FpBNh-py3.12/lib/python3.12/site-packages/fastapi/middleware/asyncexitstack.py", line 18, in __call__
    await self.app(scope, receive, send)
          │    │   │      │        └ <function wrap_app_handling_exceptions.<locals>.wrapped_app.<locals>.sender at 0x1089c1940>
          │    │   │      └ <function BaseHTTPMiddleware.__call__.<locals>.call_next.<locals>.receive_or_disconnect at 0x108ab1ee0>
          │    │   └ {'type': 'http', 'asgi': {'version': '3.0', 'spec_version': '2.3'}, 'http_version': '1.1', 'server': ('127.0.0.1', 8000), 'cl...
          │    └ <fastapi.routing.APIRouter object at 0x1089bd760>
          └ <fastapi.middleware.asyncexitstack.AsyncExitStackMiddleware object at 0x108a467b0>
  File "/Users/sunquanhu/Library/Caches/pypoetry/virtualenvs/personal-workspace-app-wk1FpBNh-py3.12/lib/python3.12/site-packages/starlette/routing.py", line 670, in __call__
    await self.middleware_stack(scope, receive, send)
          │    │                │      │        └ <function wrap_app_handling_exceptions.<locals>.wrapped_app.<locals>.sender at 0x1089c1940>
          │    │                │      └ <function BaseHTTPMiddleware.__call__.<locals>.call_next.<locals>.receive_or_disconnect at 0x108ab1ee0>
          │    │                └ {'type': 'http', 'asgi': {'version': '3.0', 'spec_version': '2.3'}, 'http_version': '1.1', 'server': ('127.0.0.1', 8000), 'cl...
          │    └ <bound method APIRouter.app of <fastapi.routing.APIRouter object at 0x1089bd760>>
          └ <fastapi.routing.APIRouter object at 0x1089bd760>
  File "/Users/sunquanhu/Library/Caches/pypoetry/virtualenvs/personal-workspace-app-wk1FpBNh-py3.12/lib/python3.12/site-packages/fastapi/routing.py", line 2734, in app
    await route.handle(scope, receive, send)
          │     │      │      │        └ <function wrap_app_handling_exceptions.<locals>.wrapped_app.<locals>.sender at 0x1089c1940>
          │     │      │      └ <function BaseHTTPMiddleware.__call__.<locals>.call_next.<locals>.receive_or_disconnect at 0x108ab1ee0>
          │     │      └ {'type': 'http', 'asgi': {'version': '3.0', 'spec_version': '2.3'}, 'http_version': '1.1', 'server': ('127.0.0.1', 8000), 'cl...
          │     └ <function _IncludedRouter.handle at 0x1051a4720>
          └ _IncludedRouter(original_router=<fastapi.routing.APIRouter object at 0x10632b710>, include_context=_RouterIncludeContext(incl...
  File "/Users/sunquanhu/Library/Caches/pypoetry/virtualenvs/personal-workspace-app-wk1FpBNh-py3.12/lib/python3.12/site-packages/fastapi/routing.py", line 1780, in handle
    await self.original_router.handle(scope, receive, send)
          │    │               │      │      │        └ <function wrap_app_handling_exceptions.<locals>.wrapped_app.<locals>.sender at 0x1089c1940>
          │    │               │      │      └ <function BaseHTTPMiddleware.__call__.<locals>.call_next.<locals>.receive_or_disconnect at 0x108ab1ee0>
          │    │               │      └ {'type': 'http', 'asgi': {'version': '3.0', 'spec_version': '2.3'}, 'http_version': '1.1', 'server': ('127.0.0.1', 8000), 'cl...
          │    │               └ <function APIRouter.handle at 0x1051a67a0>
          │    └ <fastapi.routing.APIRouter object at 0x10632b710>
          └ _IncludedRouter(original_router=<fastapi.routing.APIRouter object at 0x10632b710>, include_context=_RouterIncludeContext(incl...
  File "/Users/sunquanhu/Library/Caches/pypoetry/virtualenvs/personal-workspace-app-wk1FpBNh-py3.12/lib/python3.12/site-packages/fastapi/routing.py", line 2789, in handle
    await included_router._handle_selected(scope, receive, send)
          │               │                │      │        └ <function wrap_app_handling_exceptions.<locals>.wrapped_app.<locals>.sender at 0x1089c1940>
          │               │                │      └ <function BaseHTTPMiddleware.__call__.<locals>.call_next.<locals>.receive_or_disconnect at 0x108ab1ee0>
          │               │                └ {'type': 'http', 'asgi': {'version': '3.0', 'spec_version': '2.3'}, 'http_version': '1.1', 'server': ('127.0.0.1', 8000), 'cl...
          │               └ <function _IncludedRouter._handle_selected at 0x1051a47c0>
          └ _IncludedRouter(original_router=<fastapi.routing.APIRouter object at 0x10632b710>, include_context=_RouterIncludeContext(incl...
  File "/Users/sunquanhu/Library/Caches/pypoetry/virtualenvs/personal-workspace-app-wk1FpBNh-py3.12/lib/python3.12/site-packages/fastapi/routing.py", line 1800, in _handle_selected
    await original_route.handle(scope, receive, send)
          │              │      │      │        └ <function wrap_app_handling_exceptions.<locals>.wrapped_app.<locals>.sender at 0x1089c1940>
          │              │      │      └ <function BaseHTTPMiddleware.__call__.<locals>.call_next.<locals>.receive_or_disconnect at 0x108ab1ee0>
          │              │      └ {'type': 'http', 'asgi': {'version': '3.0', 'spec_version': '2.3'}, 'http_version': '1.1', 'server': ('127.0.0.1', 8000), 'cl...
          │              └ <function APIRoute.handle at 0x105176840>
          └ APIRoute(path='/chat/streamChat', name='chatStreamEndpoint', methods=['POST'])
  File "/Users/sunquanhu/Library/Caches/pypoetry/virtualenvs/personal-workspace-app-wk1FpBNh-py3.12/lib/python3.12/site-packages/fastapi/routing.py", line 1279, in handle
    await app(scope, receive, send)
          │   │      │        └ <function wrap_app_handling_exceptions.<locals>.wrapped_app.<locals>.sender at 0x1089c1940>
          │   │      └ <function BaseHTTPMiddleware.__call__.<locals>.call_next.<locals>.receive_or_disconnect at 0x108ab1ee0>
          │   └ {'type': 'http', 'asgi': {'version': '3.0', 'spec_version': '2.3'}, 'http_version': '1.1', 'server': ('127.0.0.1', 8000), 'cl...
          └ <function request_response.<locals>.app at 0x108ac8b80>
  File "/Users/sunquanhu/Library/Caches/pypoetry/virtualenvs/personal-workspace-app-wk1FpBNh-py3.12/lib/python3.12/site-packages/fastapi/routing.py", line 158, in app
    await wrap_app_handling_exceptions(app, request)(scope, receive, send)
          │                            │    │        │      │        └ <function wrap_app_handling_exceptions.<locals>.wrapped_app.<locals>.sender at 0x1089c1940>
          │                            │    │        │      └ <function BaseHTTPMiddleware.__call__.<locals>.call_next.<locals>.receive_or_disconnect at 0x108ab1ee0>
          │                            │    │        └ {'type': 'http', 'asgi': {'version': '3.0', 'spec_version': '2.3'}, 'http_version': '1.1', 'server': ('127.0.0.1', 8000), 'cl...
          │                            │    └ <starlette.requests.Request object at 0x108ab9520>
          │                            └ <function request_response.<locals>.app.<locals>.app at 0x108ac8a40>
          └ <function wrap_app_handling_exceptions at 0x104bf98a0>
  File "/Users/sunquanhu/Library/Caches/pypoetry/virtualenvs/personal-workspace-app-wk1FpBNh-py3.12/lib/python3.12/site-packages/starlette/_exception_handler.py", line 53, in wrapped_app
    raise exc
  File "/Users/sunquanhu/Library/Caches/pypoetry/virtualenvs/personal-workspace-app-wk1FpBNh-py3.12/lib/python3.12/site-packages/starlette/_exception_handler.py", line 42, in wrapped_app
    await app(scope, receive, sender)
          │   │      │        └ <function wrap_app_handling_exceptions.<locals>.wrapped_app.<locals>.sender at 0x108ac8cc0>
          │   │      └ <function BaseHTTPMiddleware.__call__.<locals>.call_next.<locals>.receive_or_disconnect at 0x108ab1ee0>
          │   └ {'type': 'http', 'asgi': {'version': '3.0', 'spec_version': '2.3'}, 'http_version': '1.1', 'server': ('127.0.0.1', 8000), 'cl...
          └ <function request_response.<locals>.app.<locals>.app at 0x108ac8a40>
  File "/Users/sunquanhu/Library/Caches/pypoetry/virtualenvs/personal-workspace-app-wk1FpBNh-py3.12/lib/python3.12/site-packages/fastapi/routing.py", line 145, in app
    await response(scope, receive, send)
          │        │      │        └ <function wrap_app_handling_exceptions.<locals>.wrapped_app.<locals>.sender at 0x108ac8cc0>
          │        │      └ <function BaseHTTPMiddleware.__call__.<locals>.call_next.<locals>.receive_or_disconnect at 0x108ab1ee0>
          │        └ {'type': 'http', 'asgi': {'version': '3.0', 'spec_version': '2.3'}, 'http_version': '1.1', 'server': ('127.0.0.1', 8000), 'cl...
          └ <starlette.responses.StreamingResponse object at 0x108ab9c70>
  File "/Users/sunquanhu/Library/Caches/pypoetry/virtualenvs/personal-workspace-app-wk1FpBNh-py3.12/lib/python3.12/site-packages/starlette/responses.py", line 273, in __call__
    async with create_collapsing_task_group() as task_group:
               │                                 └ <anyio._backends._asyncio.TaskGroup object at 0x108ab9a30>
               └ <function create_collapsing_task_group at 0x104b98d60>
  File "/Users/sunquanhu/.pyenv/versions/3.12.2/lib/python3.12/contextlib.py", line 231, in __aexit__
    await self.gen.athrow(value)
          │    │   │      └ CancelledError('Cancelled via cancel scope 108a5e850')
          │    │   └ <method 'athrow' of 'async_generator' objects>
          │    └ <async_generator object create_collapsing_task_group at 0x108a90240>
          └ <contextlib._AsyncGeneratorContextManager object at 0x1089bfec0>
  File "/Users/sunquanhu/Library/Caches/pypoetry/virtualenvs/personal-workspace-app-wk1FpBNh-py3.12/lib/python3.12/site-packages/starlette/_utils.py", line 93, in create_collapsing_task_group
    raise exc from exc.__cause__ or context
          │        │   │            └ None
          │        │   └ <attribute '__cause__' of 'BaseException' objects>
          │        └ OpenAIError('Missing credentials. Please pass an `api_key`, `workload_identity`, `admin_api_key`, or set the `OPENAI_API_KEY`...
          └ OpenAIError('Missing credentials. Please pass an `api_key`, `workload_identity`, `admin_api_key`, or set the `OPENAI_API_KEY`...
  File "/Users/sunquanhu/Library/Caches/pypoetry/virtualenvs/personal-workspace-app-wk1FpBNh-py3.12/lib/python3.12/site-packages/anyio/_core/_tasks.py", line 275, in _run_coro
    retval = await self._coro
  File "/Users/sunquanhu/Library/Caches/pypoetry/virtualenvs/personal-workspace-app-wk1FpBNh-py3.12/lib/python3.12/site-packages/starlette/responses.py", line 276, in wrap
    await func()
          └ functools.partial(<bound method StreamingResponse.stream_response of <starlette.responses.StreamingResponse object at 0x108ab...
  File "/Users/sunquanhu/Library/Caches/pypoetry/virtualenvs/personal-workspace-app-wk1FpBNh-py3.12/lib/python3.12/site-packages/starlette/responses.py", line 250, in stream_response
    async for chunk in self.body_iterator:
                       │    └ <async_generator object chat_stream at 0x108a4a2b0>
                       └ <starlette.responses.StreamingResponse object at 0x108ab9c70>

  File "/Users/sunquanhu/Projects/study/ai/personal-workspace/personal-workspace-app/src/personal_workspace_app/services/ChatStreamService.py", line 17, in chat_stream
    llm = get_chat_model("qwen3.7-flash")
          └ <function get_chat_model at 0x108976ca0>

  File "/Users/sunquanhu/Projects/study/ai/personal-workspace/personal-workspace-app/src/personal_workspace_app/core/model_manager.py", line 8, in get_chat_model
    return ChatOpenAI()
           └ <class 'langchain_openai.chat_models.base.ChatOpenAI'>

  File "/Users/sunquanhu/Library/Caches/pypoetry/virtualenvs/personal-workspace-app-wk1FpBNh-py3.12/lib/python3.12/site-packages/langchain_core/load/serializable.py", line 136, in __init__
    super().__init__(*args, **kwargs)
                      │       └ {}
                      └ ()
  File "/Users/sunquanhu/Library/Caches/pypoetry/virtualenvs/personal-workspace-app-wk1FpBNh-py3.12/lib/python3.12/site-packages/pydantic/main.py", line 263, in __init__
    validated_self = self.__pydantic_validator__.validate_python(data, self_instance=self)
                     │    │                      │               │                   └ ChatOpenAI(metadata={'lc_versions': {'langchain-core': '1.6.1', 'langchain-openai': '1.6.0'}}, profile={'name': 'GPT-3.5-turb...
                     │    │                      │               └ {'model_kwargs': {}}
                     │    │                      └ <method 'validate_python' of 'pydantic_core._pydantic_core.SchemaValidator' objects>
                     │    └ SchemaValidator(title="ChatOpenAI", validator=FunctionAfter(
                     │          FunctionAfterValidator {
                     │              validator: FunctionAfter(
                     │       ...
                     └ ChatOpenAI(metadata={'lc_versions': {'langchain-core': '1.6.1', 'langchain-openai': '1.6.0'}}, profile={'name': 'GPT-3.5-turb...
  File "/Users/sunquanhu/Library/Caches/pypoetry/virtualenvs/personal-workspace-app-wk1FpBNh-py3.12/lib/python3.12/site-packages/langchain_openai/chat_models/base.py", line 1441, in validate_environment
    self.root_async_client = openai.AsyncOpenAI(
    │    │                   │      └ <class 'openai.AsyncOpenAI'>
    │    │                   └ <module 'openai' from '/Users/sunquanhu/Library/Caches/pypoetry/virtualenvs/personal-workspace-app-wk1FpBNh-py3.12/lib/python...
    │    └ None
    └ ChatOpenAI(metadata={'lc_versions': {'langchain-core': '1.6.1', 'langchain-openai': '1.6.0'}}, profile={'name': 'GPT-3.5-turb...
  File "/Users/sunquanhu/Library/Caches/pypoetry/virtualenvs/personal-workspace-app-wk1FpBNh-py3.12/lib/python3.12/site-packages/openai/_client.py", line 1019, in __init__
    raise OpenAIError(
          └ <class 'openai.OpenAIError'>

openai.OpenAIError: Missing credentials. Please pass an `api_key`, `workload_identity`, `admin_api_key`, or set the `OPENAI_API_KEY` or `OPENAI_ADMIN_KEY` environment variable.
2026-09-09 10:47:14.948 | ERROR    | [15bb4bf37dea4d6aa3f5777acaa74a33] | logging:callHandlers:1762 - 【系统未知异常】Path: /api/v1/chat/streamChat | Error: Missing credentials. Please pass an `api_key`, `workload_identity`, `admin_api_key`, or set the `OPENAI_API_KEY` or `OPENAI_ADMIN_KEY` environment variable.
Traceback (most recent call last):

  File "/Users/sunquanhu/.pyenv/versions/3.12.2/lib/python3.12/runpy.py", line 198, in _run_module_as_main
    return _run_code(code, main_globals, None,
           │         │     └ {'__name__': '__main__', '__doc__': None, '__package__': '', '__loader__': <_frozen_importlib_external.SourceFileLoader objec...
           │         └ <code object <module> at 0x104fb5c50, file "/private/var/folders/7v/223c2ym14gb3wzg9l33myc380000gn/T/debugpy69653884798475276...
           └ <function _run_code at 0x104fd9f80>
  File "/Users/sunquanhu/.pyenv/versions/3.12.2/lib/python3.12/runpy.py", line 88, in _run_code
    exec(code, run_globals)
         │     └ {'__name__': '__main__', '__doc__': None, '__package__': '', '__loader__': <_frozen_importlib_external.SourceFileLoader objec...
         └ <code object <module> at 0x104fb5c50, file "/private/var/folders/7v/223c2ym14gb3wzg9l33myc380000gn/T/debugpy69653884798475276...

  File "/private/var/folders/7v/223c2ym14gb3wzg9l33myc380000gn/T/debugpy6965388479847527625/debugpy/adapter/../../debugpy/launcher/../../debugpy/__main__.py", line 71, in <module>
    cli.main()
    │   └ <function main at 0x106b8fba0>
    └ <module 'debugpy.server.cli' from '/private/var/folders/7v/223c2ym14gb3wzg9l33myc380000gn/T/debugpy6965388479847527625/debugp...

  File "/private/var/folders/7v/223c2ym14gb3wzg9l33myc380000gn/T/debugpy6965388479847527625/debugpy/adapter/../../debugpy/launcher/../../debugpy/../debugpy/server/cli.py", line 542, in main
    run()
    └ <function run_file at 0x106b8f920>

  File "/private/var/folders/7v/223c2ym14gb3wzg9l33myc380000gn/T/debugpy6965388479847527625/debugpy/adapter/../../debugpy/launcher/../../debugpy/../debugpy/server/cli.py", line 361, in run_file
    runpy.run_path(target, run_name="__main__")
    │     │        └ '/Users/sunquanhu/Projects/study/ai/personal-workspace/personal-workspace-app/src/personal_workspace_app/__main__.py'
    │     └ <function run_path at 0x106163ec0>
    └ <module '_pydevd_bundle.pydevd_runpy' from '/private/var/folders/7v/223c2ym14gb3wzg9l33myc380000gn/T/debugpy69653884798475276...

  File "/private/var/folders/7v/223c2ym14gb3wzg9l33myc380000gn/T/debugpy6965388479847527625/debugpy/_vendored/pydevd/_pydevd_bundle/pydevd_runpy.py", line 310, in run_path
    return _run_module_code(code, init_globals, run_name, pkg_name=pkg_name, script_name=fname)
           │                │     │             │                  │                     └ '/Users/sunquanhu/Projects/study/ai/personal-workspace/personal-workspace-app/src/personal_workspace_app/__main__.py'
           │                │     │             │                  └ ''
           │                │     │             └ '__main__'
           │                │     └ None
           │                └ <code object <module> at 0x106bfc630, file "/Users/sunquanhu/Projects/study/ai/personal-workspace/personal-workspace-app/src/...
           └ <function _run_module_code at 0x106163b00>

  File "/private/var/folders/7v/223c2ym14gb3wzg9l33myc380000gn/T/debugpy6965388479847527625/debugpy/_vendored/pydevd/_pydevd_bundle/pydevd_runpy.py", line 127, in _run_module_code
    _run_code(code, mod_globals, init_globals, mod_name, mod_spec, pkg_name, script_name)
    │         │     │            │             │         │         │         └ '/Users/sunquanhu/Projects/study/ai/personal-workspace/personal-workspace-app/src/personal_workspace_app/__main__.py'
    │         │     │            │             │         │         └ ''
    │         │     │            │             │         └ None
    │         │     │            │             └ '__main__'
    │         │     │            └ None
    │         │     └ {'__name__': '__main__', '__doc__': None, '__package__': '', '__loader__': None, '__spec__': None, '__file__': '/Users/sunqua...
    │         └ <code object <module> at 0x106bfc630, file "/Users/sunquanhu/Projects/study/ai/personal-workspace/personal-workspace-app/src/...
    └ <function _run_code at 0x1061636a0>

  File "/private/var/folders/7v/223c2ym14gb3wzg9l33myc380000gn/T/debugpy6965388479847527625/debugpy/_vendored/pydevd/_pydevd_bundle/pydevd_runpy.py", line 118, in _run_code
    exec(code, run_globals)
         │     └ {'__name__': '__main__', '__doc__': None, '__package__': '', '__loader__': None, '__spec__': None, '__file__': '/Users/sunqua...
         └ <code object <module> at 0x106bfc630, file "/Users/sunquanhu/Projects/study/ai/personal-workspace/personal-workspace-app/src/...

  File "/Users/sunquanhu/Projects/study/ai/personal-workspace/personal-workspace-app/src/personal_workspace_app/__main__.py", line 33, in <module>
    uvicorn.run(app, host="0.0.0.0", port=8000, reload=False, loop="asyncio")
    │       │   └ <fastapi.applications.FastAPI object at 0x10b2515e0>
    │       └ <function run at 0x106e1d8a0>
    └ <module 'uvicorn' from '/Users/sunquanhu/Library/Caches/pypoetry/virtualenvs/personal-workspace-app-wk1FpBNh-py3.12/lib/pytho...

  File "/Users/sunquanhu/Library/Caches/pypoetry/virtualenvs/personal-workspace-app-wk1FpBNh-py3.12/lib/python3.12/site-packages/uvicorn/main.py", line 621, in run
    server.run()
    │      └ <function Server.run at 0x106ee9260>
    └ <uvicorn.server.Server object at 0x106e0e150>
  File "/Users/sunquanhu/Library/Caches/pypoetry/virtualenvs/personal-workspace-app-wk1FpBNh-py3.12/lib/python3.12/site-packages/uvicorn/server.py", line 77, in run
    return asyncio_run(self.serve(sockets=sockets), loop_factory=self.config.get_loop_factory())
           │           │    │             │                      │    │      └ <function Config.get_loop_factory at 0x106e1d440>
           │           │    │             │                      │    └ <uvicorn.config.Config object at 0x10b251df0>
           │           │    │             │                      └ <uvicorn.server.Server object at 0x106e0e150>
           │           │    │             └ None
           │           │    └ <function Server.serve at 0x106ee9300>
           │           └ <uvicorn.server.Server object at 0x106e0e150>
           └ <function run at 0x106ce67a0>
  File "/Users/sunquanhu/.pyenv/versions/3.12.2/lib/python3.12/asyncio/runners.py", line 194, in run
    return runner.run(main)
           │      │   └ <coroutine object Server.serve at 0x10b2325e0>
           │      └ <function Runner.run at 0x106d46c00>
           └ <asyncio.runners.Runner object at 0x10b2522a0>
  File "/Users/sunquanhu/.pyenv/versions/3.12.2/lib/python3.12/asyncio/runners.py", line 118, in run
    return self._loop.run_until_complete(task)
           │    │     │                  └ <Task pending name='Task-1' coro=<Server.serve() running at /Users/sunquanhu/Library/Caches/pypoetry/virtualenvs/personal-wor...
           │    │     └ <function BaseEventLoop.run_until_complete at 0x106d44860>
           │    └ <_UnixSelectorEventLoop running=True closed=False debug=False>
           └ <asyncio.runners.Runner object at 0x10b2522a0>
  File "/Users/sunquanhu/.pyenv/versions/3.12.2/lib/python3.12/asyncio/base_events.py", line 672, in run_until_complete
    self.run_forever()
    │    └ <function BaseEventLoop.run_forever at 0x106d447c0>
    └ <_UnixSelectorEventLoop running=True closed=False debug=False>
  File "/Users/sunquanhu/.pyenv/versions/3.12.2/lib/python3.12/asyncio/base_events.py", line 639, in run_forever
    self._run_once()
    │    └ <function BaseEventLoop._run_once at 0x106d465c0>
    └ <_UnixSelectorEventLoop running=True closed=False debug=False>
  File "/Users/sunquanhu/.pyenv/versions/3.12.2/lib/python3.12/asyncio/base_events.py", line 1985, in _run_once
    handle._run()
    │      └ <function Handle._run at 0x106cd2980>
    └ <Handle Task.task_wakeup(<Future finished result=None>)>
  File "/Users/sunquanhu/.pyenv/versions/3.12.2/lib/python3.12/asyncio/events.py", line 88, in _run
    self._context.run(self._callback, *self._args)
    │    │            │    │           │    └ <member '_args' of 'Handle' objects>
    │    │            │    │           └ <Handle Task.task_wakeup(<Future finished result=None>)>
    │    │            │    └ <member '_callback' of 'Handle' objects>
    │    │            └ <Handle Task.task_wakeup(<Future finished result=None>)>
    │    └ <member '_context' of 'Handle' objects>
    └ <Handle Task.task_wakeup(<Future finished result=None>)>
  File "/Users/sunquanhu/Library/Caches/pypoetry/virtualenvs/personal-workspace-app-wk1FpBNh-py3.12/lib/python3.12/site-packages/uvicorn/protocols/http/httptools_impl.py", line 422, in run_asgi
    result = await app(  # type: ignore[func-returns-value]
                   └ <uvicorn.middleware.proxy_headers.ProxyHeadersMiddleware object at 0x10b16f8f0>
  File "/Users/sunquanhu/Library/Caches/pypoetry/virtualenvs/personal-workspace-app-wk1FpBNh-py3.12/lib/python3.12/site-packages/uvicorn/middleware/proxy_headers.py", line 63, in __call__
    return await self.app(scope, receive, send)
                 │    │   │      │        └ <bound method RequestResponseCycle.send of <uvicorn.protocols.http.httptools_impl.RequestResponseCycle object at 0x10b6aaed0>>
                 │    │   │      └ <bound method RequestResponseCycle.receive of <uvicorn.protocols.http.httptools_impl.RequestResponseCycle object at 0x10b6aae...
                 │    │   └ {'type': 'http', 'asgi': {'version': '3.0', 'spec_version': '2.3'}, 'http_version': '1.1', 'server': ('127.0.0.1', 8000), 'cl...
                 │    └ <fastapi.applications.FastAPI object at 0x10b2515e0>
                 └ <uvicorn.middleware.proxy_headers.ProxyHeadersMiddleware object at 0x10b16f8f0>
  File "/Users/sunquanhu/Library/Caches/pypoetry/virtualenvs/personal-workspace-app-wk1FpBNh-py3.12/lib/python3.12/site-packages/fastapi/applications.py", line 1163, in __call__
    await super().__call__(scope, receive, send)
                           │      │        └ <bound method RequestResponseCycle.send of <uvicorn.protocols.http.httptools_impl.RequestResponseCycle object at 0x10b6aaed0>>
                           │      └ <bound method RequestResponseCycle.receive of <uvicorn.protocols.http.httptools_impl.RequestResponseCycle object at 0x10b6aae...
                           └ {'type': 'http', 'asgi': {'version': '3.0', 'spec_version': '2.3'}, 'http_version': '1.1', 'server': ('127.0.0.1', 8000), 'cl...
  File "/Users/sunquanhu/Library/Caches/pypoetry/virtualenvs/personal-workspace-app-wk1FpBNh-py3.12/lib/python3.12/site-packages/starlette/applications.py", line 96, in __call__
    await self.middleware_stack(scope, receive, send)
          │    │                │      │        └ <bound method RequestResponseCycle.send of <uvicorn.protocols.http.httptools_impl.RequestResponseCycle object at 0x10b6aaed0>>
          │    │                │      └ <bound method RequestResponseCycle.receive of <uvicorn.protocols.http.httptools_impl.RequestResponseCycle object at 0x10b6aae...
          │    │                └ {'type': 'http', 'asgi': {'version': '3.0', 'spec_version': '2.3'}, 'http_version': '1.1', 'server': ('127.0.0.1', 8000), 'cl...
          │    └ <starlette.middleware.errors.ServerErrorMiddleware object at 0x10b6aa780>
          └ <fastapi.applications.FastAPI object at 0x10b2515e0>
> File "/Users/sunquanhu/Library/Caches/pypoetry/virtualenvs/personal-workspace-app-wk1FpBNh-py3.12/lib/python3.12/site-packages/starlette/middleware/errors.py", line 164, in __call__
    await self.app(scope, receive, _send)
          │    │   │      │        └ <function ServerErrorMiddleware.__call__.<locals>._send at 0x10b6c2840>
          │    │   │      └ <bound method RequestResponseCycle.receive of <uvicorn.protocols.http.httptools_impl.RequestResponseCycle object at 0x10b6aae...
          │    │   └ {'type': 'http', 'asgi': {'version': '3.0', 'spec_version': '2.3'}, 'http_version': '1.1', 'server': ('127.0.0.1', 8000), 'cl...
          │    └ <personal_workspace_app.core.trace_middleware.TraceAndLogMiddleware object at 0x10b662960>
          └ <starlette.middleware.errors.ServerErrorMiddleware object at 0x10b6aa780>
  File "/Users/sunquanhu/Library/Caches/pypoetry/virtualenvs/personal-workspace-app-wk1FpBNh-py3.12/lib/python3.12/site-packages/starlette/middleware/base.py", line 198, in __call__
    raise app_exc
          └ OpenAIError('Missing credentials. Please pass an `api_key`, `workload_identity`, `admin_api_key`, or set the `OPENAI_API_KEY`...
  File "/Users/sunquanhu/Library/Caches/pypoetry/virtualenvs/personal-workspace-app-wk1FpBNh-py3.12/lib/python3.12/site-packages/starlette/middleware/base.py", line 144, in coro
    await self.app(scope, receive_or_disconnect, send_no_error)
          │    │   │      │                      └ <function BaseHTTPMiddleware.__call__.<locals>.call_next.<locals>.send_no_error at 0x10b72c7c0>
          │    │   │      └ <function BaseHTTPMiddleware.__call__.<locals>.call_next.<locals>.receive_or_disconnect at 0x10b715ee0>
          │    │   └ {'type': 'http', 'asgi': {'version': '3.0', 'spec_version': '2.3'}, 'http_version': '1.1', 'server': ('127.0.0.1', 8000), 'cl...
          │    └ <starlette.middleware.exceptions.ExceptionMiddleware object at 0x10b662cc0>
          └ <personal_workspace_app.core.trace_middleware.TraceAndLogMiddleware object at 0x10b662960>
  File "/Users/sunquanhu/Library/Caches/pypoetry/virtualenvs/personal-workspace-app-wk1FpBNh-py3.12/lib/python3.12/site-packages/starlette/middleware/exceptions.py", line 63, in __call__
    await wrap_app_handling_exceptions(self.app, conn)(scope, receive, send)
          │                            │    │    │     │      │        └ <function BaseHTTPMiddleware.__call__.<locals>.call_next.<locals>.send_no_error at 0x10b72c7c0>
          │                            │    │    │     │      └ <function BaseHTTPMiddleware.__call__.<locals>.call_next.<locals>.receive_or_disconnect at 0x10b715ee0>
          │                            │    │    │     └ {'type': 'http', 'asgi': {'version': '3.0', 'spec_version': '2.3'}, 'http_version': '1.1', 'server': ('127.0.0.1', 8000), 'cl...
          │                            │    │    └ <starlette.requests.Request object at 0x10b252300>
          │                            │    └ <fastapi.middleware.asyncexitstack.AsyncExitStackMiddleware object at 0x10b677fb0>
          │                            └ <starlette.middleware.exceptions.ExceptionMiddleware object at 0x10b662cc0>
          └ <function wrap_app_handling_exceptions at 0x1076498a0>
  File "/Users/sunquanhu/Library/Caches/pypoetry/virtualenvs/personal-workspace-app-wk1FpBNh-py3.12/lib/python3.12/site-packages/starlette/_exception_handler.py", line 53, in wrapped_app
    raise exc
  File "/Users/sunquanhu/Library/Caches/pypoetry/virtualenvs/personal-workspace-app-wk1FpBNh-py3.12/lib/python3.12/site-packages/starlette/_exception_handler.py", line 42, in wrapped_app
    await app(scope, receive, sender)
          │   │      │        └ <function wrap_app_handling_exceptions.<locals>.wrapped_app.<locals>.sender at 0x10b72ca40>
          │   │      └ <function BaseHTTPMiddleware.__call__.<locals>.call_next.<locals>.receive_or_disconnect at 0x10b715ee0>
          │   └ {'type': 'http', 'asgi': {'version': '3.0', 'spec_version': '2.3'}, 'http_version': '1.1', 'server': ('127.0.0.1', 8000), 'cl...
          └ <fastapi.middleware.asyncexitstack.AsyncExitStackMiddleware object at 0x10b677fb0>
  File "/Users/sunquanhu/Library/Caches/pypoetry/virtualenvs/personal-workspace-app-wk1FpBNh-py3.12/lib/python3.12/site-packages/fastapi/middleware/asyncexitstack.py", line 18, in __call__
    await self.app(scope, receive, send)
          │    │   │      │        └ <function wrap_app_handling_exceptions.<locals>.wrapped_app.<locals>.sender at 0x10b72ca40>
          │    │   │      └ <function BaseHTTPMiddleware.__call__.<locals>.call_next.<locals>.receive_or_disconnect at 0x10b715ee0>
          │    │   └ {'type': 'http', 'asgi': {'version': '3.0', 'spec_version': '2.3'}, 'http_version': '1.1', 'server': ('127.0.0.1', 8000), 'cl...
          │    └ <fastapi.routing.APIRouter object at 0x10b251730>
          └ <fastapi.middleware.asyncexitstack.AsyncExitStackMiddleware object at 0x10b677fb0>
  File "/Users/sunquanhu/Library/Caches/pypoetry/virtualenvs/personal-workspace-app-wk1FpBNh-py3.12/lib/python3.12/site-packages/starlette/routing.py", line 670, in __call__
    await self.middleware_stack(scope, receive, send)
          │    │                │      │        └ <function wrap_app_handling_exceptions.<locals>.wrapped_app.<locals>.sender at 0x10b72ca40>
          │    │                │      └ <function BaseHTTPMiddleware.__call__.<locals>.call_next.<locals>.receive_or_disconnect at 0x10b715ee0>
          │    │                └ {'type': 'http', 'asgi': {'version': '3.0', 'spec_version': '2.3'}, 'http_version': '1.1', 'server': ('127.0.0.1', 8000), 'cl...
          │    └ <bound method APIRouter.app of <fastapi.routing.APIRouter object at 0x10b251730>>
          └ <fastapi.routing.APIRouter object at 0x10b251730>
  File "/Users/sunquanhu/Library/Caches/pypoetry/virtualenvs/personal-workspace-app-wk1FpBNh-py3.12/lib/python3.12/site-packages/fastapi/routing.py", line 2734, in app
    await route.handle(scope, receive, send)
          │     │      │      │        └ <function wrap_app_handling_exceptions.<locals>.wrapped_app.<locals>.sender at 0x10b72ca40>
          │     │      │      └ <function BaseHTTPMiddleware.__call__.<locals>.call_next.<locals>.receive_or_disconnect at 0x10b715ee0>
          │     │      └ {'type': 'http', 'asgi': {'version': '3.0', 'spec_version': '2.3'}, 'http_version': '1.1', 'server': ('127.0.0.1', 8000), 'cl...
          │     └ <function _IncludedRouter.handle at 0x107bf4720>
          └ _IncludedRouter(original_router=<fastapi.routing.APIRouter object at 0x108d7b8c0>, include_context=_RouterIncludeContext(incl...
  File "/Users/sunquanhu/Library/Caches/pypoetry/virtualenvs/personal-workspace-app-wk1FpBNh-py3.12/lib/python3.12/site-packages/fastapi/routing.py", line 1780, in handle
    await self.original_router.handle(scope, receive, send)
          │    │               │      │      │        └ <function wrap_app_handling_exceptions.<locals>.wrapped_app.<locals>.sender at 0x10b72ca40>
          │    │               │      │      └ <function BaseHTTPMiddleware.__call__.<locals>.call_next.<locals>.receive_or_disconnect at 0x10b715ee0>
          │    │               │      └ {'type': 'http', 'asgi': {'version': '3.0', 'spec_version': '2.3'}, 'http_version': '1.1', 'server': ('127.0.0.1', 8000), 'cl...
          │    │               └ <function APIRouter.handle at 0x107bf67a0>
          │    └ <fastapi.routing.APIRouter object at 0x108d7b8c0>
          └ _IncludedRouter(original_router=<fastapi.routing.APIRouter object at 0x108d7b8c0>, include_context=_RouterIncludeContext(incl...
  File "/Users/sunquanhu/Library/Caches/pypoetry/virtualenvs/personal-workspace-app-wk1FpBNh-py3.12/lib/python3.12/site-packages/fastapi/routing.py", line 2789, in handle
    await included_router._handle_selected(scope, receive, send)
          │               │                │      │        └ <function wrap_app_handling_exceptions.<locals>.wrapped_app.<locals>.sender at 0x10b72ca40>
          │               │                │      └ <function BaseHTTPMiddleware.__call__.<locals>.call_next.<locals>.receive_or_disconnect at 0x10b715ee0>
          │               │                └ {'type': 'http', 'asgi': {'version': '3.0', 'spec_version': '2.3'}, 'http_version': '1.1', 'server': ('127.0.0.1', 8000), 'cl...
          │               └ <function _IncludedRouter._handle_selected at 0x107bf47c0>
          └ _IncludedRouter(original_router=<fastapi.routing.APIRouter object at 0x108d7b8c0>, include_context=_RouterIncludeContext(incl...
  File "/Users/sunquanhu/Library/Caches/pypoetry/virtualenvs/personal-workspace-app-wk1FpBNh-py3.12/lib/python3.12/site-packages/fastapi/routing.py", line 1800, in _handle_selected
    await original_route.handle(scope, receive, send)
          │              │      │      │        └ <function wrap_app_handling_exceptions.<locals>.wrapped_app.<locals>.sender at 0x10b72ca40>
          │              │      │      └ <function BaseHTTPMiddleware.__call__.<locals>.call_next.<locals>.receive_or_disconnect at 0x10b715ee0>
          │              │      └ {'type': 'http', 'asgi': {'version': '3.0', 'spec_version': '2.3'}, 'http_version': '1.1', 'server': ('127.0.0.1', 8000), 'cl...
          │              └ <function APIRoute.handle at 0x107bc6840>
          └ APIRoute(path='/chat/streamChat', name='chatStreamEndpoint', methods=['POST'])
  File "/Users/sunquanhu/Library/Caches/pypoetry/virtualenvs/personal-workspace-app-wk1FpBNh-py3.12/lib/python3.12/site-packages/fastapi/routing.py", line 1279, in handle
    await app(scope, receive, send)
          │   │      │        └ <function wrap_app_handling_exceptions.<locals>.wrapped_app.<locals>.sender at 0x10b72ca40>
          │   │      └ <function BaseHTTPMiddleware.__call__.<locals>.call_next.<locals>.receive_or_disconnect at 0x10b715ee0>
          │   └ {'type': 'http', 'asgi': {'version': '3.0', 'spec_version': '2.3'}, 'http_version': '1.1', 'server': ('127.0.0.1', 8000), 'cl...
          └ <function request_response.<locals>.app at 0x10b72cb80>
  File "/Users/sunquanhu/Library/Caches/pypoetry/virtualenvs/personal-workspace-app-wk1FpBNh-py3.12/lib/python3.12/site-packages/fastapi/routing.py", line 158, in app
    await wrap_app_handling_exceptions(app, request)(scope, receive, send)
          │                            │    │        │      │        └ <function wrap_app_handling_exceptions.<locals>.wrapped_app.<locals>.sender at 0x10b72ca40>
          │                            │    │        │      └ <function BaseHTTPMiddleware.__call__.<locals>.call_next.<locals>.receive_or_disconnect at 0x10b715ee0>
          │                            │    │        └ {'type': 'http', 'asgi': {'version': '3.0', 'spec_version': '2.3'}, 'http_version': '1.1', 'server': ('127.0.0.1', 8000), 'cl...
          │                            │    └ <starlette.requests.Request object at 0x10b71d580>
          │                            └ <function request_response.<locals>.app.<locals>.app at 0x10b72cae0>
          └ <function wrap_app_handling_exceptions at 0x1076498a0>
  File "/Users/sunquanhu/Library/Caches/pypoetry/virtualenvs/personal-workspace-app-wk1FpBNh-py3.12/lib/python3.12/site-packages/starlette/_exception_handler.py", line 53, in wrapped_app
    raise exc
  File "/Users/sunquanhu/Library/Caches/pypoetry/virtualenvs/personal-workspace-app-wk1FpBNh-py3.12/lib/python3.12/site-packages/starlette/_exception_handler.py", line 42, in wrapped_app
    await app(scope, receive, sender)
          │   │      │        └ <function wrap_app_handling_exceptions.<locals>.wrapped_app.<locals>.sender at 0x10b72ccc0>
          │   │      └ <function BaseHTTPMiddleware.__call__.<locals>.call_next.<locals>.receive_or_disconnect at 0x10b715ee0>
          │   └ {'type': 'http', 'asgi': {'version': '3.0', 'spec_version': '2.3'}, 'http_version': '1.1', 'server': ('127.0.0.1', 8000), 'cl...
          └ <function request_response.<locals>.app.<locals>.app at 0x10b72cae0>
  File "/Users/sunquanhu/Library/Caches/pypoetry/virtualenvs/personal-workspace-app-wk1FpBNh-py3.12/lib/python3.12/site-packages/fastapi/routing.py", line 145, in app
    await response(scope, receive, send)
          │        │      │        └ <function wrap_app_handling_exceptions.<locals>.wrapped_app.<locals>.sender at 0x10b72ccc0>
          │        │      └ <function BaseHTTPMiddleware.__call__.<locals>.call_next.<locals>.receive_or_disconnect at 0x10b715ee0>
          │        └ {'type': 'http', 'asgi': {'version': '3.0', 'spec_version': '2.3'}, 'http_version': '1.1', 'server': ('127.0.0.1', 8000), 'cl...
          └ <starlette.responses.StreamingResponse object at 0x10b71dac0>
  File "/Users/sunquanhu/Library/Caches/pypoetry/virtualenvs/personal-workspace-app-wk1FpBNh-py3.12/lib/python3.12/site-packages/starlette/responses.py", line 273, in __call__
    async with create_collapsing_task_group() as task_group:
               │                                 └ <anyio._backends._asyncio.TaskGroup object at 0x10b71d820>
               └ <function create_collapsing_task_group at 0x1075e8d60>
  File "/Users/sunquanhu/.pyenv/versions/3.12.2/lib/python3.12/contextlib.py", line 231, in __aexit__
    await self.gen.athrow(value)
          │    │   │      └ CancelledError('Cancelled via cancel scope 10b72d1d0')
          │    │   └ <method 'athrow' of 'async_generator' objects>
          │    └ <async_generator object create_collapsing_task_group at 0x10b6f4240>
          └ <contextlib._AsyncGeneratorContextManager object at 0x10b674950>
  File "/Users/sunquanhu/Library/Caches/pypoetry/virtualenvs/personal-workspace-app-wk1FpBNh-py3.12/lib/python3.12/site-packages/starlette/_utils.py", line 93, in create_collapsing_task_group
    raise exc from exc.__cause__ or context
          │        │   │            └ None
          │        │   └ <attribute '__cause__' of 'BaseException' objects>
          │        └ OpenAIError('Missing credentials. Please pass an `api_key`, `workload_identity`, `admin_api_key`, or set the `OPENAI_API_KEY`...
          └ OpenAIError('Missing credentials. Please pass an `api_key`, `workload_identity`, `admin_api_key`, or set the `OPENAI_API_KEY`...
  File "/Users/sunquanhu/Library/Caches/pypoetry/virtualenvs/personal-workspace-app-wk1FpBNh-py3.12/lib/python3.12/site-packages/anyio/_core/_tasks.py", line 275, in _run_coro
    retval = await self._coro
  File "/Users/sunquanhu/Library/Caches/pypoetry/virtualenvs/personal-workspace-app-wk1FpBNh-py3.12/lib/python3.12/site-packages/starlette/responses.py", line 276, in wrap
    await func()
          └ functools.partial(<bound method StreamingResponse.stream_response of <starlette.responses.StreamingResponse object at 0x10b71...
  File "/Users/sunquanhu/Library/Caches/pypoetry/virtualenvs/personal-workspace-app-wk1FpBNh-py3.12/lib/python3.12/site-packages/starlette/responses.py", line 250, in stream_response
    async for chunk in self.body_iterator:
                       │    └ <async_generator object chat_stream at 0x10b6a62b0>
                       └ <starlette.responses.StreamingResponse object at 0x10b71dac0>

  File "/Users/sunquanhu/Projects/study/ai/personal-workspace/personal-workspace-app/src/personal_workspace_app/services/ChatStreamService.py", line 17, in chat_stream
    llm = get_chat_model("qwen3.7-flash")
          └ <function get_chat_model at 0x10b20aca0>

  File "/Users/sunquanhu/Projects/study/ai/personal-workspace/personal-workspace-app/src/personal_workspace_app/core/model_manager.py", line 8, in get_chat_model
    return ChatOpenAI()
           └ <class 'langchain_openai.chat_models.base.ChatOpenAI'>

  File "/Users/sunquanhu/Library/Caches/pypoetry/virtualenvs/personal-workspace-app-wk1FpBNh-py3.12/lib/python3.12/site-packages/langchain_core/load/serializable.py", line 136, in __init__
    super().__init__(*args, **kwargs)
                      │       └ {}
                      └ ()
  File "/Users/sunquanhu/Library/Caches/pypoetry/virtualenvs/personal-workspace-app-wk1FpBNh-py3.12/lib/python3.12/site-packages/pydantic/main.py", line 263, in __init__
    validated_self = self.__pydantic_validator__.validate_python(data, self_instance=self)
                     │    │                      │               │                   └ ChatOpenAI(metadata={'lc_versions': {'langchain-core': '1.6.1', 'langchain-openai': '1.6.0'}}, profile={'name': 'GPT-3.5-turb...
                     │    │                      │               └ {'model_kwargs': {}}
                     │    │                      └ <method 'validate_python' of 'pydantic_core._pydantic_core.SchemaValidator' objects>
                     │    └ SchemaValidator(title="ChatOpenAI", validator=FunctionAfter(
                     │          FunctionAfterValidator {
                     │              validator: FunctionAfter(
                     │       ...
                     └ ChatOpenAI(metadata={'lc_versions': {'langchain-core': '1.6.1', 'langchain-openai': '1.6.0'}}, profile={'name': 'GPT-3.5-turb...
  File "/Users/sunquanhu/Library/Caches/pypoetry/virtualenvs/personal-workspace-app-wk1FpBNh-py3.12/lib/python3.12/site-packages/langchain_openai/chat_models/base.py", line 1441, in validate_environment
    self.root_async_client = openai.AsyncOpenAI(
    │    │                   │      └ <class 'openai.AsyncOpenAI'>
    │    │                   └ <module 'openai' from '/Users/sunquanhu/Library/Caches/pypoetry/virtualenvs/personal-workspace-app-wk1FpBNh-py3.12/lib/python...
    │    └ None
    └ ChatOpenAI(metadata={'lc_versions': {'langchain-core': '1.6.1', 'langchain-openai': '1.6.0'}}, profile={'name': 'GPT-3.5-turb...
  File "/Users/sunquanhu/Library/Caches/pypoetry/virtualenvs/personal-workspace-app-wk1FpBNh-py3.12/lib/python3.12/site-packages/openai/_client.py", line 1019, in __init__
    raise OpenAIError(
          └ <class 'openai.OpenAIError'>

openai.OpenAIError: Missing credentials. Please pass an `api_key`, `workload_identity`, `admin_api_key`, or set the `OPENAI_API_KEY` or `OPENAI_ADMIN_KEY` environment variable.
2026-09-09 19:38:58.716 | ERROR    | [4ade859b346043b4850b3ae49f68d9cd] | personal_workspace_app.core.trace_middleware:dispatch:35 - <== HTTP Failed: POST /api/v1/kb/upload | Error: 'list' object has no attribute 'data' | Cost: 296.10ms
2026-09-09 19:38:58.718 | ERROR    | [4ade859b346043b4850b3ae49f68d9cd] | logging:callHandlers:1762 - 【系统未知异常】Path: /api/v1/kb/upload | Error: 'list' object has no attribute 'data'
Traceback (most recent call last):

  File "/Users/sunquanhu/.pyenv/versions/3.12.2/lib/python3.12/runpy.py", line 198, in _run_module_as_main
    return _run_code(code, main_globals, None,
           │         │     └ {'__name__': '__main__', '__doc__': None, '__package__': '', '__loader__': <_frozen_importlib_external.SourceFileLoader objec...
           │         └ <code object <module> at 0x10084dc50, file "/private/var/folders/7v/223c2ym14gb3wzg9l33myc380000gn/T/debugpy69653884798475276...
           └ <function _run_code at 0x100872020>
  File "/Users/sunquanhu/.pyenv/versions/3.12.2/lib/python3.12/runpy.py", line 88, in _run_code
    exec(code, run_globals)
         │     └ {'__name__': '__main__', '__doc__': None, '__package__': '', '__loader__': <_frozen_importlib_external.SourceFileLoader objec...
         └ <code object <module> at 0x10084dc50, file "/private/var/folders/7v/223c2ym14gb3wzg9l33myc380000gn/T/debugpy69653884798475276...

  File "/private/var/folders/7v/223c2ym14gb3wzg9l33myc380000gn/T/debugpy6965388479847527625/debugpy/adapter/../../debugpy/launcher/../../debugpy/__main__.py", line 71, in <module>
    cli.main()
    │   └ <function main at 0x102433ce0>
    └ <module 'debugpy.server.cli' from '/private/var/folders/7v/223c2ym14gb3wzg9l33myc380000gn/T/debugpy6965388479847527625/debugp...

  File "/private/var/folders/7v/223c2ym14gb3wzg9l33myc380000gn/T/debugpy6965388479847527625/debugpy/adapter/../../debugpy/launcher/../../debugpy/../debugpy/server/cli.py", line 542, in main
    run()
    └ <function run_file at 0x102433a60>

  File "/private/var/folders/7v/223c2ym14gb3wzg9l33myc380000gn/T/debugpy6965388479847527625/debugpy/adapter/../../debugpy/launcher/../../debugpy/../debugpy/server/cli.py", line 361, in run_file
    runpy.run_path(target, run_name="__main__")
    │     │        └ '/Users/sunquanhu/Projects/study/ai/personal-workspace/personal-workspace-app/src/personal_workspace_app/__main__.py'
    │     └ <function run_path at 0x101a38040>
    └ <module '_pydevd_bundle.pydevd_runpy' from '/private/var/folders/7v/223c2ym14gb3wzg9l33myc380000gn/T/debugpy69653884798475276...

  File "/private/var/folders/7v/223c2ym14gb3wzg9l33myc380000gn/T/debugpy6965388479847527625/debugpy/_vendored/pydevd/_pydevd_bundle/pydevd_runpy.py", line 310, in run_path
    return _run_module_code(code, init_globals, run_name, pkg_name=pkg_name, script_name=fname)
           │                │     │             │                  │                     └ '/Users/sunquanhu/Projects/study/ai/personal-workspace/personal-workspace-app/src/personal_workspace_app/__main__.py'
           │                │     │             │                  └ ''
           │                │     │             └ '__main__'
           │                │     └ None
           │                └ <code object <module> at 0x1024965b0, file "/Users/sunquanhu/Projects/study/ai/personal-workspace/personal-workspace-app/src/...
           └ <function _run_module_code at 0x1019ffc40>

  File "/private/var/folders/7v/223c2ym14gb3wzg9l33myc380000gn/T/debugpy6965388479847527625/debugpy/_vendored/pydevd/_pydevd_bundle/pydevd_runpy.py", line 127, in _run_module_code
    _run_code(code, mod_globals, init_globals, mod_name, mod_spec, pkg_name, script_name)
    │         │     │            │             │         │         │         └ '/Users/sunquanhu/Projects/study/ai/personal-workspace/personal-workspace-app/src/personal_workspace_app/__main__.py'
    │         │     │            │             │         │         └ ''
    │         │     │            │             │         └ None
    │         │     │            │             └ '__main__'
    │         │     │            └ None
    │         │     └ {'__name__': '__main__', '__doc__': None, '__package__': '', '__loader__': None, '__spec__': None, '__file__': '/Users/sunqua...
    │         └ <code object <module> at 0x1024965b0, file "/Users/sunquanhu/Projects/study/ai/personal-workspace/personal-workspace-app/src/...
    └ <function _run_code at 0x1019ff7e0>

  File "/private/var/folders/7v/223c2ym14gb3wzg9l33myc380000gn/T/debugpy6965388479847527625/debugpy/_vendored/pydevd/_pydevd_bundle/pydevd_runpy.py", line 118, in _run_code
    exec(code, run_globals)
         │     └ {'__name__': '__main__', '__doc__': None, '__package__': '', '__loader__': None, '__spec__': None, '__file__': '/Users/sunqua...
         └ <code object <module> at 0x1024965b0, file "/Users/sunquanhu/Projects/study/ai/personal-workspace/personal-workspace-app/src/...

  File "/Users/sunquanhu/Projects/study/ai/personal-workspace/personal-workspace-app/src/personal_workspace_app/__main__.py", line 37, in <module>
    uvicorn.run(app, host="0.0.0.0", port=8000, reload=False, loop="asyncio")
    │       │   └ <fastapi.applications.FastAPI object at 0x108466960>
    │       └ <function run at 0x1027940e0>
    └ <module 'uvicorn' from '/Users/sunquanhu/Projects/study/ai/personal-workspace/personal-workspace-app/.venv/lib/python3.12/sit...

  File "/Users/sunquanhu/Projects/study/ai/personal-workspace/personal-workspace-app/.venv/lib/python3.12/site-packages/uvicorn/main.py", line 621, in run
    server.run()
    │      └ <function Server.run at 0x1027954e0>
    └ <uvicorn.server.Server object at 0x1026ba480>
  File "/Users/sunquanhu/Projects/study/ai/personal-workspace/personal-workspace-app/.venv/lib/python3.12/site-packages/uvicorn/server.py", line 77, in run
    return asyncio_run(self.serve(sockets=sockets), loop_factory=self.config.get_loop_factory())
           │           │    │             │                      │    │      └ <function Config.get_loop_factory at 0x1026d1620>
           │           │    │             │                      │    └ <uvicorn.config.Config object at 0x1082df410>
           │           │    │             │                      └ <uvicorn.server.Server object at 0x1026ba480>
           │           │    │             └ None
           │           │    └ <function Server.serve at 0x102795580>
           │           └ <uvicorn.server.Server object at 0x1026ba480>
           └ <function run at 0x102596980>
  File "/Users/sunquanhu/.pyenv/versions/3.12.2/lib/python3.12/asyncio/runners.py", line 194, in run
    return runner.run(main)
           │      │   └ <coroutine object Server.serve at 0x10845dd20>
           │      └ <function Runner.run at 0x1025fade0>
           └ <asyncio.runners.Runner object at 0x108467470>
  File "/Users/sunquanhu/.pyenv/versions/3.12.2/lib/python3.12/asyncio/runners.py", line 118, in run
    return self._loop.run_until_complete(task)
           │    │     │                  └ <Task pending name='Task-1' coro=<Server.serve() running at /Users/sunquanhu/Projects/study/ai/personal-workspace/personal-wo...
           │    │     └ <function BaseEventLoop.run_until_complete at 0x1025f8a40>
           │    └ <_UnixSelectorEventLoop running=True closed=False debug=False>
           └ <asyncio.runners.Runner object at 0x108467470>
  File "/Users/sunquanhu/.pyenv/versions/3.12.2/lib/python3.12/asyncio/base_events.py", line 672, in run_until_complete
    self.run_forever()
    │    └ <function BaseEventLoop.run_forever at 0x1025f89a0>
    └ <_UnixSelectorEventLoop running=True closed=False debug=False>
  File "/Users/sunquanhu/.pyenv/versions/3.12.2/lib/python3.12/asyncio/base_events.py", line 639, in run_forever
    self._run_once()
    │    └ <function BaseEventLoop._run_once at 0x1025fa7a0>
    └ <_UnixSelectorEventLoop running=True closed=False debug=False>
  File "/Users/sunquanhu/.pyenv/versions/3.12.2/lib/python3.12/asyncio/base_events.py", line 1985, in _run_once
    handle._run()
    │      └ <function Handle._run at 0x10257eb60>
    └ <Handle Task.task_wakeup(<Future finished result=None>)>
  File "/Users/sunquanhu/.pyenv/versions/3.12.2/lib/python3.12/asyncio/events.py", line 88, in _run
    self._context.run(self._callback, *self._args)
    │    │            │    │           │    └ <member '_args' of 'Handle' objects>
    │    │            │    │           └ <Handle Task.task_wakeup(<Future finished result=None>)>
    │    │            │    └ <member '_callback' of 'Handle' objects>
    │    │            └ <Handle Task.task_wakeup(<Future finished result=None>)>
    │    └ <member '_context' of 'Handle' objects>
    └ <Handle Task.task_wakeup(<Future finished result=None>)>
  File "/Users/sunquanhu/Projects/study/ai/personal-workspace/personal-workspace-app/.venv/lib/python3.12/site-packages/uvicorn/protocols/http/httptools_impl.py", line 422, in run_asgi
    result = await app(  # type: ignore[func-returns-value]
                   └ <uvicorn.middleware.proxy_headers.ProxyHeadersMiddleware object at 0x10840a300>
  File "/Users/sunquanhu/Projects/study/ai/personal-workspace/personal-workspace-app/.venv/lib/python3.12/site-packages/uvicorn/middleware/proxy_headers.py", line 63, in __call__
    return await self.app(scope, receive, send)
                 │    │   │      │        └ <bound method RequestResponseCycle.send of <uvicorn.protocols.http.httptools_impl.RequestResponseCycle object at 0x108503f80>>
                 │    │   │      └ <bound method RequestResponseCycle.receive of <uvicorn.protocols.http.httptools_impl.RequestResponseCycle object at 0x108503f...
                 │    │   └ {'type': 'http', 'asgi': {'version': '3.0', 'spec_version': '2.3'}, 'http_version': '1.1', 'server': ('127.0.0.1', 8000), 'cl...
                 │    └ <fastapi.applications.FastAPI object at 0x108466960>
                 └ <uvicorn.middleware.proxy_headers.ProxyHeadersMiddleware object at 0x10840a300>
  File "/Users/sunquanhu/Projects/study/ai/personal-workspace/personal-workspace-app/.venv/lib/python3.12/site-packages/fastapi/applications.py", line 1163, in __call__
    await super().__call__(scope, receive, send)
                           │      │        └ <bound method RequestResponseCycle.send of <uvicorn.protocols.http.httptools_impl.RequestResponseCycle object at 0x108503f80>>
                           │      └ <bound method RequestResponseCycle.receive of <uvicorn.protocols.http.httptools_impl.RequestResponseCycle object at 0x108503f...
                           └ {'type': 'http', 'asgi': {'version': '3.0', 'spec_version': '2.3'}, 'http_version': '1.1', 'server': ('127.0.0.1', 8000), 'cl...
  File "/Users/sunquanhu/Projects/study/ai/personal-workspace/personal-workspace-app/.venv/lib/python3.12/site-packages/starlette/applications.py", line 96, in __call__
    await self.middleware_stack(scope, receive, send)
          │    │                │      │        └ <bound method RequestResponseCycle.send of <uvicorn.protocols.http.httptools_impl.RequestResponseCycle object at 0x108503f80>>
          │    │                │      └ <bound method RequestResponseCycle.receive of <uvicorn.protocols.http.httptools_impl.RequestResponseCycle object at 0x108503f...
          │    │                └ {'type': 'http', 'asgi': {'version': '3.0', 'spec_version': '2.3'}, 'http_version': '1.1', 'server': ('127.0.0.1', 8000), 'cl...
          │    └ <starlette.middleware.errors.ServerErrorMiddleware object at 0x108502f90>
          └ <fastapi.applications.FastAPI object at 0x108466960>
> File "/Users/sunquanhu/Projects/study/ai/personal-workspace/personal-workspace-app/.venv/lib/python3.12/site-packages/starlette/middleware/errors.py", line 164, in __call__
    await self.app(scope, receive, _send)
          │    │   │      │        └ <function ServerErrorMiddleware.__call__.<locals>._send at 0x10852c0e0>
          │    │   │      └ <bound method RequestResponseCycle.receive of <uvicorn.protocols.http.httptools_impl.RequestResponseCycle object at 0x108503f...
          │    │   └ {'type': 'http', 'asgi': {'version': '3.0', 'spec_version': '2.3'}, 'http_version': '1.1', 'server': ('127.0.0.1', 8000), 'cl...
          │    └ <personal_workspace_app.core.trace_middleware.TraceAndLogMiddleware object at 0x108503950>
          └ <starlette.middleware.errors.ServerErrorMiddleware object at 0x108502f90>
  File "/Users/sunquanhu/Projects/study/ai/personal-workspace/personal-workspace-app/.venv/lib/python3.12/site-packages/starlette/middleware/base.py", line 193, in __call__
    response = await self.dispatch_func(request, call_next)
                     │    │             │        └ <function BaseHTTPMiddleware.__call__.<locals>.call_next at 0x108514ae0>
                     │    │             └ <starlette.middleware.base._CachedRequest object at 0x1085301d0>
                     │    └ <bound method TraceAndLogMiddleware.dispatch of <personal_workspace_app.core.trace_middleware.TraceAndLogMiddleware object at...
                     └ <personal_workspace_app.core.trace_middleware.TraceAndLogMiddleware object at 0x108503950>

  File "/Users/sunquanhu/Projects/study/ai/personal-workspace/personal-workspace-app/src/personal_workspace_app/core/trace_middleware.py", line 37, in dispatch
    raise exc

  File "/Users/sunquanhu/Projects/study/ai/personal-workspace/personal-workspace-app/src/personal_workspace_app/core/trace_middleware.py", line 22, in dispatch
    response = await call_next(request)
                     │         └ <starlette.middleware.base._CachedRequest object at 0x1085301d0>
                     └ <function BaseHTTPMiddleware.__call__.<locals>.call_next at 0x108514ae0>

  File "/Users/sunquanhu/Projects/study/ai/personal-workspace/personal-workspace-app/.venv/lib/python3.12/site-packages/starlette/middleware/base.py", line 168, in call_next
    raise app_exc from app_exc.__cause__ or app_exc.__context__
          │            │       │            │       └ <attribute '__context__' of 'BaseException' objects>
          │            │       │            └ AttributeError("'list' object has no attribute 'data'")
          │            │       └ <attribute '__cause__' of 'BaseException' objects>
          │            └ AttributeError("'list' object has no attribute 'data'")
          └ AttributeError("'list' object has no attribute 'data'")
  File "/Users/sunquanhu/Projects/study/ai/personal-workspace/personal-workspace-app/.venv/lib/python3.12/site-packages/starlette/middleware/base.py", line 144, in coro
    await self.app(scope, receive_or_disconnect, send_no_error)
          │    │   │      │                      └ <function BaseHTTPMiddleware.__call__.<locals>.call_next.<locals>.send_no_error at 0x108477240>
          │    │   │      └ <function BaseHTTPMiddleware.__call__.<locals>.call_next.<locals>.receive_or_disconnect at 0x1084771a0>
          │    │   └ {'type': 'http', 'asgi': {'version': '3.0', 'spec_version': '2.3'}, 'http_version': '1.1', 'server': ('127.0.0.1', 8000), 'cl...
          │    └ <starlette.middleware.exceptions.ExceptionMiddleware object at 0x1085038f0>
          └ <personal_workspace_app.core.trace_middleware.TraceAndLogMiddleware object at 0x108503950>
  File "/Users/sunquanhu/Projects/study/ai/personal-workspace/personal-workspace-app/.venv/lib/python3.12/site-packages/starlette/middleware/exceptions.py", line 63, in __call__
    await wrap_app_handling_exceptions(self.app, conn)(scope, receive, send)
          │                            │    │    │     │      │        └ <function BaseHTTPMiddleware.__call__.<locals>.call_next.<locals>.send_no_error at 0x108477240>
          │                            │    │    │     │      └ <function BaseHTTPMiddleware.__call__.<locals>.call_next.<locals>.receive_or_disconnect at 0x1084771a0>
          │                            │    │    │     └ {'type': 'http', 'asgi': {'version': '3.0', 'spec_version': '2.3'}, 'http_version': '1.1', 'server': ('127.0.0.1', 8000), 'cl...
          │                            │    │    └ <starlette.requests.Request object at 0x108503f20>
          │                            │    └ <fastapi.middleware.asyncexitstack.AsyncExitStackMiddleware object at 0x108503920>
          │                            └ <starlette.middleware.exceptions.ExceptionMiddleware object at 0x1085038f0>
          └ <function wrap_app_handling_exceptions at 0x103454fe0>
  File "/Users/sunquanhu/Projects/study/ai/personal-workspace/personal-workspace-app/.venv/lib/python3.12/site-packages/starlette/_exception_handler.py", line 53, in wrapped_app
    raise exc
  File "/Users/sunquanhu/Projects/study/ai/personal-workspace/personal-workspace-app/.venv/lib/python3.12/site-packages/starlette/_exception_handler.py", line 42, in wrapped_app
    await app(scope, receive, sender)
          │   │      │        └ <function wrap_app_handling_exceptions.<locals>.wrapped_app.<locals>.sender at 0x10858e200>
          │   │      └ <function BaseHTTPMiddleware.__call__.<locals>.call_next.<locals>.receive_or_disconnect at 0x1084771a0>
          │   └ {'type': 'http', 'asgi': {'version': '3.0', 'spec_version': '2.3'}, 'http_version': '1.1', 'server': ('127.0.0.1', 8000), 'cl...
          └ <fastapi.middleware.asyncexitstack.AsyncExitStackMiddleware object at 0x108503920>
  File "/Users/sunquanhu/Projects/study/ai/personal-workspace/personal-workspace-app/.venv/lib/python3.12/site-packages/fastapi/middleware/asyncexitstack.py", line 18, in __call__
    await self.app(scope, receive, send)
          │    │   │      │        └ <function wrap_app_handling_exceptions.<locals>.wrapped_app.<locals>.sender at 0x10858e200>
          │    │   │      └ <function BaseHTTPMiddleware.__call__.<locals>.call_next.<locals>.receive_or_disconnect at 0x1084771a0>
          │    │   └ {'type': 'http', 'asgi': {'version': '3.0', 'spec_version': '2.3'}, 'http_version': '1.1', 'server': ('127.0.0.1', 8000), 'cl...
          │    └ <fastapi.routing.APIRouter object at 0x107d246b0>
          └ <fastapi.middleware.asyncexitstack.AsyncExitStackMiddleware object at 0x108503920>
  File "/Users/sunquanhu/Projects/study/ai/personal-workspace/personal-workspace-app/.venv/lib/python3.12/site-packages/starlette/routing.py", line 670, in __call__
    await self.middleware_stack(scope, receive, send)
          │    │                │      │        └ <function wrap_app_handling_exceptions.<locals>.wrapped_app.<locals>.sender at 0x10858e200>
          │    │                │      └ <function BaseHTTPMiddleware.__call__.<locals>.call_next.<locals>.receive_or_disconnect at 0x1084771a0>
          │    │                └ {'type': 'http', 'asgi': {'version': '3.0', 'spec_version': '2.3'}, 'http_version': '1.1', 'server': ('127.0.0.1', 8000), 'cl...
          │    └ <bound method APIRouter.app of <fastapi.routing.APIRouter object at 0x107d246b0>>
          └ <fastapi.routing.APIRouter object at 0x107d246b0>
  File "/Users/sunquanhu/Projects/study/ai/personal-workspace/personal-workspace-app/.venv/lib/python3.12/site-packages/fastapi/routing.py", line 2734, in app
    await route.handle(scope, receive, send)
          │     │      │      │        └ <function wrap_app_handling_exceptions.<locals>.wrapped_app.<locals>.sender at 0x10858e200>
          │     │      │      └ <function BaseHTTPMiddleware.__call__.<locals>.call_next.<locals>.receive_or_disconnect at 0x1084771a0>
          │     │      └ {'type': 'http', 'asgi': {'version': '3.0', 'spec_version': '2.3'}, 'http_version': '1.1', 'server': ('127.0.0.1', 8000), 'cl...
          │     └ <function _IncludedRouter.handle at 0x103497e20>
          └ _IncludedRouter(original_router=<fastapi.routing.APIRouter object at 0x106ae4dd0>, include_context=_RouterIncludeContext(incl...
  File "/Users/sunquanhu/Projects/study/ai/personal-workspace/personal-workspace-app/.venv/lib/python3.12/site-packages/fastapi/routing.py", line 1780, in handle
    await self.original_router.handle(scope, receive, send)
          │    │               │      │      │        └ <function wrap_app_handling_exceptions.<locals>.wrapped_app.<locals>.sender at 0x10858e200>
          │    │               │      │      └ <function BaseHTTPMiddleware.__call__.<locals>.call_next.<locals>.receive_or_disconnect at 0x1084771a0>
          │    │               │      └ {'type': 'http', 'asgi': {'version': '3.0', 'spec_version': '2.3'}, 'http_version': '1.1', 'server': ('127.0.0.1', 8000), 'cl...
          │    │               └ <function APIRouter.handle at 0x1034b9ee0>
          │    └ <fastapi.routing.APIRouter object at 0x106ae4dd0>
          └ _IncludedRouter(original_router=<fastapi.routing.APIRouter object at 0x106ae4dd0>, include_context=_RouterIncludeContext(incl...
  File "/Users/sunquanhu/Projects/study/ai/personal-workspace/personal-workspace-app/.venv/lib/python3.12/site-packages/fastapi/routing.py", line 2789, in handle
    await included_router._handle_selected(scope, receive, send)
          │               │                │      │        └ <function wrap_app_handling_exceptions.<locals>.wrapped_app.<locals>.sender at 0x10858e200>
          │               │                │      └ <function BaseHTTPMiddleware.__call__.<locals>.call_next.<locals>.receive_or_disconnect at 0x1084771a0>
          │               │                └ {'type': 'http', 'asgi': {'version': '3.0', 'spec_version': '2.3'}, 'http_version': '1.1', 'server': ('127.0.0.1', 8000), 'cl...
          │               └ <function _IncludedRouter._handle_selected at 0x103497ec0>
          └ _IncludedRouter(original_router=<fastapi.routing.APIRouter object at 0x106ae4dd0>, include_context=_RouterIncludeContext(incl...
  File "/Users/sunquanhu/Projects/study/ai/personal-workspace/personal-workspace-app/.venv/lib/python3.12/site-packages/fastapi/routing.py", line 1800, in _handle_selected
    await original_route.handle(scope, receive, send)
          │              │      │      │        └ <function wrap_app_handling_exceptions.<locals>.wrapped_app.<locals>.sender at 0x10858e200>
          │              │      │      └ <function BaseHTTPMiddleware.__call__.<locals>.call_next.<locals>.receive_or_disconnect at 0x1084771a0>
          │              │      └ {'type': 'http', 'asgi': {'version': '3.0', 'spec_version': '2.3'}, 'http_version': '1.1', 'server': ('127.0.0.1', 8000), 'cl...
          │              └ <function APIRoute.handle at 0x103495f80>
          └ APIRoute(path='/kb/upload', name='kb_upload_endpoint', methods=['POST'])
  File "/Users/sunquanhu/Projects/study/ai/personal-workspace/personal-workspace-app/.venv/lib/python3.12/site-packages/fastapi/routing.py", line 1279, in handle
    await app(scope, receive, send)
          │   │      │        └ <function wrap_app_handling_exceptions.<locals>.wrapped_app.<locals>.sender at 0x10858e200>
          │   │      └ <function BaseHTTPMiddleware.__call__.<locals>.call_next.<locals>.receive_or_disconnect at 0x1084771a0>
          │   └ {'type': 'http', 'asgi': {'version': '3.0', 'spec_version': '2.3'}, 'http_version': '1.1', 'server': ('127.0.0.1', 8000), 'cl...
          └ <function request_response.<locals>.app at 0x10858e660>
  File "/Users/sunquanhu/Projects/study/ai/personal-workspace/personal-workspace-app/.venv/lib/python3.12/site-packages/fastapi/routing.py", line 158, in app
    await wrap_app_handling_exceptions(app, request)(scope, receive, send)
          │                            │    │        │      │        └ <function wrap_app_handling_exceptions.<locals>.wrapped_app.<locals>.sender at 0x10858e200>
          │                            │    │        │      └ <function BaseHTTPMiddleware.__call__.<locals>.call_next.<locals>.receive_or_disconnect at 0x1084771a0>
          │                            │    │        └ {'type': 'http', 'asgi': {'version': '3.0', 'spec_version': '2.3'}, 'http_version': '1.1', 'server': ('127.0.0.1', 8000), 'cl...
          │                            │    └ <starlette.requests.Request object at 0x108572810>
          │                            └ <function request_response.<locals>.app.<locals>.app at 0x10858e480>
          └ <function wrap_app_handling_exceptions at 0x103454fe0>
  File "/Users/sunquanhu/Projects/study/ai/personal-workspace/personal-workspace-app/.venv/lib/python3.12/site-packages/starlette/_exception_handler.py", line 53, in wrapped_app
    raise exc
  File "/Users/sunquanhu/Projects/study/ai/personal-workspace/personal-workspace-app/.venv/lib/python3.12/site-packages/starlette/_exception_handler.py", line 42, in wrapped_app
    await app(scope, receive, sender)
          │   │      │        └ <function wrap_app_handling_exceptions.<locals>.wrapped_app.<locals>.sender at 0x10858e7a0>
          │   │      └ <function BaseHTTPMiddleware.__call__.<locals>.call_next.<locals>.receive_or_disconnect at 0x1084771a0>
          │   └ {'type': 'http', 'asgi': {'version': '3.0', 'spec_version': '2.3'}, 'http_version': '1.1', 'server': ('127.0.0.1', 8000), 'cl...
          └ <function request_response.<locals>.app.<locals>.app at 0x10858e480>
  File "/Users/sunquanhu/Projects/study/ai/personal-workspace/personal-workspace-app/.venv/lib/python3.12/site-packages/fastapi/routing.py", line 144, in app
    response = await f(request)
                     │ └ <starlette.requests.Request object at 0x108572810>
                     └ <function get_request_handler.<locals>.app at 0x10858e5c0>
  File "/Users/sunquanhu/Projects/study/ai/personal-workspace/personal-workspace-app/.venv/lib/python3.12/site-packages/fastapi/routing.py", line 706, in app
    raw_response = await run_endpoint_function(
                         └ <function run_endpoint_function at 0x103495300>
  File "/Users/sunquanhu/Projects/study/ai/personal-workspace/personal-workspace-app/.venv/lib/python3.12/site-packages/fastapi/routing.py", line 352, in run_endpoint_function
    return await dependant.call(**values)
                 │         │      └ {'db': <sqlalchemy.ext.asyncio.session.AsyncSession object at 0x108572d20>, 'kb_id': '111', 'doc_id': '111', 'file': UploadFi...
                 │         └ <member 'call' of 'Dependant' objects>
                 └ Dependant(path_params=[], query_params=[], header_params=[], cookie_params=[], body_params=[ModelField(field_info=Form(Pydant...

  File "/Users/sunquanhu/Projects/study/ai/personal-workspace/personal-workspace-app/src/personal_workspace_app/api/endpoints/kb_endpoints.py", line 41, in kb_upload_endpoint
    saveKb(kb_id=kb_id,doc_id=doc_id,context=text_content,db=db)
    │            │            │              │               └ <sqlalchemy.ext.asyncio.session.AsyncSession object at 0x108572d20>
    │            │            │              └ '你是一个三好学生'
    │            │            └ '111'
    │            └ '111'
    └ <function saveKb at 0x107333880>

  File "/Users/sunquanhu/Projects/study/ai/personal-workspace/personal-workspace-app/src/personal_workspace_app/services/kb/KbService.py", line 34, in saveKb
    embedding = [data.embedding for data in emb_res.data]
                                            └ [[0.0123164476826787, 0.02416856214404106, -0.0005056882509961724, 0.03317663446068764, 0.028393996879458427, 0.0317139811813...

AttributeError: 'list' object has no attribute 'data'
2026-09-09 19:39:46.711 | ERROR    | [a78aaab614da4e8797ad538f66c6d8b9] | personal_workspace_app.core.trace_middleware:dispatch:35 - <== HTTP Failed: POST /api/v1/kb/upload | Error: 'list' object has no attribute 'data' | Cost: 342.82ms
2026-09-09 19:39:46.712 | ERROR    | [a78aaab614da4e8797ad538f66c6d8b9] | logging:callHandlers:1762 - 【系统未知异常】Path: /api/v1/kb/upload | Error: 'list' object has no attribute 'data'
Traceback (most recent call last):

  File "/Users/sunquanhu/.pyenv/versions/3.12.2/lib/python3.12/runpy.py", line 198, in _run_module_as_main
    return _run_code(code, main_globals, None,
           │         │     └ {'__name__': '__main__', '__doc__': None, '__package__': '', '__loader__': <_frozen_importlib_external.SourceFileLoader objec...
           │         └ <code object <module> at 0x107451c50, file "/private/var/folders/7v/223c2ym14gb3wzg9l33myc380000gn/T/debugpy69653884798475276...
           └ <function _run_code at 0x107476020>
  File "/Users/sunquanhu/.pyenv/versions/3.12.2/lib/python3.12/runpy.py", line 88, in _run_code
    exec(code, run_globals)
         │     └ {'__name__': '__main__', '__doc__': None, '__package__': '', '__loader__': <_frozen_importlib_external.SourceFileLoader objec...
         └ <code object <module> at 0x107451c50, file "/private/var/folders/7v/223c2ym14gb3wzg9l33myc380000gn/T/debugpy69653884798475276...

  File "/private/var/folders/7v/223c2ym14gb3wzg9l33myc380000gn/T/debugpy6965388479847527625/debugpy/adapter/../../debugpy/launcher/../../debugpy/__main__.py", line 71, in <module>
    cli.main()
    │   └ <function main at 0x10902bce0>
    └ <module 'debugpy.server.cli' from '/private/var/folders/7v/223c2ym14gb3wzg9l33myc380000gn/T/debugpy6965388479847527625/debugp...

  File "/private/var/folders/7v/223c2ym14gb3wzg9l33myc380000gn/T/debugpy6965388479847527625/debugpy/adapter/../../debugpy/launcher/../../debugpy/../debugpy/server/cli.py", line 542, in main
    run()
    └ <function run_file at 0x10902ba60>

  File "/private/var/folders/7v/223c2ym14gb3wzg9l33myc380000gn/T/debugpy6965388479847527625/debugpy/adapter/../../debugpy/launcher/../../debugpy/../debugpy/server/cli.py", line 361, in run_file
    runpy.run_path(target, run_name="__main__")
    │     │        └ '/Users/sunquanhu/Projects/study/ai/personal-workspace/personal-workspace-app/src/personal_workspace_app/__main__.py'
    │     └ <function run_path at 0x10862c040>
    └ <module '_pydevd_bundle.pydevd_runpy' from '/private/var/folders/7v/223c2ym14gb3wzg9l33myc380000gn/T/debugpy69653884798475276...

  File "/private/var/folders/7v/223c2ym14gb3wzg9l33myc380000gn/T/debugpy6965388479847527625/debugpy/_vendored/pydevd/_pydevd_bundle/pydevd_runpy.py", line 310, in run_path
    return _run_module_code(code, init_globals, run_name, pkg_name=pkg_name, script_name=fname)
           │                │     │             │                  │                     └ '/Users/sunquanhu/Projects/study/ai/personal-workspace/personal-workspace-app/src/personal_workspace_app/__main__.py'
           │                │     │             │                  └ ''
           │                │     │             └ '__main__'
           │                │     └ None
           │                └ <code object <module> at 0x10908e5b0, file "/Users/sunquanhu/Projects/study/ai/personal-workspace/personal-workspace-app/src/...
           └ <function _run_module_code at 0x1085f3c40>

  File "/private/var/folders/7v/223c2ym14gb3wzg9l33myc380000gn/T/debugpy6965388479847527625/debugpy/_vendored/pydevd/_pydevd_bundle/pydevd_runpy.py", line 127, in _run_module_code
    _run_code(code, mod_globals, init_globals, mod_name, mod_spec, pkg_name, script_name)
    │         │     │            │             │         │         │         └ '/Users/sunquanhu/Projects/study/ai/personal-workspace/personal-workspace-app/src/personal_workspace_app/__main__.py'
    │         │     │            │             │         │         └ ''
    │         │     │            │             │         └ None
    │         │     │            │             └ '__main__'
    │         │     │            └ None
    │         │     └ {'__name__': '__main__', '__doc__': None, '__package__': '', '__loader__': None, '__spec__': None, '__file__': '/Users/sunqua...
    │         └ <code object <module> at 0x10908e5b0, file "/Users/sunquanhu/Projects/study/ai/personal-workspace/personal-workspace-app/src/...
    └ <function _run_code at 0x1085f37e0>

  File "/private/var/folders/7v/223c2ym14gb3wzg9l33myc380000gn/T/debugpy6965388479847527625/debugpy/_vendored/pydevd/_pydevd_bundle/pydevd_runpy.py", line 118, in _run_code
    exec(code, run_globals)
         │     └ {'__name__': '__main__', '__doc__': None, '__package__': '', '__loader__': None, '__spec__': None, '__file__': '/Users/sunqua...
         └ <code object <module> at 0x10908e5b0, file "/Users/sunquanhu/Projects/study/ai/personal-workspace/personal-workspace-app/src/...

  File "/Users/sunquanhu/Projects/study/ai/personal-workspace/personal-workspace-app/src/personal_workspace_app/__main__.py", line 37, in <module>
    uvicorn.run(app, host="0.0.0.0", port=8000, reload=False, loop="asyncio")
    │       │   └ <fastapi.applications.FastAPI object at 0x10f1d66c0>
    │       └ <function run at 0x1093900e0>
    └ <module 'uvicorn' from '/Users/sunquanhu/Projects/study/ai/personal-workspace/personal-workspace-app/.venv/lib/python3.12/sit...

  File "/Users/sunquanhu/Projects/study/ai/personal-workspace/personal-workspace-app/.venv/lib/python3.12/site-packages/uvicorn/main.py", line 621, in run
    server.run()
    │      └ <function Server.run at 0x1093914e0>
    └ <uvicorn.server.Server object at 0x1092b64e0>
  File "/Users/sunquanhu/Projects/study/ai/personal-workspace/personal-workspace-app/.venv/lib/python3.12/site-packages/uvicorn/server.py", line 77, in run
    return asyncio_run(self.serve(sockets=sockets), loop_factory=self.config.get_loop_factory())
           │           │    │             │                      │    │      └ <function Config.get_loop_factory at 0x1092c9620>
           │           │    │             │                      │    └ <uvicorn.config.Config object at 0x10f1a63f0>
           │           │    │             │                      └ <uvicorn.server.Server object at 0x1092b64e0>
           │           │    │             └ None
           │           │    └ <function Server.serve at 0x109391580>
           │           └ <uvicorn.server.Server object at 0x1092b64e0>
           └ <function run at 0x10918e980>
  File "/Users/sunquanhu/.pyenv/versions/3.12.2/lib/python3.12/asyncio/runners.py", line 194, in run
    return runner.run(main)
           │      │   └ <coroutine object Server.serve at 0x10f1bdd20>
           │      └ <function Runner.run at 0x1091f2de0>
           └ <asyncio.runners.Runner object at 0x10f1d6750>
  File "/Users/sunquanhu/.pyenv/versions/3.12.2/lib/python3.12/asyncio/runners.py", line 118, in run
    return self._loop.run_until_complete(task)
           │    │     │                  └ <Task pending name='Task-1' coro=<Server.serve() running at /Users/sunquanhu/Projects/study/ai/personal-workspace/personal-wo...
           │    │     └ <function BaseEventLoop.run_until_complete at 0x1091f0a40>
           │    └ <_UnixSelectorEventLoop running=True closed=False debug=False>
           └ <asyncio.runners.Runner object at 0x10f1d6750>
  File "/Users/sunquanhu/.pyenv/versions/3.12.2/lib/python3.12/asyncio/base_events.py", line 672, in run_until_complete
    self.run_forever()
    │    └ <function BaseEventLoop.run_forever at 0x1091f09a0>
    └ <_UnixSelectorEventLoop running=True closed=False debug=False>
  File "/Users/sunquanhu/.pyenv/versions/3.12.2/lib/python3.12/asyncio/base_events.py", line 639, in run_forever
    self._run_once()
    │    └ <function BaseEventLoop._run_once at 0x1091f27a0>
    └ <_UnixSelectorEventLoop running=True closed=False debug=False>
  File "/Users/sunquanhu/.pyenv/versions/3.12.2/lib/python3.12/asyncio/base_events.py", line 1985, in _run_once
    handle._run()
    │      └ <function Handle._run at 0x109176b60>
    └ <Handle Task.task_wakeup(<Future finished result=None>)>
  File "/Users/sunquanhu/.pyenv/versions/3.12.2/lib/python3.12/asyncio/events.py", line 88, in _run
    self._context.run(self._callback, *self._args)
    │    │            │    │           │    └ <member '_args' of 'Handle' objects>
    │    │            │    │           └ <Handle Task.task_wakeup(<Future finished result=None>)>
    │    │            │    └ <member '_callback' of 'Handle' objects>
    │    │            └ <Handle Task.task_wakeup(<Future finished result=None>)>
    │    └ <member '_context' of 'Handle' objects>
    └ <Handle Task.task_wakeup(<Future finished result=None>)>
  File "/Users/sunquanhu/Projects/study/ai/personal-workspace/personal-workspace-app/.venv/lib/python3.12/site-packages/uvicorn/protocols/http/httptools_impl.py", line 422, in run_asgi
    result = await app(  # type: ignore[func-returns-value]
                   └ <uvicorn.middleware.proxy_headers.ProxyHeadersMiddleware object at 0x10f0cc350>
  File "/Users/sunquanhu/Projects/study/ai/personal-workspace/personal-workspace-app/.venv/lib/python3.12/site-packages/uvicorn/middleware/proxy_headers.py", line 63, in __call__
    return await self.app(scope, receive, send)
                 │    │   │      │        └ <bound method RequestResponseCycle.send of <uvicorn.protocols.http.httptools_impl.RequestResponseCycle object at 0x10f263ce0>>
                 │    │   │      └ <bound method RequestResponseCycle.receive of <uvicorn.protocols.http.httptools_impl.RequestResponseCycle object at 0x10f263c...
                 │    │   └ {'type': 'http', 'asgi': {'version': '3.0', 'spec_version': '2.3'}, 'http_version': '1.1', 'server': ('127.0.0.1', 8000), 'cl...
                 │    └ <fastapi.applications.FastAPI object at 0x10f1d66c0>
                 └ <uvicorn.middleware.proxy_headers.ProxyHeadersMiddleware object at 0x10f0cc350>
  File "/Users/sunquanhu/Projects/study/ai/personal-workspace/personal-workspace-app/.venv/lib/python3.12/site-packages/fastapi/applications.py", line 1163, in __call__
    await super().__call__(scope, receive, send)
                           │      │        └ <bound method RequestResponseCycle.send of <uvicorn.protocols.http.httptools_impl.RequestResponseCycle object at 0x10f263ce0>>
                           │      └ <bound method RequestResponseCycle.receive of <uvicorn.protocols.http.httptools_impl.RequestResponseCycle object at 0x10f263c...
                           └ {'type': 'http', 'asgi': {'version': '3.0', 'spec_version': '2.3'}, 'http_version': '1.1', 'server': ('127.0.0.1', 8000), 'cl...
  File "/Users/sunquanhu/Projects/study/ai/personal-workspace/personal-workspace-app/.venv/lib/python3.12/site-packages/starlette/applications.py", line 96, in __call__
    await self.middleware_stack(scope, receive, send)
          │    │                │      │        └ <bound method RequestResponseCycle.send of <uvicorn.protocols.http.httptools_impl.RequestResponseCycle object at 0x10f263ce0>>
          │    │                │      └ <bound method RequestResponseCycle.receive of <uvicorn.protocols.http.httptools_impl.RequestResponseCycle object at 0x10f263c...
          │    │                └ {'type': 'http', 'asgi': {'version': '3.0', 'spec_version': '2.3'}, 'http_version': '1.1', 'server': ('127.0.0.1', 8000), 'cl...
          │    └ <starlette.middleware.errors.ServerErrorMiddleware object at 0x10ecbca70>
          └ <fastapi.applications.FastAPI object at 0x10f1d66c0>
> File "/Users/sunquanhu/Projects/study/ai/personal-workspace/personal-workspace-app/.venv/lib/python3.12/site-packages/starlette/middleware/errors.py", line 164, in __call__
    await self.app(scope, receive, _send)
          │    │   │      │        └ <function ServerErrorMiddleware.__call__.<locals>._send at 0x10f1d3420>
          │    │   │      └ <bound method RequestResponseCycle.receive of <uvicorn.protocols.http.httptools_impl.RequestResponseCycle object at 0x10f263c...
          │    │   └ {'type': 'http', 'asgi': {'version': '3.0', 'spec_version': '2.3'}, 'http_version': '1.1', 'server': ('127.0.0.1', 8000), 'cl...
          │    └ <personal_workspace_app.core.trace_middleware.TraceAndLogMiddleware object at 0x10f2637d0>
          └ <starlette.middleware.errors.ServerErrorMiddleware object at 0x10ecbca70>
  File "/Users/sunquanhu/Projects/study/ai/personal-workspace/personal-workspace-app/.venv/lib/python3.12/site-packages/starlette/middleware/base.py", line 193, in __call__
    response = await self.dispatch_func(request, call_next)
                     │    │             │        └ <function BaseHTTPMiddleware.__call__.<locals>.call_next at 0x10f274ae0>
                     │    │             └ <starlette.middleware.base._CachedRequest object at 0x10f263ec0>
                     │    └ <bound method TraceAndLogMiddleware.dispatch of <personal_workspace_app.core.trace_middleware.TraceAndLogMiddleware object at...
                     └ <personal_workspace_app.core.trace_middleware.TraceAndLogMiddleware object at 0x10f2637d0>

  File "/Users/sunquanhu/Projects/study/ai/personal-workspace/personal-workspace-app/src/personal_workspace_app/core/trace_middleware.py", line 37, in dispatch
    raise exc

  File "/Users/sunquanhu/Projects/study/ai/personal-workspace/personal-workspace-app/src/personal_workspace_app/core/trace_middleware.py", line 22, in dispatch
    response = await call_next(request)
                     │         └ <starlette.middleware.base._CachedRequest object at 0x10f263ec0>
                     └ <function BaseHTTPMiddleware.__call__.<locals>.call_next at 0x10f274ae0>

  File "/Users/sunquanhu/Projects/study/ai/personal-workspace/personal-workspace-app/.venv/lib/python3.12/site-packages/starlette/middleware/base.py", line 168, in call_next
    raise app_exc from app_exc.__cause__ or app_exc.__context__
          │            │       │            │       └ <attribute '__context__' of 'BaseException' objects>
          │            │       │            └ AttributeError("'list' object has no attribute 'data'")
          │            │       └ <attribute '__cause__' of 'BaseException' objects>
          │            └ AttributeError("'list' object has no attribute 'data'")
          └ AttributeError("'list' object has no attribute 'data'")
  File "/Users/sunquanhu/Projects/study/ai/personal-workspace/personal-workspace-app/.venv/lib/python3.12/site-packages/starlette/middleware/base.py", line 144, in coro
    await self.app(scope, receive_or_disconnect, send_no_error)
          │    │   │      │                      └ <function BaseHTTPMiddleware.__call__.<locals>.call_next.<locals>.send_no_error at 0x10f2ee020>
          │    │   │      └ <function BaseHTTPMiddleware.__call__.<locals>.call_next.<locals>.receive_or_disconnect at 0x10f28f740>
          │    │   └ {'type': 'http', 'asgi': {'version': '3.0', 'spec_version': '2.3'}, 'http_version': '1.1', 'server': ('127.0.0.1', 8000), 'cl...
          │    └ <starlette.middleware.exceptions.ExceptionMiddleware object at 0x10f2636e0>
          └ <personal_workspace_app.core.trace_middleware.TraceAndLogMiddleware object at 0x10f2637d0>
  File "/Users/sunquanhu/Projects/study/ai/personal-workspace/personal-workspace-app/.venv/lib/python3.12/site-packages/starlette/middleware/exceptions.py", line 63, in __call__
    await wrap_app_handling_exceptions(self.app, conn)(scope, receive, send)
          │                            │    │    │     │      │        └ <function BaseHTTPMiddleware.__call__.<locals>.call_next.<locals>.send_no_error at 0x10f2ee020>
          │                            │    │    │     │      └ <function BaseHTTPMiddleware.__call__.<locals>.call_next.<locals>.receive_or_disconnect at 0x10f28f740>
          │                            │    │    │     └ {'type': 'http', 'asgi': {'version': '3.0', 'spec_version': '2.3'}, 'http_version': '1.1', 'server': ('127.0.0.1', 8000), 'cl...
          │                            │    │    └ <starlette.requests.Request object at 0x10f1d7a10>
          │                            │    └ <fastapi.middleware.asyncexitstack.AsyncExitStackMiddleware object at 0x10f2637a0>
          │                            └ <starlette.middleware.exceptions.ExceptionMiddleware object at 0x10f2636e0>
          └ <function wrap_app_handling_exceptions at 0x10a05cfe0>
  File "/Users/sunquanhu/Projects/study/ai/personal-workspace/personal-workspace-app/.venv/lib/python3.12/site-packages/starlette/_exception_handler.py", line 53, in wrapped_app
    raise exc
  File "/Users/sunquanhu/Projects/study/ai/personal-workspace/personal-workspace-app/.venv/lib/python3.12/site-packages/starlette/_exception_handler.py", line 42, in wrapped_app
    await app(scope, receive, sender)
          │   │      │        └ <function wrap_app_handling_exceptions.<locals>.wrapped_app.<locals>.sender at 0x10f2ee2a0>
          │   │      └ <function BaseHTTPMiddleware.__call__.<locals>.call_next.<locals>.receive_or_disconnect at 0x10f28f740>
          │   └ {'type': 'http', 'asgi': {'version': '3.0', 'spec_version': '2.3'}, 'http_version': '1.1', 'server': ('127.0.0.1', 8000), 'cl...
          └ <fastapi.middleware.asyncexitstack.AsyncExitStackMiddleware object at 0x10f2637a0>
  File "/Users/sunquanhu/Projects/study/ai/personal-workspace/personal-workspace-app/.venv/lib/python3.12/site-packages/fastapi/middleware/asyncexitstack.py", line 18, in __call__
    await self.app(scope, receive, send)
          │    │   │      │        └ <function wrap_app_handling_exceptions.<locals>.wrapped_app.<locals>.sender at 0x10f2ee2a0>
          │    │   │      └ <function BaseHTTPMiddleware.__call__.<locals>.call_next.<locals>.receive_or_disconnect at 0x10f28f740>
          │    │   └ {'type': 'http', 'asgi': {'version': '3.0', 'spec_version': '2.3'}, 'http_version': '1.1', 'server': ('127.0.0.1', 8000), 'cl...
          │    └ <fastapi.routing.APIRouter object at 0x10f1d67b0>
          └ <fastapi.middleware.asyncexitstack.AsyncExitStackMiddleware object at 0x10f2637a0>
  File "/Users/sunquanhu/Projects/study/ai/personal-workspace/personal-workspace-app/.venv/lib/python3.12/site-packages/starlette/routing.py", line 670, in __call__
    await self.middleware_stack(scope, receive, send)
          │    │                │      │        └ <function wrap_app_handling_exceptions.<locals>.wrapped_app.<locals>.sender at 0x10f2ee2a0>
          │    │                │      └ <function BaseHTTPMiddleware.__call__.<locals>.call_next.<locals>.receive_or_disconnect at 0x10f28f740>
          │    │                └ {'type': 'http', 'asgi': {'version': '3.0', 'spec_version': '2.3'}, 'http_version': '1.1', 'server': ('127.0.0.1', 8000), 'cl...
          │    └ <bound method APIRouter.app of <fastapi.routing.APIRouter object at 0x10f1d67b0>>
          └ <fastapi.routing.APIRouter object at 0x10f1d67b0>
  File "/Users/sunquanhu/Projects/study/ai/personal-workspace/personal-workspace-app/.venv/lib/python3.12/site-packages/fastapi/routing.py", line 2734, in app
    await route.handle(scope, receive, send)
          │     │      │      │        └ <function wrap_app_handling_exceptions.<locals>.wrapped_app.<locals>.sender at 0x10f2ee2a0>
          │     │      │      └ <function BaseHTTPMiddleware.__call__.<locals>.call_next.<locals>.receive_or_disconnect at 0x10f28f740>
          │     │      └ {'type': 'http', 'asgi': {'version': '3.0', 'spec_version': '2.3'}, 'http_version': '1.1', 'server': ('127.0.0.1', 8000), 'cl...
          │     └ <function _IncludedRouter.handle at 0x10a09be20>
          └ _IncludedRouter(original_router=<fastapi.routing.APIRouter object at 0x10d660cb0>, include_context=_RouterIncludeContext(incl...
  File "/Users/sunquanhu/Projects/study/ai/personal-workspace/personal-workspace-app/.venv/lib/python3.12/site-packages/fastapi/routing.py", line 1780, in handle
    await self.original_router.handle(scope, receive, send)
          │    │               │      │      │        └ <function wrap_app_handling_exceptions.<locals>.wrapped_app.<locals>.sender at 0x10f2ee2a0>
          │    │               │      │      └ <function BaseHTTPMiddleware.__call__.<locals>.call_next.<locals>.receive_or_disconnect at 0x10f28f740>
          │    │               │      └ {'type': 'http', 'asgi': {'version': '3.0', 'spec_version': '2.3'}, 'http_version': '1.1', 'server': ('127.0.0.1', 8000), 'cl...
          │    │               └ <function APIRouter.handle at 0x10a0c1ee0>
          │    └ <fastapi.routing.APIRouter object at 0x10d660cb0>
          └ _IncludedRouter(original_router=<fastapi.routing.APIRouter object at 0x10d660cb0>, include_context=_RouterIncludeContext(incl...
  File "/Users/sunquanhu/Projects/study/ai/personal-workspace/personal-workspace-app/.venv/lib/python3.12/site-packages/fastapi/routing.py", line 2789, in handle
    await included_router._handle_selected(scope, receive, send)
          │               │                │      │        └ <function wrap_app_handling_exceptions.<locals>.wrapped_app.<locals>.sender at 0x10f2ee2a0>
          │               │                │      └ <function BaseHTTPMiddleware.__call__.<locals>.call_next.<locals>.receive_or_disconnect at 0x10f28f740>
          │               │                └ {'type': 'http', 'asgi': {'version': '3.0', 'spec_version': '2.3'}, 'http_version': '1.1', 'server': ('127.0.0.1', 8000), 'cl...
          │               └ <function _IncludedRouter._handle_selected at 0x10a09bec0>
          └ _IncludedRouter(original_router=<fastapi.routing.APIRouter object at 0x10d660cb0>, include_context=_RouterIncludeContext(incl...
  File "/Users/sunquanhu/Projects/study/ai/personal-workspace/personal-workspace-app/.venv/lib/python3.12/site-packages/fastapi/routing.py", line 1800, in _handle_selected
    await original_route.handle(scope, receive, send)
          │              │      │      │        └ <function wrap_app_handling_exceptions.<locals>.wrapped_app.<locals>.sender at 0x10f2ee2a0>
          │              │      │      └ <function BaseHTTPMiddleware.__call__.<locals>.call_next.<locals>.receive_or_disconnect at 0x10f28f740>
          │              │      └ {'type': 'http', 'asgi': {'version': '3.0', 'spec_version': '2.3'}, 'http_version': '1.1', 'server': ('127.0.0.1', 8000), 'cl...
          │              └ <function APIRoute.handle at 0x10a099f80>
          └ APIRoute(path='/kb/upload', name='kb_upload_endpoint', methods=['POST'])
  File "/Users/sunquanhu/Projects/study/ai/personal-workspace/personal-workspace-app/.venv/lib/python3.12/site-packages/fastapi/routing.py", line 1279, in handle
    await app(scope, receive, send)
          │   │      │        └ <function wrap_app_handling_exceptions.<locals>.wrapped_app.<locals>.sender at 0x10f2ee2a0>
          │   │      └ <function BaseHTTPMiddleware.__call__.<locals>.call_next.<locals>.receive_or_disconnect at 0x10f28f740>
          │   └ {'type': 'http', 'asgi': {'version': '3.0', 'spec_version': '2.3'}, 'http_version': '1.1', 'server': ('127.0.0.1', 8000), 'cl...
          └ <function request_response.<locals>.app at 0x10f2ee660>
  File "/Users/sunquanhu/Projects/study/ai/personal-workspace/personal-workspace-app/.venv/lib/python3.12/site-packages/fastapi/routing.py", line 158, in app
    await wrap_app_handling_exceptions(app, request)(scope, receive, send)
          │                            │    │        │      │        └ <function wrap_app_handling_exceptions.<locals>.wrapped_app.<locals>.sender at 0x10f2ee2a0>
          │                            │    │        │      └ <function BaseHTTPMiddleware.__call__.<locals>.call_next.<locals>.receive_or_disconnect at 0x10f28f740>
          │                            │    │        └ {'type': 'http', 'asgi': {'version': '3.0', 'spec_version': '2.3'}, 'http_version': '1.1', 'server': ('127.0.0.1', 8000), 'cl...
          │                            │    └ <starlette.requests.Request object at 0x10f2d6240>
          │                            └ <function request_response.<locals>.app.<locals>.app at 0x10f2ee340>
          └ <function wrap_app_handling_exceptions at 0x10a05cfe0>
  File "/Users/sunquanhu/Projects/study/ai/personal-workspace/personal-workspace-app/.venv/lib/python3.12/site-packages/starlette/_exception_handler.py", line 53, in wrapped_app
    raise exc
  File "/Users/sunquanhu/Projects/study/ai/personal-workspace/personal-workspace-app/.venv/lib/python3.12/site-packages/starlette/_exception_handler.py", line 42, in wrapped_app
    await app(scope, receive, sender)
          │   │      │        └ <function wrap_app_handling_exceptions.<locals>.wrapped_app.<locals>.sender at 0x10f2ee7a0>
          │   │      └ <function BaseHTTPMiddleware.__call__.<locals>.call_next.<locals>.receive_or_disconnect at 0x10f28f740>
          │   └ {'type': 'http', 'asgi': {'version': '3.0', 'spec_version': '2.3'}, 'http_version': '1.1', 'server': ('127.0.0.1', 8000), 'cl...
          └ <function request_response.<locals>.app.<locals>.app at 0x10f2ee340>
  File "/Users/sunquanhu/Projects/study/ai/personal-workspace/personal-workspace-app/.venv/lib/python3.12/site-packages/fastapi/routing.py", line 144, in app
    response = await f(request)
                     │ └ <starlette.requests.Request object at 0x10f2d6240>
                     └ <function get_request_handler.<locals>.app at 0x10f2ee5c0>
  File "/Users/sunquanhu/Projects/study/ai/personal-workspace/personal-workspace-app/.venv/lib/python3.12/site-packages/fastapi/routing.py", line 706, in app
    raw_response = await run_endpoint_function(
                         └ <function run_endpoint_function at 0x10a099300>
  File "/Users/sunquanhu/Projects/study/ai/personal-workspace/personal-workspace-app/.venv/lib/python3.12/site-packages/fastapi/routing.py", line 352, in run_endpoint_function
    return await dependant.call(**values)
                 │         │      └ {'db': <sqlalchemy.ext.asyncio.session.AsyncSession object at 0x10f2d6a20>, 'kb_id': '111', 'doc_id': '111', 'file': UploadFi...
                 │         └ <member 'call' of 'Dependant' objects>
                 └ Dependant(path_params=[], query_params=[], header_params=[], cookie_params=[], body_params=[ModelField(field_info=Form(Pydant...

  File "/Users/sunquanhu/Projects/study/ai/personal-workspace/personal-workspace-app/src/personal_workspace_app/api/endpoints/kb_endpoints.py", line 41, in kb_upload_endpoint
    saveKb(kb_id=kb_id,doc_id=doc_id,context=text_content,db=db)
    │            │            │              │               └ <sqlalchemy.ext.asyncio.session.AsyncSession object at 0x10f2d6a20>
    │            │            │              └ '你是一个三好学生'
    │            │            └ '111'
    │            └ '111'
    └ <function saveKb at 0x10e08f880>

  File "/Users/sunquanhu/Projects/study/ai/personal-workspace/personal-workspace-app/src/personal_workspace_app/services/kb/KbService.py", line 35, in saveKb
    embedding = [data.embedding for data in emb_res.data]
                                            └ [[0.012316771782934666, 0.02428528480231762, -0.000499171728733927, 0.03301498293876648, 0.02839474380016327, 0.0317380353808...

AttributeError: 'list' object has no attribute 'data'
2026-09-09 19:43:18.707 | ERROR    | [031623cbec1e4522b4267e44bd7aeede] | personal_workspace_app.core.trace_middleware:dispatch:35 - <== HTTP Failed: POST /api/v1/kb/upload | Error: 'int' object is not iterable | Cost: 319.93ms
2026-09-09 19:43:18.709 | ERROR    | [031623cbec1e4522b4267e44bd7aeede] | logging:callHandlers:1762 - 【系统未知异常】Path: /api/v1/kb/upload | Error: 'int' object is not iterable
Traceback (most recent call last):

  File "/Users/sunquanhu/.pyenv/versions/3.12.2/lib/python3.12/runpy.py", line 198, in _run_module_as_main
    return _run_code(code, main_globals, None,
           │         │     └ {'__name__': '__main__', '__doc__': None, '__package__': '', '__loader__': <_frozen_importlib_external.SourceFileLoader objec...
           │         └ <code object <module> at 0x1013a5c50, file "/private/var/folders/7v/223c2ym14gb3wzg9l33myc380000gn/T/debugpy69653884798475276...
           └ <function _run_code at 0x1013ca020>
  File "/Users/sunquanhu/.pyenv/versions/3.12.2/lib/python3.12/runpy.py", line 88, in _run_code
    exec(code, run_globals)
         │     └ {'__name__': '__main__', '__doc__': None, '__package__': '', '__loader__': <_frozen_importlib_external.SourceFileLoader objec...
         └ <code object <module> at 0x1013a5c50, file "/private/var/folders/7v/223c2ym14gb3wzg9l33myc380000gn/T/debugpy69653884798475276...

  File "/private/var/folders/7v/223c2ym14gb3wzg9l33myc380000gn/T/debugpy6965388479847527625/debugpy/adapter/../../debugpy/launcher/../../debugpy/__main__.py", line 71, in <module>
    cli.main()
    │   └ <function main at 0x102f8bce0>
    └ <module 'debugpy.server.cli' from '/private/var/folders/7v/223c2ym14gb3wzg9l33myc380000gn/T/debugpy6965388479847527625/debugp...

  File "/private/var/folders/7v/223c2ym14gb3wzg9l33myc380000gn/T/debugpy6965388479847527625/debugpy/adapter/../../debugpy/launcher/../../debugpy/../debugpy/server/cli.py", line 542, in main
    run()
    └ <function run_file at 0x102f8ba60>

  File "/private/var/folders/7v/223c2ym14gb3wzg9l33myc380000gn/T/debugpy6965388479847527625/debugpy/adapter/../../debugpy/launcher/../../debugpy/../debugpy/server/cli.py", line 361, in run_file
    runpy.run_path(target, run_name="__main__")
    │     │        └ '/Users/sunquanhu/Projects/study/ai/personal-workspace/personal-workspace-app/src/personal_workspace_app/__main__.py'
    │     └ <function run_path at 0x102590040>
    └ <module '_pydevd_bundle.pydevd_runpy' from '/private/var/folders/7v/223c2ym14gb3wzg9l33myc380000gn/T/debugpy69653884798475276...

  File "/private/var/folders/7v/223c2ym14gb3wzg9l33myc380000gn/T/debugpy6965388479847527625/debugpy/_vendored/pydevd/_pydevd_bundle/pydevd_runpy.py", line 310, in run_path
    return _run_module_code(code, init_globals, run_name, pkg_name=pkg_name, script_name=fname)
           │                │     │             │                  │                     └ '/Users/sunquanhu/Projects/study/ai/personal-workspace/personal-workspace-app/src/personal_workspace_app/__main__.py'
           │                │     │             │                  └ ''
           │                │     │             └ '__main__'
           │                │     └ None
           │                └ <code object <module> at 0x102fee5b0, file "/Users/sunquanhu/Projects/study/ai/personal-workspace/personal-workspace-app/src/...
           └ <function _run_module_code at 0x102557c40>

  File "/private/var/folders/7v/223c2ym14gb3wzg9l33myc380000gn/T/debugpy6965388479847527625/debugpy/_vendored/pydevd/_pydevd_bundle/pydevd_runpy.py", line 127, in _run_module_code
    _run_code(code, mod_globals, init_globals, mod_name, mod_spec, pkg_name, script_name)
    │         │     │            │             │         │         │         └ '/Users/sunquanhu/Projects/study/ai/personal-workspace/personal-workspace-app/src/personal_workspace_app/__main__.py'
    │         │     │            │             │         │         └ ''
    │         │     │            │             │         └ None
    │         │     │            │             └ '__main__'
    │         │     │            └ None
    │         │     └ {'__name__': '__main__', '__doc__': None, '__package__': '', '__loader__': None, '__spec__': None, '__file__': '/Users/sunqua...
    │         └ <code object <module> at 0x102fee5b0, file "/Users/sunquanhu/Projects/study/ai/personal-workspace/personal-workspace-app/src/...
    └ <function _run_code at 0x1025577e0>

  File "/private/var/folders/7v/223c2ym14gb3wzg9l33myc380000gn/T/debugpy6965388479847527625/debugpy/_vendored/pydevd/_pydevd_bundle/pydevd_runpy.py", line 118, in _run_code
    exec(code, run_globals)
         │     └ {'__name__': '__main__', '__doc__': None, '__package__': '', '__loader__': None, '__spec__': None, '__file__': '/Users/sunqua...
         └ <code object <module> at 0x102fee5b0, file "/Users/sunquanhu/Projects/study/ai/personal-workspace/personal-workspace-app/src/...

  File "/Users/sunquanhu/Projects/study/ai/personal-workspace/personal-workspace-app/src/personal_workspace_app/__main__.py", line 37, in <module>
    uvicorn.run(app, host="0.0.0.0", port=8000, reload=False, loop="asyncio")
    │       │   └ <fastapi.applications.FastAPI object at 0x108d4a8a0>
    │       └ <function run at 0x1032ec0e0>
    └ <module 'uvicorn' from '/Users/sunquanhu/Projects/study/ai/personal-workspace/personal-workspace-app/.venv/lib/python3.12/sit...

  File "/Users/sunquanhu/Projects/study/ai/personal-workspace/personal-workspace-app/.venv/lib/python3.12/site-packages/uvicorn/main.py", line 621, in run
    server.run()
    │      └ <function Server.run at 0x1032ed4e0>
    └ <uvicorn.server.Server object at 0x108ec5df0>
  File "/Users/sunquanhu/Projects/study/ai/personal-workspace/personal-workspace-app/.venv/lib/python3.12/site-packages/uvicorn/server.py", line 77, in run
    return asyncio_run(self.serve(sockets=sockets), loop_factory=self.config.get_loop_factory())
           │           │    │             │                      │    │      └ <function Config.get_loop_factory at 0x103229620>
           │           │    │             │                      │    └ <uvicorn.config.Config object at 0x108f99b20>
           │           │    │             │                      └ <uvicorn.server.Server object at 0x108ec5df0>
           │           │    │             └ None
           │           │    └ <function Server.serve at 0x1032ed580>
           │           └ <uvicorn.server.Server object at 0x108ec5df0>
           └ <function run at 0x1030ee980>
  File "/Users/sunquanhu/.pyenv/versions/3.12.2/lib/python3.12/asyncio/runners.py", line 194, in run
    return runner.run(main)
           │      │   └ <coroutine object Server.serve at 0x108fb5d20>
           │      └ <function Runner.run at 0x10314ede0>
           └ <asyncio.runners.Runner object at 0x108bb3890>
  File "/Users/sunquanhu/.pyenv/versions/3.12.2/lib/python3.12/asyncio/runners.py", line 118, in run
    return self._loop.run_until_complete(task)
           │    │     │                  └ <Task pending name='Task-1' coro=<Server.serve() running at /Users/sunquanhu/Projects/study/ai/personal-workspace/personal-wo...
           │    │     └ <function BaseEventLoop.run_until_complete at 0x10314ca40>
           │    └ <_UnixSelectorEventLoop running=True closed=False debug=False>
           └ <asyncio.runners.Runner object at 0x108bb3890>
  File "/Users/sunquanhu/.pyenv/versions/3.12.2/lib/python3.12/asyncio/base_events.py", line 672, in run_until_complete
    self.run_forever()
    │    └ <function BaseEventLoop.run_forever at 0x10314c9a0>
    └ <_UnixSelectorEventLoop running=True closed=False debug=False>
  File "/Users/sunquanhu/.pyenv/versions/3.12.2/lib/python3.12/asyncio/base_events.py", line 639, in run_forever
    self._run_once()
    │    └ <function BaseEventLoop._run_once at 0x10314e7a0>
    └ <_UnixSelectorEventLoop running=True closed=False debug=False>
  File "/Users/sunquanhu/.pyenv/versions/3.12.2/lib/python3.12/asyncio/base_events.py", line 1985, in _run_once
    handle._run()
    │      └ <function Handle._run at 0x1030d6b60>
    └ <Handle Task.task_wakeup(<Future finished result=None>)>
  File "/Users/sunquanhu/.pyenv/versions/3.12.2/lib/python3.12/asyncio/events.py", line 88, in _run
    self._context.run(self._callback, *self._args)
    │    │            │    │           │    └ <member '_args' of 'Handle' objects>
    │    │            │    │           └ <Handle Task.task_wakeup(<Future finished result=None>)>
    │    │            │    └ <member '_callback' of 'Handle' objects>
    │    │            └ <Handle Task.task_wakeup(<Future finished result=None>)>
    │    └ <member '_context' of 'Handle' objects>
    └ <Handle Task.task_wakeup(<Future finished result=None>)>
  File "/Users/sunquanhu/Projects/study/ai/personal-workspace/personal-workspace-app/.venv/lib/python3.12/site-packages/uvicorn/protocols/http/httptools_impl.py", line 422, in run_asgi
    result = await app(  # type: ignore[func-returns-value]
                   └ <uvicorn.middleware.proxy_headers.ProxyHeadersMiddleware object at 0x108c3fc80>
  File "/Users/sunquanhu/Projects/study/ai/personal-workspace/personal-workspace-app/.venv/lib/python3.12/site-packages/uvicorn/middleware/proxy_headers.py", line 63, in __call__
    return await self.app(scope, receive, send)
                 │    │   │      │        └ <bound method RequestResponseCycle.send of <uvicorn.protocols.http.httptools_impl.RequestResponseCycle object at 0x10905bc50>>
                 │    │   │      └ <bound method RequestResponseCycle.receive of <uvicorn.protocols.http.httptools_impl.RequestResponseCycle object at 0x10905bc...
                 │    │   └ {'type': 'http', 'asgi': {'version': '3.0', 'spec_version': '2.3'}, 'http_version': '1.1', 'server': ('127.0.0.1', 8000), 'cl...
                 │    └ <fastapi.applications.FastAPI object at 0x108d4a8a0>
                 └ <uvicorn.middleware.proxy_headers.ProxyHeadersMiddleware object at 0x108c3fc80>
  File "/Users/sunquanhu/Projects/study/ai/personal-workspace/personal-workspace-app/.venv/lib/python3.12/site-packages/fastapi/applications.py", line 1163, in __call__
    await super().__call__(scope, receive, send)
                           │      │        └ <bound method RequestResponseCycle.send of <uvicorn.protocols.http.httptools_impl.RequestResponseCycle object at 0x10905bc50>>
                           │      └ <bound method RequestResponseCycle.receive of <uvicorn.protocols.http.httptools_impl.RequestResponseCycle object at 0x10905bc...
                           └ {'type': 'http', 'asgi': {'version': '3.0', 'spec_version': '2.3'}, 'http_version': '1.1', 'server': ('127.0.0.1', 8000), 'cl...
  File "/Users/sunquanhu/Projects/study/ai/personal-workspace/personal-workspace-app/.venv/lib/python3.12/site-packages/starlette/applications.py", line 96, in __call__
    await self.middleware_stack(scope, receive, send)
          │    │                │      │        └ <bound method RequestResponseCycle.send of <uvicorn.protocols.http.httptools_impl.RequestResponseCycle object at 0x10905bc50>>
          │    │                │      └ <bound method RequestResponseCycle.receive of <uvicorn.protocols.http.httptools_impl.RequestResponseCycle object at 0x10905bc...
          │    │                └ {'type': 'http', 'asgi': {'version': '3.0', 'spec_version': '2.3'}, 'http_version': '1.1', 'server': ('127.0.0.1', 8000), 'cl...
          │    └ <starlette.middleware.errors.ServerErrorMiddleware object at 0x10905b620>
          └ <fastapi.applications.FastAPI object at 0x108d4a8a0>
> File "/Users/sunquanhu/Projects/study/ai/personal-workspace/personal-workspace-app/.venv/lib/python3.12/site-packages/starlette/middleware/errors.py", line 164, in __call__
    await self.app(scope, receive, _send)
          │    │   │      │        └ <function ServerErrorMiddleware.__call__.<locals>._send at 0x1090840e0>
          │    │   │      └ <bound method RequestResponseCycle.receive of <uvicorn.protocols.http.httptools_impl.RequestResponseCycle object at 0x10905bc...
          │    │   └ {'type': 'http', 'asgi': {'version': '3.0', 'spec_version': '2.3'}, 'http_version': '1.1', 'server': ('127.0.0.1', 8000), 'cl...
          │    └ <personal_workspace_app.core.trace_middleware.TraceAndLogMiddleware object at 0x10905b650>
          └ <starlette.middleware.errors.ServerErrorMiddleware object at 0x10905b620>
  File "/Users/sunquanhu/Projects/study/ai/personal-workspace/personal-workspace-app/.venv/lib/python3.12/site-packages/starlette/middleware/base.py", line 193, in __call__
    response = await self.dispatch_func(request, call_next)
                     │    │             │        └ <function BaseHTTPMiddleware.__call__.<locals>.call_next at 0x10906cae0>
                     │    │             └ <starlette.middleware.base._CachedRequest object at 0x10905be60>
                     │    └ <bound method TraceAndLogMiddleware.dispatch of <personal_workspace_app.core.trace_middleware.TraceAndLogMiddleware object at...
                     └ <personal_workspace_app.core.trace_middleware.TraceAndLogMiddleware object at 0x10905b650>

  File "/Users/sunquanhu/Projects/study/ai/personal-workspace/personal-workspace-app/src/personal_workspace_app/core/trace_middleware.py", line 37, in dispatch
    raise exc

  File "/Users/sunquanhu/Projects/study/ai/personal-workspace/personal-workspace-app/src/personal_workspace_app/core/trace_middleware.py", line 22, in dispatch
    response = await call_next(request)
                     │         └ <starlette.middleware.base._CachedRequest object at 0x10905be60>
                     └ <function BaseHTTPMiddleware.__call__.<locals>.call_next at 0x10906cae0>

  File "/Users/sunquanhu/Projects/study/ai/personal-workspace/personal-workspace-app/.venv/lib/python3.12/site-packages/starlette/middleware/base.py", line 168, in call_next
    raise app_exc from app_exc.__cause__ or app_exc.__context__
          │            │       │            │       └ <attribute '__context__' of 'BaseException' objects>
          │            │       │            └ TypeError("'int' object is not iterable")
          │            │       └ <attribute '__cause__' of 'BaseException' objects>
          │            └ TypeError("'int' object is not iterable")
          └ TypeError("'int' object is not iterable")
  File "/Users/sunquanhu/Projects/study/ai/personal-workspace/personal-workspace-app/.venv/lib/python3.12/site-packages/starlette/middleware/base.py", line 144, in coro
    await self.app(scope, receive_or_disconnect, send_no_error)
          │    │   │      │                      └ <function BaseHTTPMiddleware.__call__.<locals>.call_next.<locals>.send_no_error at 0x1090e6020>
          │    │   │      └ <function BaseHTTPMiddleware.__call__.<locals>.call_next.<locals>.receive_or_disconnect at 0x109087740>
          │    │   └ {'type': 'http', 'asgi': {'version': '3.0', 'spec_version': '2.3'}, 'http_version': '1.1', 'server': ('127.0.0.1', 8000), 'cl...
          │    └ <starlette.middleware.exceptions.ExceptionMiddleware object at 0x10905b5f0>
          └ <personal_workspace_app.core.trace_middleware.TraceAndLogMiddleware object at 0x10905b650>
  File "/Users/sunquanhu/Projects/study/ai/personal-workspace/personal-workspace-app/.venv/lib/python3.12/site-packages/starlette/middleware/exceptions.py", line 63, in __call__
    await wrap_app_handling_exceptions(self.app, conn)(scope, receive, send)
          │                            │    │    │     │      │        └ <function BaseHTTPMiddleware.__call__.<locals>.call_next.<locals>.send_no_error at 0x1090e6020>
          │                            │    │    │     │      └ <function BaseHTTPMiddleware.__call__.<locals>.call_next.<locals>.receive_or_disconnect at 0x109087740>
          │                            │    │    │     └ {'type': 'http', 'asgi': {'version': '3.0', 'spec_version': '2.3'}, 'http_version': '1.1', 'server': ('127.0.0.1', 8000), 'cl...
          │                            │    │    └ <starlette.requests.Request object at 0x109092ea0>
          │                            │    └ <fastapi.middleware.asyncexitstack.AsyncExitStackMiddleware object at 0x10905b5c0>
          │                            └ <starlette.middleware.exceptions.ExceptionMiddleware object at 0x10905b5f0>
          └ <function wrap_app_handling_exceptions at 0x103facfe0>
  File "/Users/sunquanhu/Projects/study/ai/personal-workspace/personal-workspace-app/.venv/lib/python3.12/site-packages/starlette/_exception_handler.py", line 53, in wrapped_app
    raise exc
  File "/Users/sunquanhu/Projects/study/ai/personal-workspace/personal-workspace-app/.venv/lib/python3.12/site-packages/starlette/_exception_handler.py", line 42, in wrapped_app
    await app(scope, receive, sender)
          │   │      │        └ <function wrap_app_handling_exceptions.<locals>.wrapped_app.<locals>.sender at 0x1090e6340>
          │   │      └ <function BaseHTTPMiddleware.__call__.<locals>.call_next.<locals>.receive_or_disconnect at 0x109087740>
          │   └ {'type': 'http', 'asgi': {'version': '3.0', 'spec_version': '2.3'}, 'http_version': '1.1', 'server': ('127.0.0.1', 8000), 'cl...
          └ <fastapi.middleware.asyncexitstack.AsyncExitStackMiddleware object at 0x10905b5c0>
  File "/Users/sunquanhu/Projects/study/ai/personal-workspace/personal-workspace-app/.venv/lib/python3.12/site-packages/fastapi/middleware/asyncexitstack.py", line 18, in __call__
    await self.app(scope, receive, send)
          │    │   │      │        └ <function wrap_app_handling_exceptions.<locals>.wrapped_app.<locals>.sender at 0x1090e6340>
          │    │   │      └ <function BaseHTTPMiddleware.__call__.<locals>.call_next.<locals>.receive_or_disconnect at 0x109087740>
          │    │   └ {'type': 'http', 'asgi': {'version': '3.0', 'spec_version': '2.3'}, 'http_version': '1.1', 'server': ('127.0.0.1', 8000), 'cl...
          │    └ <fastapi.routing.APIRouter object at 0x108fce780>
          └ <fastapi.middleware.asyncexitstack.AsyncExitStackMiddleware object at 0x10905b5c0>
  File "/Users/sunquanhu/Projects/study/ai/personal-workspace/personal-workspace-app/.venv/lib/python3.12/site-packages/starlette/routing.py", line 670, in __call__
    await self.middleware_stack(scope, receive, send)
          │    │                │      │        └ <function wrap_app_handling_exceptions.<locals>.wrapped_app.<locals>.sender at 0x1090e6340>
          │    │                │      └ <function BaseHTTPMiddleware.__call__.<locals>.call_next.<locals>.receive_or_disconnect at 0x109087740>
          │    │                └ {'type': 'http', 'asgi': {'version': '3.0', 'spec_version': '2.3'}, 'http_version': '1.1', 'server': ('127.0.0.1', 8000), 'cl...
          │    └ <bound method APIRouter.app of <fastapi.routing.APIRouter object at 0x108fce780>>
          └ <fastapi.routing.APIRouter object at 0x108fce780>
  File "/Users/sunquanhu/Projects/study/ai/personal-workspace/personal-workspace-app/.venv/lib/python3.12/site-packages/fastapi/routing.py", line 2734, in app
    await route.handle(scope, receive, send)
          │     │      │      │        └ <function wrap_app_handling_exceptions.<locals>.wrapped_app.<locals>.sender at 0x1090e6340>
          │     │      │      └ <function BaseHTTPMiddleware.__call__.<locals>.call_next.<locals>.receive_or_disconnect at 0x109087740>
          │     │      └ {'type': 'http', 'asgi': {'version': '3.0', 'spec_version': '2.3'}, 'http_version': '1.1', 'server': ('127.0.0.1', 8000), 'cl...
          │     └ <function _IncludedRouter.handle at 0x103fefe20>
          └ _IncludedRouter(original_router=<fastapi.routing.APIRouter object at 0x10763cda0>, include_context=_RouterIncludeContext(incl...
  File "/Users/sunquanhu/Projects/study/ai/personal-workspace/personal-workspace-app/.venv/lib/python3.12/site-packages/fastapi/routing.py", line 1780, in handle
    await self.original_router.handle(scope, receive, send)
          │    │               │      │      │        └ <function wrap_app_handling_exceptions.<locals>.wrapped_app.<locals>.sender at 0x1090e6340>
          │    │               │      │      └ <function BaseHTTPMiddleware.__call__.<locals>.call_next.<locals>.receive_or_disconnect at 0x109087740>
          │    │               │      └ {'type': 'http', 'asgi': {'version': '3.0', 'spec_version': '2.3'}, 'http_version': '1.1', 'server': ('127.0.0.1', 8000), 'cl...
          │    │               └ <function APIRouter.handle at 0x104011ee0>
          │    └ <fastapi.routing.APIRouter object at 0x10763cda0>
          └ _IncludedRouter(original_router=<fastapi.routing.APIRouter object at 0x10763cda0>, include_context=_RouterIncludeContext(incl...
  File "/Users/sunquanhu/Projects/study/ai/personal-workspace/personal-workspace-app/.venv/lib/python3.12/site-packages/fastapi/routing.py", line 2789, in handle
    await included_router._handle_selected(scope, receive, send)
          │               │                │      │        └ <function wrap_app_handling_exceptions.<locals>.wrapped_app.<locals>.sender at 0x1090e6340>
          │               │                │      └ <function BaseHTTPMiddleware.__call__.<locals>.call_next.<locals>.receive_or_disconnect at 0x109087740>
          │               │                └ {'type': 'http', 'asgi': {'version': '3.0', 'spec_version': '2.3'}, 'http_version': '1.1', 'server': ('127.0.0.1', 8000), 'cl...
          │               └ <function _IncludedRouter._handle_selected at 0x103fefec0>
          └ _IncludedRouter(original_router=<fastapi.routing.APIRouter object at 0x10763cda0>, include_context=_RouterIncludeContext(incl...
  File "/Users/sunquanhu/Projects/study/ai/personal-workspace/personal-workspace-app/.venv/lib/python3.12/site-packages/fastapi/routing.py", line 1800, in _handle_selected
    await original_route.handle(scope, receive, send)
          │              │      │      │        └ <function wrap_app_handling_exceptions.<locals>.wrapped_app.<locals>.sender at 0x1090e6340>
          │              │      │      └ <function BaseHTTPMiddleware.__call__.<locals>.call_next.<locals>.receive_or_disconnect at 0x109087740>
          │              │      └ {'type': 'http', 'asgi': {'version': '3.0', 'spec_version': '2.3'}, 'http_version': '1.1', 'server': ('127.0.0.1', 8000), 'cl...
          │              └ <function APIRoute.handle at 0x103fedf80>
          └ APIRoute(path='/kb/upload', name='kb_upload_endpoint', methods=['POST'])
  File "/Users/sunquanhu/Projects/study/ai/personal-workspace/personal-workspace-app/.venv/lib/python3.12/site-packages/fastapi/routing.py", line 1279, in handle
    await app(scope, receive, send)
          │   │      │        └ <function wrap_app_handling_exceptions.<locals>.wrapped_app.<locals>.sender at 0x1090e6340>
          │   │      └ <function BaseHTTPMiddleware.__call__.<locals>.call_next.<locals>.receive_or_disconnect at 0x109087740>
          │   └ {'type': 'http', 'asgi': {'version': '3.0', 'spec_version': '2.3'}, 'http_version': '1.1', 'server': ('127.0.0.1', 8000), 'cl...
          └ <function request_response.<locals>.app at 0x1090e6660>
  File "/Users/sunquanhu/Projects/study/ai/personal-workspace/personal-workspace-app/.venv/lib/python3.12/site-packages/fastapi/routing.py", line 158, in app
    await wrap_app_handling_exceptions(app, request)(scope, receive, send)
          │                            │    │        │      │        └ <function wrap_app_handling_exceptions.<locals>.wrapped_app.<locals>.sender at 0x1090e6340>
          │                            │    │        │      └ <function BaseHTTPMiddleware.__call__.<locals>.call_next.<locals>.receive_or_disconnect at 0x109087740>
          │                            │    │        └ {'type': 'http', 'asgi': {'version': '3.0', 'spec_version': '2.3'}, 'http_version': '1.1', 'server': ('127.0.0.1', 8000), 'cl...
          │                            │    └ <starlette.requests.Request object at 0x1090ce150>
          │                            └ <function request_response.<locals>.app.<locals>.app at 0x1090e6480>
          └ <function wrap_app_handling_exceptions at 0x103facfe0>
  File "/Users/sunquanhu/Projects/study/ai/personal-workspace/personal-workspace-app/.venv/lib/python3.12/site-packages/starlette/_exception_handler.py", line 53, in wrapped_app
    raise exc
  File "/Users/sunquanhu/Projects/study/ai/personal-workspace/personal-workspace-app/.venv/lib/python3.12/site-packages/starlette/_exception_handler.py", line 42, in wrapped_app
    await app(scope, receive, sender)
          │   │      │        └ <function wrap_app_handling_exceptions.<locals>.wrapped_app.<locals>.sender at 0x1090e67a0>
          │   │      └ <function BaseHTTPMiddleware.__call__.<locals>.call_next.<locals>.receive_or_disconnect at 0x109087740>
          │   └ {'type': 'http', 'asgi': {'version': '3.0', 'spec_version': '2.3'}, 'http_version': '1.1', 'server': ('127.0.0.1', 8000), 'cl...
          └ <function request_response.<locals>.app.<locals>.app at 0x1090e6480>
  File "/Users/sunquanhu/Projects/study/ai/personal-workspace/personal-workspace-app/.venv/lib/python3.12/site-packages/fastapi/routing.py", line 144, in app
    response = await f(request)
                     │ └ <starlette.requests.Request object at 0x1090ce150>
                     └ <function get_request_handler.<locals>.app at 0x1090e65c0>
  File "/Users/sunquanhu/Projects/study/ai/personal-workspace/personal-workspace-app/.venv/lib/python3.12/site-packages/fastapi/routing.py", line 706, in app
    raw_response = await run_endpoint_function(
                         └ <function run_endpoint_function at 0x103fed300>
  File "/Users/sunquanhu/Projects/study/ai/personal-workspace/personal-workspace-app/.venv/lib/python3.12/site-packages/fastapi/routing.py", line 352, in run_endpoint_function
    return await dependant.call(**values)
                 │         │      └ {'db': <sqlalchemy.ext.asyncio.session.AsyncSession object at 0x1090cee40>, 'kb_id': '111', 'doc_id': '111', 'file': UploadFi...
                 │         └ <member 'call' of 'Dependant' objects>
                 └ Dependant(path_params=[], query_params=[], header_params=[], cookie_params=[], body_params=[ModelField(field_info=Form(Pydant...

  File "/Users/sunquanhu/Projects/study/ai/personal-workspace/personal-workspace-app/src/personal_workspace_app/api/endpoints/kb_endpoints.py", line 41, in kb_upload_endpoint
    saveKb(kb_id=kb_id,doc_id=doc_id,context=text_content,db=db)
    │            │            │              │               └ <sqlalchemy.ext.asyncio.session.AsyncSession object at 0x1090cee40>
    │            │            │              └ '你是一个三好学生'
    │            │            └ '111'
    │            └ '111'
    └ <function saveKb at 0x107e8b880>

  File "/Users/sunquanhu/Projects/study/ai/personal-workspace/personal-workspace-app/src/personal_workspace_app/services/kb/KbService.py", line 38, in saveKb
    for idx,(chunk_str,vector) in enumerate(zip(20,embeddings)):
                                                   └ OpenAIEmbeddings(client=<openai.resources.embeddings.Embeddings object at 0x107b73140>, async_client=<openai.resources.embedd...

TypeError: 'int' object is not iterable
2026-09-09 19:46:02.684 | ERROR    | [aac336c215c6464097506263394999dc] | personal_workspace_app.core.trace_middleware:dispatch:35 - <== HTTP Failed: POST /api/v1/kb/upload | Error: 'chunk_id' is an invalid keyword argument for KnowledgeInfo | Cost: 316.62ms
2026-09-09 19:46:02.685 | ERROR    | [aac336c215c6464097506263394999dc] | logging:callHandlers:1762 - 【系统未知异常】Path: /api/v1/kb/upload | Error: 'chunk_id' is an invalid keyword argument for KnowledgeInfo
Traceback (most recent call last):

  File "/Users/sunquanhu/.pyenv/versions/3.12.2/lib/python3.12/runpy.py", line 198, in _run_module_as_main
    return _run_code(code, main_globals, None,
           │         │     └ {'__name__': '__main__', '__doc__': None, '__package__': '', '__loader__': <_frozen_importlib_external.SourceFileLoader objec...
           │         └ <code object <module> at 0x10cfa1c50, file "/private/var/folders/7v/223c2ym14gb3wzg9l33myc380000gn/T/debugpy69653884798475276...
           └ <function _run_code at 0x10cfc6020>
  File "/Users/sunquanhu/.pyenv/versions/3.12.2/lib/python3.12/runpy.py", line 88, in _run_code
    exec(code, run_globals)
         │     └ {'__name__': '__main__', '__doc__': None, '__package__': '', '__loader__': <_frozen_importlib_external.SourceFileLoader objec...
         └ <code object <module> at 0x10cfa1c50, file "/private/var/folders/7v/223c2ym14gb3wzg9l33myc380000gn/T/debugpy69653884798475276...

  File "/private/var/folders/7v/223c2ym14gb3wzg9l33myc380000gn/T/debugpy6965388479847527625/debugpy/adapter/../../debugpy/launcher/../../debugpy/__main__.py", line 71, in <module>
    cli.main()
    │   └ <function main at 0x10eb77ce0>
    └ <module 'debugpy.server.cli' from '/private/var/folders/7v/223c2ym14gb3wzg9l33myc380000gn/T/debugpy6965388479847527625/debugp...

  File "/private/var/folders/7v/223c2ym14gb3wzg9l33myc380000gn/T/debugpy6965388479847527625/debugpy/adapter/../../debugpy/launcher/../../debugpy/../debugpy/server/cli.py", line 542, in main
    run()
    └ <function run_file at 0x10eb77a60>

  File "/private/var/folders/7v/223c2ym14gb3wzg9l33myc380000gn/T/debugpy6965388479847527625/debugpy/adapter/../../debugpy/launcher/../../debugpy/../debugpy/server/cli.py", line 361, in run_file
    runpy.run_path(target, run_name="__main__")
    │     │        └ '/Users/sunquanhu/Projects/study/ai/personal-workspace/personal-workspace-app/src/personal_workspace_app/__main__.py'
    │     └ <function run_path at 0x10e180040>
    └ <module '_pydevd_bundle.pydevd_runpy' from '/private/var/folders/7v/223c2ym14gb3wzg9l33myc380000gn/T/debugpy69653884798475276...

  File "/private/var/folders/7v/223c2ym14gb3wzg9l33myc380000gn/T/debugpy6965388479847527625/debugpy/_vendored/pydevd/_pydevd_bundle/pydevd_runpy.py", line 310, in run_path
    return _run_module_code(code, init_globals, run_name, pkg_name=pkg_name, script_name=fname)
           │                │     │             │                  │                     └ '/Users/sunquanhu/Projects/study/ai/personal-workspace/personal-workspace-app/src/personal_workspace_app/__main__.py'
           │                │     │             │                  └ ''
           │                │     │             └ '__main__'
           │                │     └ None
           │                └ <code object <module> at 0x10ebda5b0, file "/Users/sunquanhu/Projects/study/ai/personal-workspace/personal-workspace-app/src/...
           └ <function _run_module_code at 0x10e14bc40>

  File "/private/var/folders/7v/223c2ym14gb3wzg9l33myc380000gn/T/debugpy6965388479847527625/debugpy/_vendored/pydevd/_pydevd_bundle/pydevd_runpy.py", line 127, in _run_module_code
    _run_code(code, mod_globals, init_globals, mod_name, mod_spec, pkg_name, script_name)
    │         │     │            │             │         │         │         └ '/Users/sunquanhu/Projects/study/ai/personal-workspace/personal-workspace-app/src/personal_workspace_app/__main__.py'
    │         │     │            │             │         │         └ ''
    │         │     │            │             │         └ None
    │         │     │            │             └ '__main__'
    │         │     │            └ None
    │         │     └ {'__name__': '__main__', '__doc__': None, '__package__': '', '__loader__': None, '__spec__': None, '__file__': '/Users/sunqua...
    │         └ <code object <module> at 0x10ebda5b0, file "/Users/sunquanhu/Projects/study/ai/personal-workspace/personal-workspace-app/src/...
    └ <function _run_code at 0x10e14b7e0>

  File "/private/var/folders/7v/223c2ym14gb3wzg9l33myc380000gn/T/debugpy6965388479847527625/debugpy/_vendored/pydevd/_pydevd_bundle/pydevd_runpy.py", line 118, in _run_code
    exec(code, run_globals)
         │     └ {'__name__': '__main__', '__doc__': None, '__package__': '', '__loader__': None, '__spec__': None, '__file__': '/Users/sunqua...
         └ <code object <module> at 0x10ebda5b0, file "/Users/sunquanhu/Projects/study/ai/personal-workspace/personal-workspace-app/src/...

  File "/Users/sunquanhu/Projects/study/ai/personal-workspace/personal-workspace-app/src/personal_workspace_app/__main__.py", line 37, in <module>
    uvicorn.run(app, host="0.0.0.0", port=8000, reload=False, loop="asyncio")
    │       │   └ <fastapi.applications.FastAPI object at 0x114d08da0>
    │       └ <function run at 0x10eed80e0>
    └ <module 'uvicorn' from '/Users/sunquanhu/Projects/study/ai/personal-workspace/personal-workspace-app/.venv/lib/python3.12/sit...

  File "/Users/sunquanhu/Projects/study/ai/personal-workspace/personal-workspace-app/.venv/lib/python3.12/site-packages/uvicorn/main.py", line 621, in run
    server.run()
    │      └ <function Server.run at 0x10eed94e0>
    └ <uvicorn.server.Server object at 0x114a07140>
  File "/Users/sunquanhu/Projects/study/ai/personal-workspace/personal-workspace-app/.venv/lib/python3.12/site-packages/uvicorn/server.py", line 77, in run
    return asyncio_run(self.serve(sockets=sockets), loop_factory=self.config.get_loop_factory())
           │           │    │             │                      │    │      └ <function Config.get_loop_factory at 0x10ee15620>
           │           │    │             │                      │    └ <uvicorn.config.Config object at 0x114cd9af0>
           │           │    │             │                      └ <uvicorn.server.Server object at 0x114a07140>
           │           │    │             └ None
           │           │    └ <function Server.serve at 0x10eed9580>
           │           └ <uvicorn.server.Server object at 0x114a07140>
           └ <function run at 0x10ecd6980>
  File "/Users/sunquanhu/.pyenv/versions/3.12.2/lib/python3.12/asyncio/runners.py", line 194, in run
    return runner.run(main)
           │      │   └ <coroutine object Server.serve at 0x114cf5d20>
           │      └ <function Runner.run at 0x10ed3ade0>
           └ <asyncio.runners.Runner object at 0x114ca18e0>
  File "/Users/sunquanhu/.pyenv/versions/3.12.2/lib/python3.12/asyncio/runners.py", line 118, in run
    return self._loop.run_until_complete(task)
           │    │     │                  └ <Task pending name='Task-1' coro=<Server.serve() running at /Users/sunquanhu/Projects/study/ai/personal-workspace/personal-wo...
           │    │     └ <function BaseEventLoop.run_until_complete at 0x10ed38a40>
           │    └ <_UnixSelectorEventLoop running=True closed=False debug=False>
           └ <asyncio.runners.Runner object at 0x114ca18e0>
  File "/Users/sunquanhu/.pyenv/versions/3.12.2/lib/python3.12/asyncio/base_events.py", line 672, in run_until_complete
    self.run_forever()
    │    └ <function BaseEventLoop.run_forever at 0x10ed389a0>
    └ <_UnixSelectorEventLoop running=True closed=False debug=False>
  File "/Users/sunquanhu/.pyenv/versions/3.12.2/lib/python3.12/asyncio/base_events.py", line 639, in run_forever
    self._run_once()
    │    └ <function BaseEventLoop._run_once at 0x10ed3a7a0>
    └ <_UnixSelectorEventLoop running=True closed=False debug=False>
  File "/Users/sunquanhu/.pyenv/versions/3.12.2/lib/python3.12/asyncio/base_events.py", line 1985, in _run_once
    handle._run()
    │      └ <function Handle._run at 0x10ecc2b60>
    └ <Handle Task.task_wakeup(<Future finished result=None>)>
  File "/Users/sunquanhu/.pyenv/versions/3.12.2/lib/python3.12/asyncio/events.py", line 88, in _run
    self._context.run(self._callback, *self._args)
    │    │            │    │           │    └ <member '_args' of 'Handle' objects>
    │    │            │    │           └ <Handle Task.task_wakeup(<Future finished result=None>)>
    │    │            │    └ <member '_callback' of 'Handle' objects>
    │    │            └ <Handle Task.task_wakeup(<Future finished result=None>)>
    │    └ <member '_context' of 'Handle' objects>
    └ <Handle Task.task_wakeup(<Future finished result=None>)>
  File "/Users/sunquanhu/Projects/study/ai/personal-workspace/personal-workspace-app/.venv/lib/python3.12/site-packages/uvicorn/protocols/http/httptools_impl.py", line 422, in run_asgi
    result = await app(  # type: ignore[func-returns-value]
                   └ <uvicorn.middleware.proxy_headers.ProxyHeadersMiddleware object at 0x114bff0e0>
  File "/Users/sunquanhu/Projects/study/ai/personal-workspace/personal-workspace-app/.venv/lib/python3.12/site-packages/uvicorn/middleware/proxy_headers.py", line 63, in __call__
    return await self.app(scope, receive, send)
                 │    │   │      │        └ <bound method RequestResponseCycle.send of <uvicorn.protocols.http.httptools_impl.RequestResponseCycle object at 0x114d9fb60>>
                 │    │   │      └ <bound method RequestResponseCycle.receive of <uvicorn.protocols.http.httptools_impl.RequestResponseCycle object at 0x114d9fb...
                 │    │   └ {'type': 'http', 'asgi': {'version': '3.0', 'spec_version': '2.3'}, 'http_version': '1.1', 'server': ('127.0.0.1', 8000), 'cl...
                 │    └ <fastapi.applications.FastAPI object at 0x114d08da0>
                 └ <uvicorn.middleware.proxy_headers.ProxyHeadersMiddleware object at 0x114bff0e0>
  File "/Users/sunquanhu/Projects/study/ai/personal-workspace/personal-workspace-app/.venv/lib/python3.12/site-packages/fastapi/applications.py", line 1163, in __call__
    await super().__call__(scope, receive, send)
                           │      │        └ <bound method RequestResponseCycle.send of <uvicorn.protocols.http.httptools_impl.RequestResponseCycle object at 0x114d9fb60>>
                           │      └ <bound method RequestResponseCycle.receive of <uvicorn.protocols.http.httptools_impl.RequestResponseCycle object at 0x114d9fb...
                           └ {'type': 'http', 'asgi': {'version': '3.0', 'spec_version': '2.3'}, 'http_version': '1.1', 'server': ('127.0.0.1', 8000), 'cl...
  File "/Users/sunquanhu/Projects/study/ai/personal-workspace/personal-workspace-app/.venv/lib/python3.12/site-packages/starlette/applications.py", line 96, in __call__
    await self.middleware_stack(scope, receive, send)
          │    │                │      │        └ <bound method RequestResponseCycle.send of <uvicorn.protocols.http.httptools_impl.RequestResponseCycle object at 0x114d9fb60>>
          │    │                │      └ <bound method RequestResponseCycle.receive of <uvicorn.protocols.http.httptools_impl.RequestResponseCycle object at 0x114d9fb...
          │    │                └ {'type': 'http', 'asgi': {'version': '3.0', 'spec_version': '2.3'}, 'http_version': '1.1', 'server': ('127.0.0.1', 8000), 'cl...
          │    └ <starlette.middleware.errors.ServerErrorMiddleware object at 0x114d9f560>
          └ <fastapi.applications.FastAPI object at 0x114d08da0>
> File "/Users/sunquanhu/Projects/study/ai/personal-workspace/personal-workspace-app/.venv/lib/python3.12/site-packages/starlette/middleware/errors.py", line 164, in __call__
    await self.app(scope, receive, _send)
          │    │   │      │        └ <function ServerErrorMiddleware.__call__.<locals>._send at 0x114dc80e0>
          │    │   │      └ <bound method RequestResponseCycle.receive of <uvicorn.protocols.http.httptools_impl.RequestResponseCycle object at 0x114d9fb...
          │    │   └ {'type': 'http', 'asgi': {'version': '3.0', 'spec_version': '2.3'}, 'http_version': '1.1', 'server': ('127.0.0.1', 8000), 'cl...
          │    └ <personal_workspace_app.core.trace_middleware.TraceAndLogMiddleware object at 0x114d9f5f0>
          └ <starlette.middleware.errors.ServerErrorMiddleware object at 0x114d9f560>
  File "/Users/sunquanhu/Projects/study/ai/personal-workspace/personal-workspace-app/.venv/lib/python3.12/site-packages/starlette/middleware/base.py", line 193, in __call__
    response = await self.dispatch_func(request, call_next)
                     │    │             │        └ <function BaseHTTPMiddleware.__call__.<locals>.call_next at 0x114db0ae0>
                     │    │             └ <starlette.middleware.base._CachedRequest object at 0x114d9fd70>
                     │    └ <bound method TraceAndLogMiddleware.dispatch of <personal_workspace_app.core.trace_middleware.TraceAndLogMiddleware object at...
                     └ <personal_workspace_app.core.trace_middleware.TraceAndLogMiddleware object at 0x114d9f5f0>

  File "/Users/sunquanhu/Projects/study/ai/personal-workspace/personal-workspace-app/src/personal_workspace_app/core/trace_middleware.py", line 37, in dispatch
    raise exc

  File "/Users/sunquanhu/Projects/study/ai/personal-workspace/personal-workspace-app/src/personal_workspace_app/core/trace_middleware.py", line 22, in dispatch
    response = await call_next(request)
                     │         └ <starlette.middleware.base._CachedRequest object at 0x114d9fd70>
                     └ <function BaseHTTPMiddleware.__call__.<locals>.call_next at 0x114db0ae0>

  File "/Users/sunquanhu/Projects/study/ai/personal-workspace/personal-workspace-app/.venv/lib/python3.12/site-packages/starlette/middleware/base.py", line 168, in call_next
    raise app_exc from app_exc.__cause__ or app_exc.__context__
          │            │       │            │       └ <attribute '__context__' of 'BaseException' objects>
          │            │       │            └ TypeError("'chunk_id' is an invalid keyword argument for KnowledgeInfo")
          │            │       └ <attribute '__cause__' of 'BaseException' objects>
          │            └ TypeError("'chunk_id' is an invalid keyword argument for KnowledgeInfo")
          └ TypeError("'chunk_id' is an invalid keyword argument for KnowledgeInfo")
  File "/Users/sunquanhu/Projects/study/ai/personal-workspace/personal-workspace-app/.venv/lib/python3.12/site-packages/starlette/middleware/base.py", line 144, in coro
    await self.app(scope, receive_or_disconnect, send_no_error)
          │    │   │      │                      └ <function BaseHTTPMiddleware.__call__.<locals>.call_next.<locals>.send_no_error at 0x114e2a020>
          │    │   │      └ <function BaseHTTPMiddleware.__call__.<locals>.call_next.<locals>.receive_or_disconnect at 0x114dcb740>
          │    │   └ {'type': 'http', 'asgi': {'version': '3.0', 'spec_version': '2.3'}, 'http_version': '1.1', 'server': ('127.0.0.1', 8000), 'cl...
          │    └ <starlette.middleware.exceptions.ExceptionMiddleware object at 0x114d35190>
          └ <personal_workspace_app.core.trace_middleware.TraceAndLogMiddleware object at 0x114d9f5f0>
  File "/Users/sunquanhu/Projects/study/ai/personal-workspace/personal-workspace-app/.venv/lib/python3.12/site-packages/starlette/middleware/exceptions.py", line 63, in __call__
    await wrap_app_handling_exceptions(self.app, conn)(scope, receive, send)
          │                            │    │    │     │      │        └ <function BaseHTTPMiddleware.__call__.<locals>.call_next.<locals>.send_no_error at 0x114e2a020>
          │                            │    │    │     │      └ <function BaseHTTPMiddleware.__call__.<locals>.call_next.<locals>.receive_or_disconnect at 0x114dcb740>
          │                            │    │    │     └ {'type': 'http', 'asgi': {'version': '3.0', 'spec_version': '2.3'}, 'http_version': '1.1', 'server': ('127.0.0.1', 8000), 'cl...
          │                            │    │    └ <starlette.requests.Request object at 0x114ca2990>
          │                            │    └ <fastapi.middleware.asyncexitstack.AsyncExitStackMiddleware object at 0x114d353a0>
          │                            └ <starlette.middleware.exceptions.ExceptionMiddleware object at 0x114d35190>
          └ <function wrap_app_handling_exceptions at 0x10fba8fe0>
  File "/Users/sunquanhu/Projects/study/ai/personal-workspace/personal-workspace-app/.venv/lib/python3.12/site-packages/starlette/_exception_handler.py", line 53, in wrapped_app
    raise exc
  File "/Users/sunquanhu/Projects/study/ai/personal-workspace/personal-workspace-app/.venv/lib/python3.12/site-packages/starlette/_exception_handler.py", line 42, in wrapped_app
    await app(scope, receive, sender)
          │   │      │        └ <function wrap_app_handling_exceptions.<locals>.wrapped_app.<locals>.sender at 0x114d0f1a0>
          │   │      └ <function BaseHTTPMiddleware.__call__.<locals>.call_next.<locals>.receive_or_disconnect at 0x114dcb740>
          │   └ {'type': 'http', 'asgi': {'version': '3.0', 'spec_version': '2.3'}, 'http_version': '1.1', 'server': ('127.0.0.1', 8000), 'cl...
          └ <fastapi.middleware.asyncexitstack.AsyncExitStackMiddleware object at 0x114d353a0>
  File "/Users/sunquanhu/Projects/study/ai/personal-workspace/personal-workspace-app/.venv/lib/python3.12/site-packages/fastapi/middleware/asyncexitstack.py", line 18, in __call__
    await self.app(scope, receive, send)
          │    │   │      │        └ <function wrap_app_handling_exceptions.<locals>.wrapped_app.<locals>.sender at 0x114d0f1a0>
          │    │   │      └ <function BaseHTTPMiddleware.__call__.<locals>.call_next.<locals>.receive_or_disconnect at 0x114dcb740>
          │    │   └ {'type': 'http', 'asgi': {'version': '3.0', 'spec_version': '2.3'}, 'http_version': '1.1', 'server': ('127.0.0.1', 8000), 'cl...
          │    └ <fastapi.routing.APIRouter object at 0x114d0a810>
          └ <fastapi.middleware.asyncexitstack.AsyncExitStackMiddleware object at 0x114d353a0>
  File "/Users/sunquanhu/Projects/study/ai/personal-workspace/personal-workspace-app/.venv/lib/python3.12/site-packages/starlette/routing.py", line 670, in __call__
    await self.middleware_stack(scope, receive, send)
          │    │                │      │        └ <function wrap_app_handling_exceptions.<locals>.wrapped_app.<locals>.sender at 0x114d0f1a0>
          │    │                │      └ <function BaseHTTPMiddleware.__call__.<locals>.call_next.<locals>.receive_or_disconnect at 0x114dcb740>
          │    │                └ {'type': 'http', 'asgi': {'version': '3.0', 'spec_version': '2.3'}, 'http_version': '1.1', 'server': ('127.0.0.1', 8000), 'cl...
          │    └ <bound method APIRouter.app of <fastapi.routing.APIRouter object at 0x114d0a810>>
          └ <fastapi.routing.APIRouter object at 0x114d0a810>
  File "/Users/sunquanhu/Projects/study/ai/personal-workspace/personal-workspace-app/.venv/lib/python3.12/site-packages/fastapi/routing.py", line 2734, in app
    await route.handle(scope, receive, send)
          │     │      │      │        └ <function wrap_app_handling_exceptions.<locals>.wrapped_app.<locals>.sender at 0x114d0f1a0>
          │     │      │      └ <function BaseHTTPMiddleware.__call__.<locals>.call_next.<locals>.receive_or_disconnect at 0x114dcb740>
          │     │      └ {'type': 'http', 'asgi': {'version': '3.0', 'spec_version': '2.3'}, 'http_version': '1.1', 'server': ('127.0.0.1', 8000), 'cl...
          │     └ <function _IncludedRouter.handle at 0x10fbebe20>
          └ _IncludedRouter(original_router=<fastapi.routing.APIRouter object at 0x11335d1f0>, include_context=_RouterIncludeContext(incl...
  File "/Users/sunquanhu/Projects/study/ai/personal-workspace/personal-workspace-app/.venv/lib/python3.12/site-packages/fastapi/routing.py", line 1780, in handle
    await self.original_router.handle(scope, receive, send)
          │    │               │      │      │        └ <function wrap_app_handling_exceptions.<locals>.wrapped_app.<locals>.sender at 0x114d0f1a0>
          │    │               │      │      └ <function BaseHTTPMiddleware.__call__.<locals>.call_next.<locals>.receive_or_disconnect at 0x114dcb740>
          │    │               │      └ {'type': 'http', 'asgi': {'version': '3.0', 'spec_version': '2.3'}, 'http_version': '1.1', 'server': ('127.0.0.1', 8000), 'cl...
          │    │               └ <function APIRouter.handle at 0x10fc0dee0>
          │    └ <fastapi.routing.APIRouter object at 0x11335d1f0>
          └ _IncludedRouter(original_router=<fastapi.routing.APIRouter object at 0x11335d1f0>, include_context=_RouterIncludeContext(incl...
  File "/Users/sunquanhu/Projects/study/ai/personal-workspace/personal-workspace-app/.venv/lib/python3.12/site-packages/fastapi/routing.py", line 2789, in handle
    await included_router._handle_selected(scope, receive, send)
          │               │                │      │        └ <function wrap_app_handling_exceptions.<locals>.wrapped_app.<locals>.sender at 0x114d0f1a0>
          │               │                │      └ <function BaseHTTPMiddleware.__call__.<locals>.call_next.<locals>.receive_or_disconnect at 0x114dcb740>
          │               │                └ {'type': 'http', 'asgi': {'version': '3.0', 'spec_version': '2.3'}, 'http_version': '1.1', 'server': ('127.0.0.1', 8000), 'cl...
          │               └ <function _IncludedRouter._handle_selected at 0x10fbebec0>
          └ _IncludedRouter(original_router=<fastapi.routing.APIRouter object at 0x11335d1f0>, include_context=_RouterIncludeContext(incl...
  File "/Users/sunquanhu/Projects/study/ai/personal-workspace/personal-workspace-app/.venv/lib/python3.12/site-packages/fastapi/routing.py", line 1800, in _handle_selected
    await original_route.handle(scope, receive, send)
          │              │      │      │        └ <function wrap_app_handling_exceptions.<locals>.wrapped_app.<locals>.sender at 0x114d0f1a0>
          │              │      │      └ <function BaseHTTPMiddleware.__call__.<locals>.call_next.<locals>.receive_or_disconnect at 0x114dcb740>
          │              │      └ {'type': 'http', 'asgi': {'version': '3.0', 'spec_version': '2.3'}, 'http_version': '1.1', 'server': ('127.0.0.1', 8000), 'cl...
          │              └ <function APIRoute.handle at 0x10fbe9f80>
          └ APIRoute(path='/kb/upload', name='kb_upload_endpoint', methods=['POST'])
  File "/Users/sunquanhu/Projects/study/ai/personal-workspace/personal-workspace-app/.venv/lib/python3.12/site-packages/fastapi/routing.py", line 1279, in handle
    await app(scope, receive, send)
          │   │      │        └ <function wrap_app_handling_exceptions.<locals>.wrapped_app.<locals>.sender at 0x114d0f1a0>
          │   │      └ <function BaseHTTPMiddleware.__call__.<locals>.call_next.<locals>.receive_or_disconnect at 0x114dcb740>
          │   └ {'type': 'http', 'asgi': {'version': '3.0', 'spec_version': '2.3'}, 'http_version': '1.1', 'server': ('127.0.0.1', 8000), 'cl...
          └ <function request_response.<locals>.app at 0x114e2a660>
  File "/Users/sunquanhu/Projects/study/ai/personal-workspace/personal-workspace-app/.venv/lib/python3.12/site-packages/fastapi/routing.py", line 158, in app
    await wrap_app_handling_exceptions(app, request)(scope, receive, send)
          │                            │    │        │      │        └ <function wrap_app_handling_exceptions.<locals>.wrapped_app.<locals>.sender at 0x114d0f1a0>
          │                            │    │        │      └ <function BaseHTTPMiddleware.__call__.<locals>.call_next.<locals>.receive_or_disconnect at 0x114dcb740>
          │                            │    │        └ {'type': 'http', 'asgi': {'version': '3.0', 'spec_version': '2.3'}, 'http_version': '1.1', 'server': ('127.0.0.1', 8000), 'cl...
          │                            │    └ <starlette.requests.Request object at 0x114e12240>
          │                            └ <function request_response.<locals>.app.<locals>.app at 0x114e2a480>
          └ <function wrap_app_handling_exceptions at 0x10fba8fe0>
  File "/Users/sunquanhu/Projects/study/ai/personal-workspace/personal-workspace-app/.venv/lib/python3.12/site-packages/starlette/_exception_handler.py", line 53, in wrapped_app
    raise exc
  File "/Users/sunquanhu/Projects/study/ai/personal-workspace/personal-workspace-app/.venv/lib/python3.12/site-packages/starlette/_exception_handler.py", line 42, in wrapped_app
    await app(scope, receive, sender)
          │   │      │        └ <function wrap_app_handling_exceptions.<locals>.wrapped_app.<locals>.sender at 0x114e2a7a0>
          │   │      └ <function BaseHTTPMiddleware.__call__.<locals>.call_next.<locals>.receive_or_disconnect at 0x114dcb740>
          │   └ {'type': 'http', 'asgi': {'version': '3.0', 'spec_version': '2.3'}, 'http_version': '1.1', 'server': ('127.0.0.1', 8000), 'cl...
          └ <function request_response.<locals>.app.<locals>.app at 0x114e2a480>
  File "/Users/sunquanhu/Projects/study/ai/personal-workspace/personal-workspace-app/.venv/lib/python3.12/site-packages/fastapi/routing.py", line 144, in app
    response = await f(request)
                     │ └ <starlette.requests.Request object at 0x114e12240>
                     └ <function get_request_handler.<locals>.app at 0x114e2a5c0>
  File "/Users/sunquanhu/Projects/study/ai/personal-workspace/personal-workspace-app/.venv/lib/python3.12/site-packages/fastapi/routing.py", line 706, in app
    raw_response = await run_endpoint_function(
                         └ <function run_endpoint_function at 0x10fbe9300>
  File "/Users/sunquanhu/Projects/study/ai/personal-workspace/personal-workspace-app/.venv/lib/python3.12/site-packages/fastapi/routing.py", line 352, in run_endpoint_function
    return await dependant.call(**values)
                 │         │      └ {'db': <sqlalchemy.ext.asyncio.session.AsyncSession object at 0x114e12b10>, 'kb_id': '111', 'doc_id': '111', 'file': UploadFi...
                 │         └ <member 'call' of 'Dependant' objects>
                 └ Dependant(path_params=[], query_params=[], header_params=[], cookie_params=[], body_params=[ModelField(field_info=Form(Pydant...

  File "/Users/sunquanhu/Projects/study/ai/personal-workspace/personal-workspace-app/src/personal_workspace_app/api/endpoints/kb_endpoints.py", line 41, in kb_upload_endpoint
    saveKb(kb_id=kb_id,doc_id=doc_id,context=text_content,db=db)
    │            │            │              │               └ <sqlalchemy.ext.asyncio.session.AsyncSession object at 0x114e12b10>
    │            │            │              └ '你是一个三好学生'
    │            │            └ '111'
    │            └ '111'
    └ <function saveKb at 0x113bab880>

  File "/Users/sunquanhu/Projects/study/ai/personal-workspace/personal-workspace-app/src/personal_workspace_app/services/kb/KbService.py", line 43, in saveKb
    record = KnowledgeInfo(
             └ <class 'personal_workspace_app.domain.kbDocDestDomain.KnowledgeInfo'>

  File "<string>", line 4, in __init__
  File "/Users/sunquanhu/Projects/study/ai/personal-workspace/personal-workspace-app/.venv/lib/python3.12/site-packages/sqlalchemy/orm/state.py", line 596, in _initialize_instance
    with util.safe_reraise():
         │    └ <class 'sqlalchemy.util.langhelpers.safe_reraise'>
         └ <module 'sqlalchemy.util' from '/Users/sunquanhu/Projects/study/ai/personal-workspace/personal-workspace-app/.venv/lib/python...
  File "/Users/sunquanhu/Projects/study/ai/personal-workspace/personal-workspace-app/.venv/lib/python3.12/site-packages/sqlalchemy/util/langhelpers.py", line 122, in __exit__
    raise exc_value.with_traceback(exc_tb)
          │         │              └ <traceback object at 0x114e1f380>
          │         └ <method 'with_traceback' of 'BaseException' objects>
          └ TypeError("'chunk_id' is an invalid keyword argument for KnowledgeInfo")
  File "/Users/sunquanhu/Projects/study/ai/personal-workspace/personal-workspace-app/.venv/lib/python3.12/site-packages/sqlalchemy/orm/state.py", line 594, in _initialize_instance
    manager.original_init(*mixed[1:], **kwargs)
    │       │              │            └ {'id': '6225b5ee-dfd7-4d64-b360-fb70f031f045', 'kb_id': '111', 'doc_id': '111', 'text_content': 20, 'embedding': ('client', <...
    │       │              └ (<sqlalchemy.orm.state.InstanceState object at 0x114dd42f0>, <personal_workspace_app.domain.kbDocDestDomain.KnowledgeInfo obj...
    │       └ <function _declarative_constructor at 0x110749580>
    └ <ClassManager of <class 'personal_workspace_app.domain.kbDocDestDomain.KnowledgeInfo'> at 113abfbb0>
  File "/Users/sunquanhu/Projects/study/ai/personal-workspace/personal-workspace-app/.venv/lib/python3.12/site-packages/sqlalchemy/orm/decl_base.py", line 2193, in _declarative_constructor
    raise TypeError(

TypeError: 'chunk_id' is an invalid keyword argument for KnowledgeInfo
2026-09-09 19:46:38.078 | ERROR    | [1c11c0db4297438389152724a1a1fc51] | personal_workspace_app.core.trace_middleware:dispatch:35 - <== HTTP Failed: POST /api/v1/kb/upload | Error: 'meta_info' is an invalid keyword argument for KnowledgeInfo | Cost: 315.83ms
2026-09-09 19:46:38.078 | ERROR    | [1c11c0db4297438389152724a1a1fc51] | logging:callHandlers:1762 - 【系统未知异常】Path: /api/v1/kb/upload | Error: 'meta_info' is an invalid keyword argument for KnowledgeInfo
Traceback (most recent call last):

  File "/Users/sunquanhu/.pyenv/versions/3.12.2/lib/python3.12/runpy.py", line 198, in _run_module_as_main
    return _run_code(code, main_globals, None,
           │         │     └ {'__name__': '__main__', '__doc__': None, '__package__': '', '__loader__': <_frozen_importlib_external.SourceFileLoader objec...
           │         └ <code object <module> at 0x109745c50, file "/private/var/folders/7v/223c2ym14gb3wzg9l33myc380000gn/T/debugpy69653884798475276...
           └ <function _run_code at 0x10976a020>
  File "/Users/sunquanhu/.pyenv/versions/3.12.2/lib/python3.12/runpy.py", line 88, in _run_code
    exec(code, run_globals)
         │     └ {'__name__': '__main__', '__doc__': None, '__package__': '', '__loader__': <_frozen_importlib_external.SourceFileLoader objec...
         └ <code object <module> at 0x109745c50, file "/private/var/folders/7v/223c2ym14gb3wzg9l33myc380000gn/T/debugpy69653884798475276...

  File "/private/var/folders/7v/223c2ym14gb3wzg9l33myc380000gn/T/debugpy6965388479847527625/debugpy/adapter/../../debugpy/launcher/../../debugpy/__main__.py", line 71, in <module>
    cli.main()
    │   └ <function main at 0x10b31fce0>
    └ <module 'debugpy.server.cli' from '/private/var/folders/7v/223c2ym14gb3wzg9l33myc380000gn/T/debugpy6965388479847527625/debugp...

  File "/private/var/folders/7v/223c2ym14gb3wzg9l33myc380000gn/T/debugpy6965388479847527625/debugpy/adapter/../../debugpy/launcher/../../debugpy/../debugpy/server/cli.py", line 542, in main
    run()
    └ <function run_file at 0x10b31fa60>

  File "/private/var/folders/7v/223c2ym14gb3wzg9l33myc380000gn/T/debugpy6965388479847527625/debugpy/adapter/../../debugpy/launcher/../../debugpy/../debugpy/server/cli.py", line 361, in run_file
    runpy.run_path(target, run_name="__main__")
    │     │        └ '/Users/sunquanhu/Projects/study/ai/personal-workspace/personal-workspace-app/src/personal_workspace_app/__main__.py'
    │     └ <function run_path at 0x10a92c040>
    └ <module '_pydevd_bundle.pydevd_runpy' from '/private/var/folders/7v/223c2ym14gb3wzg9l33myc380000gn/T/debugpy69653884798475276...

  File "/private/var/folders/7v/223c2ym14gb3wzg9l33myc380000gn/T/debugpy6965388479847527625/debugpy/_vendored/pydevd/_pydevd_bundle/pydevd_runpy.py", line 310, in run_path
    return _run_module_code(code, init_globals, run_name, pkg_name=pkg_name, script_name=fname)
           │                │     │             │                  │                     └ '/Users/sunquanhu/Projects/study/ai/personal-workspace/personal-workspace-app/src/personal_workspace_app/__main__.py'
           │                │     │             │                  └ ''
           │                │     │             └ '__main__'
           │                │     └ None
           │                └ <code object <module> at 0x10b3825b0, file "/Users/sunquanhu/Projects/study/ai/personal-workspace/personal-workspace-app/src/...
           └ <function _run_module_code at 0x10a8f3c40>

  File "/private/var/folders/7v/223c2ym14gb3wzg9l33myc380000gn/T/debugpy6965388479847527625/debugpy/_vendored/pydevd/_pydevd_bundle/pydevd_runpy.py", line 127, in _run_module_code
    _run_code(code, mod_globals, init_globals, mod_name, mod_spec, pkg_name, script_name)
    │         │     │            │             │         │         │         └ '/Users/sunquanhu/Projects/study/ai/personal-workspace/personal-workspace-app/src/personal_workspace_app/__main__.py'
    │         │     │            │             │         │         └ ''
    │         │     │            │             │         └ None
    │         │     │            │             └ '__main__'
    │         │     │            └ None
    │         │     └ {'__name__': '__main__', '__doc__': None, '__package__': '', '__loader__': None, '__spec__': None, '__file__': '/Users/sunqua...
    │         └ <code object <module> at 0x10b3825b0, file "/Users/sunquanhu/Projects/study/ai/personal-workspace/personal-workspace-app/src/...
    └ <function _run_code at 0x10a8f37e0>

  File "/private/var/folders/7v/223c2ym14gb3wzg9l33myc380000gn/T/debugpy6965388479847527625/debugpy/_vendored/pydevd/_pydevd_bundle/pydevd_runpy.py", line 118, in _run_code
    exec(code, run_globals)
         │     └ {'__name__': '__main__', '__doc__': None, '__package__': '', '__loader__': None, '__spec__': None, '__file__': '/Users/sunqua...
         └ <code object <module> at 0x10b3825b0, file "/Users/sunquanhu/Projects/study/ai/personal-workspace/personal-workspace-app/src/...

  File "/Users/sunquanhu/Projects/study/ai/personal-workspace/personal-workspace-app/src/personal_workspace_app/__main__.py", line 37, in <module>
    uvicorn.run(app, host="0.0.0.0", port=8000, reload=False, loop="asyncio")
    │       │   └ <fastapi.applications.FastAPI object at 0x11137e840>
    │       └ <function run at 0x10b6740e0>
    └ <module 'uvicorn' from '/Users/sunquanhu/Projects/study/ai/personal-workspace/personal-workspace-app/.venv/lib/python3.12/sit...

  File "/Users/sunquanhu/Projects/study/ai/personal-workspace/personal-workspace-app/.venv/lib/python3.12/site-packages/uvicorn/main.py", line 621, in run
    server.run()
    │      └ <function Server.run at 0x10b6754e0>
    └ <uvicorn.server.Server object at 0x10b59e540>
  File "/Users/sunquanhu/Projects/study/ai/personal-workspace/personal-workspace-app/.venv/lib/python3.12/site-packages/uvicorn/server.py", line 77, in run
    return asyncio_run(self.serve(sockets=sockets), loop_factory=self.config.get_loop_factory())
           │           │    │             │                      │    │      └ <function Config.get_loop_factory at 0x10b5b5620>
           │           │    │             │                      │    └ <uvicorn.config.Config object at 0x110fe0dd0>
           │           │    │             │                      └ <uvicorn.server.Server object at 0x10b59e540>
           │           │    │             └ None
           │           │    └ <function Server.serve at 0x10b675580>
           │           └ <uvicorn.server.Server object at 0x10b59e540>
           └ <function run at 0x10b47e980>
  File "/Users/sunquanhu/.pyenv/versions/3.12.2/lib/python3.12/asyncio/runners.py", line 194, in run
    return runner.run(main)
           │      │   └ <coroutine object Server.serve at 0x111365d20>
           │      └ <function Runner.run at 0x10b4e2de0>
           └ <asyncio.runners.Runner object at 0x110f530e0>
  File "/Users/sunquanhu/.pyenv/versions/3.12.2/lib/python3.12/asyncio/runners.py", line 118, in run
    return self._loop.run_until_complete(task)
           │    │     │                  └ <Task pending name='Task-1' coro=<Server.serve() running at /Users/sunquanhu/Projects/study/ai/personal-workspace/personal-wo...
           │    │     └ <function BaseEventLoop.run_until_complete at 0x10b4e0a40>
           │    └ <_UnixSelectorEventLoop running=True closed=False debug=False>
           └ <asyncio.runners.Runner object at 0x110f530e0>
  File "/Users/sunquanhu/.pyenv/versions/3.12.2/lib/python3.12/asyncio/base_events.py", line 672, in run_until_complete
    self.run_forever()
    │    └ <function BaseEventLoop.run_forever at 0x10b4e09a0>
    └ <_UnixSelectorEventLoop running=True closed=False debug=False>
  File "/Users/sunquanhu/.pyenv/versions/3.12.2/lib/python3.12/asyncio/base_events.py", line 639, in run_forever
    self._run_once()
    │    └ <function BaseEventLoop._run_once at 0x10b4e27a0>
    └ <_UnixSelectorEventLoop running=True closed=False debug=False>
  File "/Users/sunquanhu/.pyenv/versions/3.12.2/lib/python3.12/asyncio/base_events.py", line 1985, in _run_once
    handle._run()
    │      └ <function Handle._run at 0x10b466b60>
    └ <Handle Task.task_wakeup(<Future finished result=None>)>
  File "/Users/sunquanhu/.pyenv/versions/3.12.2/lib/python3.12/asyncio/events.py", line 88, in _run
    self._context.run(self._callback, *self._args)
    │    │            │    │           │    └ <member '_args' of 'Handle' objects>
    │    │            │    │           └ <Handle Task.task_wakeup(<Future finished result=None>)>
    │    │            │    └ <member '_callback' of 'Handle' objects>
    │    │            └ <Handle Task.task_wakeup(<Future finished result=None>)>
    │    └ <member '_context' of 'Handle' objects>
    └ <Handle Task.task_wakeup(<Future finished result=None>)>
  File "/Users/sunquanhu/Projects/study/ai/personal-workspace/personal-workspace-app/.venv/lib/python3.12/site-packages/uvicorn/protocols/http/httptools_impl.py", line 422, in run_asgi
    result = await app(  # type: ignore[func-returns-value]
                   └ <uvicorn.middleware.proxy_headers.ProxyHeadersMiddleware object at 0x110f53d10>
  File "/Users/sunquanhu/Projects/study/ai/personal-workspace/personal-workspace-app/.venv/lib/python3.12/site-packages/uvicorn/middleware/proxy_headers.py", line 63, in __call__
    return await self.app(scope, receive, send)
                 │    │   │      │        └ <bound method RequestResponseCycle.send of <uvicorn.protocols.http.httptools_impl.RequestResponseCycle object at 0x11140bd10>>
                 │    │   │      └ <bound method RequestResponseCycle.receive of <uvicorn.protocols.http.httptools_impl.RequestResponseCycle object at 0x11140bd...
                 │    │   └ {'type': 'http', 'asgi': {'version': '3.0', 'spec_version': '2.3'}, 'http_version': '1.1', 'server': ('127.0.0.1', 8000), 'cl...
                 │    └ <fastapi.applications.FastAPI object at 0x11137e840>
                 └ <uvicorn.middleware.proxy_headers.ProxyHeadersMiddleware object at 0x110f53d10>
  File "/Users/sunquanhu/Projects/study/ai/personal-workspace/personal-workspace-app/.venv/lib/python3.12/site-packages/fastapi/applications.py", line 1163, in __call__
    await super().__call__(scope, receive, send)
                           │      │        └ <bound method RequestResponseCycle.send of <uvicorn.protocols.http.httptools_impl.RequestResponseCycle object at 0x11140bd10>>
                           │      └ <bound method RequestResponseCycle.receive of <uvicorn.protocols.http.httptools_impl.RequestResponseCycle object at 0x11140bd...
                           └ {'type': 'http', 'asgi': {'version': '3.0', 'spec_version': '2.3'}, 'http_version': '1.1', 'server': ('127.0.0.1', 8000), 'cl...
  File "/Users/sunquanhu/Projects/study/ai/personal-workspace/personal-workspace-app/.venv/lib/python3.12/site-packages/starlette/applications.py", line 96, in __call__
    await self.middleware_stack(scope, receive, send)
          │    │                │      │        └ <bound method RequestResponseCycle.send of <uvicorn.protocols.http.httptools_impl.RequestResponseCycle object at 0x11140bd10>>
          │    │                │      └ <bound method RequestResponseCycle.receive of <uvicorn.protocols.http.httptools_impl.RequestResponseCycle object at 0x11140bd...
          │    │                └ {'type': 'http', 'asgi': {'version': '3.0', 'spec_version': '2.3'}, 'http_version': '1.1', 'server': ('127.0.0.1', 8000), 'cl...
          │    └ <starlette.middleware.errors.ServerErrorMiddleware object at 0x11140b7d0>
          └ <fastapi.applications.FastAPI object at 0x11137e840>
> File "/Users/sunquanhu/Projects/study/ai/personal-workspace/personal-workspace-app/.venv/lib/python3.12/site-packages/starlette/middleware/errors.py", line 164, in __call__
    await self.app(scope, receive, _send)
          │    │   │      │        └ <function ServerErrorMiddleware.__call__.<locals>._send at 0x1114380e0>
          │    │   │      └ <bound method RequestResponseCycle.receive of <uvicorn.protocols.http.httptools_impl.RequestResponseCycle object at 0x11140bd...
          │    │   └ {'type': 'http', 'asgi': {'version': '3.0', 'spec_version': '2.3'}, 'http_version': '1.1', 'server': ('127.0.0.1', 8000), 'cl...
          │    └ <personal_workspace_app.core.trace_middleware.TraceAndLogMiddleware object at 0x11140b7a0>
          └ <starlette.middleware.errors.ServerErrorMiddleware object at 0x11140b7d0>
  File "/Users/sunquanhu/Projects/study/ai/personal-workspace/personal-workspace-app/.venv/lib/python3.12/site-packages/starlette/middleware/base.py", line 193, in __call__
    response = await self.dispatch_func(request, call_next)
                     │    │             │        └ <function BaseHTTPMiddleware.__call__.<locals>.call_next at 0x111420ae0>
                     │    │             └ <starlette.middleware.base._CachedRequest object at 0x11140bef0>
                     │    └ <bound method TraceAndLogMiddleware.dispatch of <personal_workspace_app.core.trace_middleware.TraceAndLogMiddleware object at...
                     └ <personal_workspace_app.core.trace_middleware.TraceAndLogMiddleware object at 0x11140b7a0>

  File "/Users/sunquanhu/Projects/study/ai/personal-workspace/personal-workspace-app/src/personal_workspace_app/core/trace_middleware.py", line 37, in dispatch
    raise exc

  File "/Users/sunquanhu/Projects/study/ai/personal-workspace/personal-workspace-app/src/personal_workspace_app/core/trace_middleware.py", line 22, in dispatch
    response = await call_next(request)
                     │         └ <starlette.middleware.base._CachedRequest object at 0x11140bef0>
                     └ <function BaseHTTPMiddleware.__call__.<locals>.call_next at 0x111420ae0>

  File "/Users/sunquanhu/Projects/study/ai/personal-workspace/personal-workspace-app/.venv/lib/python3.12/site-packages/starlette/middleware/base.py", line 168, in call_next
    raise app_exc from app_exc.__cause__ or app_exc.__context__
          │            │       │            │       └ <attribute '__context__' of 'BaseException' objects>
          │            │       │            └ TypeError("'meta_info' is an invalid keyword argument for KnowledgeInfo")
          │            │       └ <attribute '__cause__' of 'BaseException' objects>
          │            └ TypeError("'meta_info' is an invalid keyword argument for KnowledgeInfo")
          └ TypeError("'meta_info' is an invalid keyword argument for KnowledgeInfo")
  File "/Users/sunquanhu/Projects/study/ai/personal-workspace/personal-workspace-app/.venv/lib/python3.12/site-packages/starlette/middleware/base.py", line 144, in coro
    await self.app(scope, receive_or_disconnect, send_no_error)
          │    │   │      │                      └ <function BaseHTTPMiddleware.__call__.<locals>.call_next.<locals>.send_no_error at 0x11143b740>
          │    │   │      └ <function BaseHTTPMiddleware.__call__.<locals>.call_next.<locals>.receive_or_disconnect at 0x11137b1a0>
          │    │   └ {'type': 'http', 'asgi': {'version': '3.0', 'spec_version': '2.3'}, 'http_version': '1.1', 'server': ('127.0.0.1', 8000), 'cl...
          │    └ <starlette.middleware.exceptions.ExceptionMiddleware object at 0x111012f00>
          └ <personal_workspace_app.core.trace_middleware.TraceAndLogMiddleware object at 0x11140b7a0>
  File "/Users/sunquanhu/Projects/study/ai/personal-workspace/personal-workspace-app/.venv/lib/python3.12/site-packages/starlette/middleware/exceptions.py", line 63, in __call__
    await wrap_app_handling_exceptions(self.app, conn)(scope, receive, send)
          │                            │    │    │     │      │        └ <function BaseHTTPMiddleware.__call__.<locals>.call_next.<locals>.send_no_error at 0x11143b740>
          │                            │    │    │     │      └ <function BaseHTTPMiddleware.__call__.<locals>.call_next.<locals>.receive_or_disconnect at 0x11137b1a0>
          │                            │    │    │     └ {'type': 'http', 'asgi': {'version': '3.0', 'spec_version': '2.3'}, 'http_version': '1.1', 'server': ('127.0.0.1', 8000), 'cl...
          │                            │    │    └ <starlette.requests.Request object at 0x11140bc80>
          │                            │    └ <fastapi.middleware.asyncexitstack.AsyncExitStackMiddleware object at 0x11137ff20>
          │                            └ <starlette.middleware.exceptions.ExceptionMiddleware object at 0x111012f00>
          └ <function wrap_app_handling_exceptions at 0x10c33cfe0>
  File "/Users/sunquanhu/Projects/study/ai/personal-workspace/personal-workspace-app/.venv/lib/python3.12/site-packages/starlette/_exception_handler.py", line 53, in wrapped_app
    raise exc
  File "/Users/sunquanhu/Projects/study/ai/personal-workspace/personal-workspace-app/.venv/lib/python3.12/site-packages/starlette/_exception_handler.py", line 42, in wrapped_app
    await app(scope, receive, sender)
          │   │      │        └ <function wrap_app_handling_exceptions.<locals>.wrapped_app.<locals>.sender at 0x11149a200>
          │   │      └ <function BaseHTTPMiddleware.__call__.<locals>.call_next.<locals>.receive_or_disconnect at 0x11137b1a0>
          │   └ {'type': 'http', 'asgi': {'version': '3.0', 'spec_version': '2.3'}, 'http_version': '1.1', 'server': ('127.0.0.1', 8000), 'cl...
          └ <fastapi.middleware.asyncexitstack.AsyncExitStackMiddleware object at 0x11137ff20>
  File "/Users/sunquanhu/Projects/study/ai/personal-workspace/personal-workspace-app/.venv/lib/python3.12/site-packages/fastapi/middleware/asyncexitstack.py", line 18, in __call__
    await self.app(scope, receive, send)
          │    │   │      │        └ <function wrap_app_handling_exceptions.<locals>.wrapped_app.<locals>.sender at 0x11149a200>
          │    │   │      └ <function BaseHTTPMiddleware.__call__.<locals>.call_next.<locals>.receive_or_disconnect at 0x11137b1a0>
          │    │   └ {'type': 'http', 'asgi': {'version': '3.0', 'spec_version': '2.3'}, 'http_version': '1.1', 'server': ('127.0.0.1', 8000), 'cl...
          │    └ <fastapi.routing.APIRouter object at 0x11137e960>
          └ <fastapi.middleware.asyncexitstack.AsyncExitStackMiddleware object at 0x11137ff20>
  File "/Users/sunquanhu/Projects/study/ai/personal-workspace/personal-workspace-app/.venv/lib/python3.12/site-packages/starlette/routing.py", line 670, in __call__
    await self.middleware_stack(scope, receive, send)
          │    │                │      │        └ <function wrap_app_handling_exceptions.<locals>.wrapped_app.<locals>.sender at 0x11149a200>
          │    │                │      └ <function BaseHTTPMiddleware.__call__.<locals>.call_next.<locals>.receive_or_disconnect at 0x11137b1a0>
          │    │                └ {'type': 'http', 'asgi': {'version': '3.0', 'spec_version': '2.3'}, 'http_version': '1.1', 'server': ('127.0.0.1', 8000), 'cl...
          │    └ <bound method APIRouter.app of <fastapi.routing.APIRouter object at 0x11137e960>>
          └ <fastapi.routing.APIRouter object at 0x11137e960>
  File "/Users/sunquanhu/Projects/study/ai/personal-workspace/personal-workspace-app/.venv/lib/python3.12/site-packages/fastapi/routing.py", line 2734, in app
    await route.handle(scope, receive, send)
          │     │      │      │        └ <function wrap_app_handling_exceptions.<locals>.wrapped_app.<locals>.sender at 0x11149a200>
          │     │      │      └ <function BaseHTTPMiddleware.__call__.<locals>.call_next.<locals>.receive_or_disconnect at 0x11137b1a0>
          │     │      └ {'type': 'http', 'asgi': {'version': '3.0', 'spec_version': '2.3'}, 'http_version': '1.1', 'server': ('127.0.0.1', 8000), 'cl...
          │     └ <function _IncludedRouter.handle at 0x10c37fe20>
          └ _IncludedRouter(original_router=<fastapi.routing.APIRouter object at 0x10f9ccd10>, include_context=_RouterIncludeContext(incl...
  File "/Users/sunquanhu/Projects/study/ai/personal-workspace/personal-workspace-app/.venv/lib/python3.12/site-packages/fastapi/routing.py", line 1780, in handle
    await self.original_router.handle(scope, receive, send)
          │    │               │      │      │        └ <function wrap_app_handling_exceptions.<locals>.wrapped_app.<locals>.sender at 0x11149a200>
          │    │               │      │      └ <function BaseHTTPMiddleware.__call__.<locals>.call_next.<locals>.receive_or_disconnect at 0x11137b1a0>
          │    │               │      └ {'type': 'http', 'asgi': {'version': '3.0', 'spec_version': '2.3'}, 'http_version': '1.1', 'server': ('127.0.0.1', 8000), 'cl...
          │    │               └ <function APIRouter.handle at 0x10c3a1ee0>
          │    └ <fastapi.routing.APIRouter object at 0x10f9ccd10>
          └ _IncludedRouter(original_router=<fastapi.routing.APIRouter object at 0x10f9ccd10>, include_context=_RouterIncludeContext(incl...
  File "/Users/sunquanhu/Projects/study/ai/personal-workspace/personal-workspace-app/.venv/lib/python3.12/site-packages/fastapi/routing.py", line 2789, in handle
    await included_router._handle_selected(scope, receive, send)
          │               │                │      │        └ <function wrap_app_handling_exceptions.<locals>.wrapped_app.<locals>.sender at 0x11149a200>
          │               │                │      └ <function BaseHTTPMiddleware.__call__.<locals>.call_next.<locals>.receive_or_disconnect at 0x11137b1a0>
          │               │                └ {'type': 'http', 'asgi': {'version': '3.0', 'spec_version': '2.3'}, 'http_version': '1.1', 'server': ('127.0.0.1', 8000), 'cl...
          │               └ <function _IncludedRouter._handle_selected at 0x10c37fec0>
          └ _IncludedRouter(original_router=<fastapi.routing.APIRouter object at 0x10f9ccd10>, include_context=_RouterIncludeContext(incl...
  File "/Users/sunquanhu/Projects/study/ai/personal-workspace/personal-workspace-app/.venv/lib/python3.12/site-packages/fastapi/routing.py", line 1800, in _handle_selected
    await original_route.handle(scope, receive, send)
          │              │      │      │        └ <function wrap_app_handling_exceptions.<locals>.wrapped_app.<locals>.sender at 0x11149a200>
          │              │      │      └ <function BaseHTTPMiddleware.__call__.<locals>.call_next.<locals>.receive_or_disconnect at 0x11137b1a0>
          │              │      └ {'type': 'http', 'asgi': {'version': '3.0', 'spec_version': '2.3'}, 'http_version': '1.1', 'server': ('127.0.0.1', 8000), 'cl...
          │              └ <function APIRoute.handle at 0x10c37df80>
          └ APIRoute(path='/kb/upload', name='kb_upload_endpoint', methods=['POST'])
  File "/Users/sunquanhu/Projects/study/ai/personal-workspace/personal-workspace-app/.venv/lib/python3.12/site-packages/fastapi/routing.py", line 1279, in handle
    await app(scope, receive, send)
          │   │      │        └ <function wrap_app_handling_exceptions.<locals>.wrapped_app.<locals>.sender at 0x11149a200>
          │   │      └ <function BaseHTTPMiddleware.__call__.<locals>.call_next.<locals>.receive_or_disconnect at 0x11137b1a0>
          │   └ {'type': 'http', 'asgi': {'version': '3.0', 'spec_version': '2.3'}, 'http_version': '1.1', 'server': ('127.0.0.1', 8000), 'cl...
          └ <function request_response.<locals>.app at 0x11149a660>
  File "/Users/sunquanhu/Projects/study/ai/personal-workspace/personal-workspace-app/.venv/lib/python3.12/site-packages/fastapi/routing.py", line 158, in app
    await wrap_app_handling_exceptions(app, request)(scope, receive, send)
          │                            │    │        │      │        └ <function wrap_app_handling_exceptions.<locals>.wrapped_app.<locals>.sender at 0x11149a200>
          │                            │    │        │      └ <function BaseHTTPMiddleware.__call__.<locals>.call_next.<locals>.receive_or_disconnect at 0x11137b1a0>
          │                            │    │        └ {'type': 'http', 'asgi': {'version': '3.0', 'spec_version': '2.3'}, 'http_version': '1.1', 'server': ('127.0.0.1', 8000), 'cl...
          │                            │    └ <starlette.requests.Request object at 0x111481fa0>
          │                            └ <function request_response.<locals>.app.<locals>.app at 0x11149a480>
          └ <function wrap_app_handling_exceptions at 0x10c33cfe0>
  File "/Users/sunquanhu/Projects/study/ai/personal-workspace/personal-workspace-app/.venv/lib/python3.12/site-packages/starlette/_exception_handler.py", line 53, in wrapped_app
    raise exc
  File "/Users/sunquanhu/Projects/study/ai/personal-workspace/personal-workspace-app/.venv/lib/python3.12/site-packages/starlette/_exception_handler.py", line 42, in wrapped_app
    await app(scope, receive, sender)
          │   │      │        └ <function wrap_app_handling_exceptions.<locals>.wrapped_app.<locals>.sender at 0x11149a7a0>
          │   │      └ <function BaseHTTPMiddleware.__call__.<locals>.call_next.<locals>.receive_or_disconnect at 0x11137b1a0>
          │   └ {'type': 'http', 'asgi': {'version': '3.0', 'spec_version': '2.3'}, 'http_version': '1.1', 'server': ('127.0.0.1', 8000), 'cl...
          └ <function request_response.<locals>.app.<locals>.app at 0x11149a480>
  File "/Users/sunquanhu/Projects/study/ai/personal-workspace/personal-workspace-app/.venv/lib/python3.12/site-packages/fastapi/routing.py", line 144, in app
    response = await f(request)
                     │ └ <starlette.requests.Request object at 0x111481fa0>
                     └ <function get_request_handler.<locals>.app at 0x11149a5c0>
  File "/Users/sunquanhu/Projects/study/ai/personal-workspace/personal-workspace-app/.venv/lib/python3.12/site-packages/fastapi/routing.py", line 706, in app
    raw_response = await run_endpoint_function(
                         └ <function run_endpoint_function at 0x10c37d300>
  File "/Users/sunquanhu/Projects/study/ai/personal-workspace/personal-workspace-app/.venv/lib/python3.12/site-packages/fastapi/routing.py", line 352, in run_endpoint_function
    return await dependant.call(**values)
                 │         │      └ {'db': <sqlalchemy.ext.asyncio.session.AsyncSession object at 0x111482810>, 'kb_id': '111', 'doc_id': '111', 'file': UploadFi...
                 │         └ <member 'call' of 'Dependant' objects>
                 └ Dependant(path_params=[], query_params=[], header_params=[], cookie_params=[], body_params=[ModelField(field_info=Form(Pydant...

  File "/Users/sunquanhu/Projects/study/ai/personal-workspace/personal-workspace-app/src/personal_workspace_app/api/endpoints/kb_endpoints.py", line 41, in kb_upload_endpoint
    saveKb(kb_id=kb_id,doc_id=doc_id,context=text_content,db=db)
    │            │            │              │               └ <sqlalchemy.ext.asyncio.session.AsyncSession object at 0x111482810>
    │            │            │              └ '你是一个三好学生'
    │            │            └ '111'
    │            └ '111'
    └ <function saveKb at 0x11021b880>

  File "/Users/sunquanhu/Projects/study/ai/personal-workspace/personal-workspace-app/src/personal_workspace_app/services/kb/KbService.py", line 43, in saveKb
    record = KnowledgeInfo(
             └ <class 'personal_workspace_app.domain.kbDocDestDomain.KnowledgeInfo'>

  File "<string>", line 4, in __init__
  File "/Users/sunquanhu/Projects/study/ai/personal-workspace/personal-workspace-app/.venv/lib/python3.12/site-packages/sqlalchemy/orm/state.py", line 596, in _initialize_instance
    with util.safe_reraise():
         │    └ <class 'sqlalchemy.util.langhelpers.safe_reraise'>
         └ <module 'sqlalchemy.util' from '/Users/sunquanhu/Projects/study/ai/personal-workspace/personal-workspace-app/.venv/lib/python...
  File "/Users/sunquanhu/Projects/study/ai/personal-workspace/personal-workspace-app/.venv/lib/python3.12/site-packages/sqlalchemy/util/langhelpers.py", line 122, in __exit__
    raise exc_value.with_traceback(exc_tb)
          │         │              └ <traceback object at 0x1114d4a00>
          │         └ <method 'with_traceback' of 'BaseException' objects>
          └ TypeError("'meta_info' is an invalid keyword argument for KnowledgeInfo")
  File "/Users/sunquanhu/Projects/study/ai/personal-workspace/personal-workspace-app/.venv/lib/python3.12/site-packages/sqlalchemy/orm/state.py", line 594, in _initialize_instance
    manager.original_init(*mixed[1:], **kwargs)
    │       │              │            └ {'id': 'a9aaee21-60a6-42ce-80d8-b36581bc0760', 'kb_id': '111', 'doc_id': '111', 'text_content': 20, 'embedding': ('client', <...
    │       │              └ (<sqlalchemy.orm.state.InstanceState object at 0x11143c470>, <personal_workspace_app.domain.kbDocDestDomain.KnowledgeInfo obj...
    │       └ <function _declarative_constructor at 0x10cdb9580>
    └ <ClassManager of <class 'personal_workspace_app.domain.kbDocDestDomain.KnowledgeInfo'> at 11012fb10>
  File "/Users/sunquanhu/Projects/study/ai/personal-workspace/personal-workspace-app/.venv/lib/python3.12/site-packages/sqlalchemy/orm/decl_base.py", line 2193, in _declarative_constructor
    raise TypeError(

TypeError: 'meta_info' is an invalid keyword argument for KnowledgeInfo
2026-09-09 19:47:11.235 | ERROR    | [291d707f70754c02960c54f9b140524f] | logging:callHandlers:1762 - 【系统未知异常】Path: /api/v1/kb/upload | Error: password authentication failed for user "myuser"
Traceback (most recent call last):

  File "/Users/sunquanhu/.pyenv/versions/3.12.2/lib/python3.12/runpy.py", line 198, in _run_module_as_main
    return _run_code(code, main_globals, None,
           │         │     └ {'__name__': '__main__', '__doc__': None, '__package__': '', '__loader__': <_frozen_importlib_external.SourceFileLoader objec...
           │         └ <code object <module> at 0x109dd9c50, file "/private/var/folders/7v/223c2ym14gb3wzg9l33myc380000gn/T/debugpy69653884798475276...
           └ <function _run_code at 0x109dfe020>
  File "/Users/sunquanhu/.pyenv/versions/3.12.2/lib/python3.12/runpy.py", line 88, in _run_code
    exec(code, run_globals)
         │     └ {'__name__': '__main__', '__doc__': None, '__package__': '', '__loader__': <_frozen_importlib_external.SourceFileLoader objec...
         └ <code object <module> at 0x109dd9c50, file "/private/var/folders/7v/223c2ym14gb3wzg9l33myc380000gn/T/debugpy69653884798475276...

  File "/private/var/folders/7v/223c2ym14gb3wzg9l33myc380000gn/T/debugpy6965388479847527625/debugpy/adapter/../../debugpy/launcher/../../debugpy/__main__.py", line 71, in <module>
    cli.main()
    │   └ <function main at 0x10b9bfce0>
    └ <module 'debugpy.server.cli' from '/private/var/folders/7v/223c2ym14gb3wzg9l33myc380000gn/T/debugpy6965388479847527625/debugp...

  File "/private/var/folders/7v/223c2ym14gb3wzg9l33myc380000gn/T/debugpy6965388479847527625/debugpy/adapter/../../debugpy/launcher/../../debugpy/../debugpy/server/cli.py", line 542, in main
    run()
    └ <function run_file at 0x10b9bfa60>

  File "/private/var/folders/7v/223c2ym14gb3wzg9l33myc380000gn/T/debugpy6965388479847527625/debugpy/adapter/../../debugpy/launcher/../../debugpy/../debugpy/server/cli.py", line 361, in run_file
    runpy.run_path(target, run_name="__main__")
    │     │        └ '/Users/sunquanhu/Projects/study/ai/personal-workspace/personal-workspace-app/src/personal_workspace_app/__main__.py'
    │     └ <function run_path at 0x10afc4040>
    └ <module '_pydevd_bundle.pydevd_runpy' from '/private/var/folders/7v/223c2ym14gb3wzg9l33myc380000gn/T/debugpy69653884798475276...

  File "/private/var/folders/7v/223c2ym14gb3wzg9l33myc380000gn/T/debugpy6965388479847527625/debugpy/_vendored/pydevd/_pydevd_bundle/pydevd_runpy.py", line 310, in run_path
    return _run_module_code(code, init_globals, run_name, pkg_name=pkg_name, script_name=fname)
           │                │     │             │                  │                     └ '/Users/sunquanhu/Projects/study/ai/personal-workspace/personal-workspace-app/src/personal_workspace_app/__main__.py'
           │                │     │             │                  └ ''
           │                │     │             └ '__main__'
           │                │     └ None
           │                └ <code object <module> at 0x10ba225b0, file "/Users/sunquanhu/Projects/study/ai/personal-workspace/personal-workspace-app/src/...
           └ <function _run_module_code at 0x10af8bc40>

  File "/private/var/folders/7v/223c2ym14gb3wzg9l33myc380000gn/T/debugpy6965388479847527625/debugpy/_vendored/pydevd/_pydevd_bundle/pydevd_runpy.py", line 127, in _run_module_code
    _run_code(code, mod_globals, init_globals, mod_name, mod_spec, pkg_name, script_name)
    │         │     │            │             │         │         │         └ '/Users/sunquanhu/Projects/study/ai/personal-workspace/personal-workspace-app/src/personal_workspace_app/__main__.py'
    │         │     │            │             │         │         └ ''
    │         │     │            │             │         └ None
    │         │     │            │             └ '__main__'
    │         │     │            └ None
    │         │     └ {'__name__': '__main__', '__doc__': None, '__package__': '', '__loader__': None, '__spec__': None, '__file__': '/Users/sunqua...
    │         └ <code object <module> at 0x10ba225b0, file "/Users/sunquanhu/Projects/study/ai/personal-workspace/personal-workspace-app/src/...
    └ <function _run_code at 0x10af8b7e0>

  File "/private/var/folders/7v/223c2ym14gb3wzg9l33myc380000gn/T/debugpy6965388479847527625/debugpy/_vendored/pydevd/_pydevd_bundle/pydevd_runpy.py", line 118, in _run_code
    exec(code, run_globals)
         │     └ {'__name__': '__main__', '__doc__': None, '__package__': '', '__loader__': None, '__spec__': None, '__file__': '/Users/sunqua...
         └ <code object <module> at 0x10ba225b0, file "/Users/sunquanhu/Projects/study/ai/personal-workspace/personal-workspace-app/src/...

  File "/Users/sunquanhu/Projects/study/ai/personal-workspace/personal-workspace-app/src/personal_workspace_app/__main__.py", line 37, in <module>
    uvicorn.run(app, host="0.0.0.0", port=8000, reload=False, loop="asyncio")
    │       │   └ <fastapi.applications.FastAPI object at 0x11169e5a0>
    │       └ <function run at 0x10bd200e0>
    └ <module 'uvicorn' from '/Users/sunquanhu/Projects/study/ai/personal-workspace/personal-workspace-app/.venv/lib/python3.12/sit...

  File "/Users/sunquanhu/Projects/study/ai/personal-workspace/personal-workspace-app/.venv/lib/python3.12/site-packages/uvicorn/main.py", line 621, in run
    server.run()
    │      └ <function Server.run at 0x10bd214e0>
    └ <uvicorn.server.Server object at 0x10bc46390>
  File "/Users/sunquanhu/Projects/study/ai/personal-workspace/personal-workspace-app/.venv/lib/python3.12/site-packages/uvicorn/server.py", line 77, in run
    return asyncio_run(self.serve(sockets=sockets), loop_factory=self.config.get_loop_factory())
           │           │    │             │                      │    │      └ <function Config.get_loop_factory at 0x10bc5d620>
           │           │    │             │                      │    └ <uvicorn.config.Config object at 0x111b0f5c0>
           │           │    │             │                      └ <uvicorn.server.Server object at 0x10bc46390>
           │           │    │             └ None
           │           │    └ <function Server.serve at 0x10bd21580>
           │           └ <uvicorn.server.Server object at 0x10bc46390>
           └ <function run at 0x10bb22980>
  File "/Users/sunquanhu/.pyenv/versions/3.12.2/lib/python3.12/asyncio/runners.py", line 194, in run
    return runner.run(main)
           │      │   └ <coroutine object Server.serve at 0x111b29d20>
           │      └ <function Runner.run at 0x10bb82de0>
           └ <asyncio.runners.Runner object at 0x111a3aea0>
  File "/Users/sunquanhu/.pyenv/versions/3.12.2/lib/python3.12/asyncio/runners.py", line 118, in run
    return self._loop.run_until_complete(task)
           │    │     │                  └ <Task pending name='Task-1' coro=<Server.serve() running at /Users/sunquanhu/Projects/study/ai/personal-workspace/personal-wo...
           │    │     └ <function BaseEventLoop.run_until_complete at 0x10bb80a40>
           │    └ <_UnixSelectorEventLoop running=True closed=False debug=False>
           └ <asyncio.runners.Runner object at 0x111a3aea0>
  File "/Users/sunquanhu/.pyenv/versions/3.12.2/lib/python3.12/asyncio/base_events.py", line 672, in run_until_complete
    self.run_forever()
    │    └ <function BaseEventLoop.run_forever at 0x10bb809a0>
    └ <_UnixSelectorEventLoop running=True closed=False debug=False>
  File "/Users/sunquanhu/.pyenv/versions/3.12.2/lib/python3.12/asyncio/base_events.py", line 639, in run_forever
    self._run_once()
    │    └ <function BaseEventLoop._run_once at 0x10bb827a0>
    └ <_UnixSelectorEventLoop running=True closed=False debug=False>
  File "/Users/sunquanhu/.pyenv/versions/3.12.2/lib/python3.12/asyncio/base_events.py", line 1985, in _run_once
    handle._run()
    │      └ <function Handle._run at 0x10bb0ab60>
    └ <Handle Task.task_wakeup(<Future finished result=None>)>
  File "/Users/sunquanhu/.pyenv/versions/3.12.2/lib/python3.12/asyncio/events.py", line 88, in _run
    self._context.run(self._callback, *self._args)
    │    │            │    │           │    └ <member '_args' of 'Handle' objects>
    │    │            │    │           └ <Handle Task.task_wakeup(<Future finished result=None>)>
    │    │            │    └ <member '_callback' of 'Handle' objects>
    │    │            └ <Handle Task.task_wakeup(<Future finished result=None>)>
    │    └ <member '_context' of 'Handle' objects>
    └ <Handle Task.task_wakeup(<Future finished result=None>)>
  File "/Users/sunquanhu/Projects/study/ai/personal-workspace/personal-workspace-app/.venv/lib/python3.12/site-packages/uvicorn/protocols/http/httptools_impl.py", line 422, in run_asgi
    result = await app(  # type: ignore[func-returns-value]
                   └ <uvicorn.middleware.proxy_headers.ProxyHeadersMiddleware object at 0x1115a9a30>
  File "/Users/sunquanhu/Projects/study/ai/personal-workspace/personal-workspace-app/.venv/lib/python3.12/site-packages/uvicorn/middleware/proxy_headers.py", line 63, in __call__
    return await self.app(scope, receive, send)
                 │    │   │      │        └ <bound method RequestResponseCycle.send of <uvicorn.protocols.http.httptools_impl.RequestResponseCycle object at 0x111bcfcb0>>
                 │    │   │      └ <bound method RequestResponseCycle.receive of <uvicorn.protocols.http.httptools_impl.RequestResponseCycle object at 0x111bcfc...
                 │    │   └ {'type': 'http', 'asgi': {'version': '3.0', 'spec_version': '2.3'}, 'http_version': '1.1', 'server': ('127.0.0.1', 8000), 'cl...
                 │    └ <fastapi.applications.FastAPI object at 0x11169e5a0>
                 └ <uvicorn.middleware.proxy_headers.ProxyHeadersMiddleware object at 0x1115a9a30>
  File "/Users/sunquanhu/Projects/study/ai/personal-workspace/personal-workspace-app/.venv/lib/python3.12/site-packages/fastapi/applications.py", line 1163, in __call__
    await super().__call__(scope, receive, send)
                           │      │        └ <bound method RequestResponseCycle.send of <uvicorn.protocols.http.httptools_impl.RequestResponseCycle object at 0x111bcfcb0>>
                           │      └ <bound method RequestResponseCycle.receive of <uvicorn.protocols.http.httptools_impl.RequestResponseCycle object at 0x111bcfc...
                           └ {'type': 'http', 'asgi': {'version': '3.0', 'spec_version': '2.3'}, 'http_version': '1.1', 'server': ('127.0.0.1', 8000), 'cl...
  File "/Users/sunquanhu/Projects/study/ai/personal-workspace/personal-workspace-app/.venv/lib/python3.12/site-packages/starlette/applications.py", line 96, in __call__
    await self.middleware_stack(scope, receive, send)
          │    │                │      │        └ <bound method RequestResponseCycle.send of <uvicorn.protocols.http.httptools_impl.RequestResponseCycle object at 0x111bcfcb0>>
          │    │                │      └ <bound method RequestResponseCycle.receive of <uvicorn.protocols.http.httptools_impl.RequestResponseCycle object at 0x111bcfc...
          │    │                └ {'type': 'http', 'asgi': {'version': '3.0', 'spec_version': '2.3'}, 'http_version': '1.1', 'server': ('127.0.0.1', 8000), 'cl...
          │    └ <starlette.middleware.errors.ServerErrorMiddleware object at 0x111bcf650>
          └ <fastapi.applications.FastAPI object at 0x11169e5a0>
> File "/Users/sunquanhu/Projects/study/ai/personal-workspace/personal-workspace-app/.venv/lib/python3.12/site-packages/starlette/middleware/errors.py", line 164, in __call__
    await self.app(scope, receive, _send)
          │    │   │      │        └ <function ServerErrorMiddleware.__call__.<locals>._send at 0x111b3f420>
          │    │   │      └ <bound method RequestResponseCycle.receive of <uvicorn.protocols.http.httptools_impl.RequestResponseCycle object at 0x111bcfc...
          │    │   └ {'type': 'http', 'asgi': {'version': '3.0', 'spec_version': '2.3'}, 'http_version': '1.1', 'server': ('127.0.0.1', 8000), 'cl...
          │    └ <personal_workspace_app.core.trace_middleware.TraceAndLogMiddleware object at 0x111bcf6b0>
          └ <starlette.middleware.errors.ServerErrorMiddleware object at 0x111bcf650>
  File "/Users/sunquanhu/Projects/study/ai/personal-workspace/personal-workspace-app/.venv/lib/python3.12/site-packages/starlette/middleware/base.py", line 198, in __call__
    raise app_exc
          └ InvalidPasswordError('password authentication failed for user "myuser"')
  File "/Users/sunquanhu/Projects/study/ai/personal-workspace/personal-workspace-app/.venv/lib/python3.12/site-packages/starlette/middleware/base.py", line 144, in coro
    await self.app(scope, receive_or_disconnect, send_no_error)
          │    │   │      │                      └ <function BaseHTTPMiddleware.__call__.<locals>.call_next.<locals>.send_no_error at 0x111c5a020>
          │    │   │      └ <function BaseHTTPMiddleware.__call__.<locals>.call_next.<locals>.receive_or_disconnect at 0x111bfb740>
          │    │   └ {'type': 'http', 'asgi': {'version': '3.0', 'spec_version': '2.3'}, 'http_version': '1.1', 'server': ('127.0.0.1', 8000), 'cl...
          │    └ <starlette.middleware.exceptions.ExceptionMiddleware object at 0x111bcf620>
          └ <personal_workspace_app.core.trace_middleware.TraceAndLogMiddleware object at 0x111bcf6b0>
  File "/Users/sunquanhu/Projects/study/ai/personal-workspace/personal-workspace-app/.venv/lib/python3.12/site-packages/starlette/middleware/exceptions.py", line 63, in __call__
    await wrap_app_handling_exceptions(self.app, conn)(scope, receive, send)
          │                            │    │    │     │      │        └ <function BaseHTTPMiddleware.__call__.<locals>.call_next.<locals>.send_no_error at 0x111c5a020>
          │                            │    │    │     │      └ <function BaseHTTPMiddleware.__call__.<locals>.call_next.<locals>.receive_or_disconnect at 0x111bfb740>
          │                            │    │    │     └ {'type': 'http', 'asgi': {'version': '3.0', 'spec_version': '2.3'}, 'http_version': '1.1', 'server': ('127.0.0.1', 8000), 'cl...
          │                            │    │    └ <starlette.requests.Request object at 0x111a0ec00>
          │                            │    └ <fastapi.middleware.asyncexitstack.AsyncExitStackMiddleware object at 0x1119e5b20>
          │                            └ <starlette.middleware.exceptions.ExceptionMiddleware object at 0x111bcf620>
          └ <function wrap_app_handling_exceptions at 0x10c9e0fe0>
  File "/Users/sunquanhu/Projects/study/ai/personal-workspace/personal-workspace-app/.venv/lib/python3.12/site-packages/starlette/_exception_handler.py", line 53, in wrapped_app
    raise exc
  File "/Users/sunquanhu/Projects/study/ai/personal-workspace/personal-workspace-app/.venv/lib/python3.12/site-packages/starlette/_exception_handler.py", line 42, in wrapped_app
    await app(scope, receive, sender)
          │   │      │        └ <function wrap_app_handling_exceptions.<locals>.wrapped_app.<locals>.sender at 0x111c5a340>
          │   │      └ <function BaseHTTPMiddleware.__call__.<locals>.call_next.<locals>.receive_or_disconnect at 0x111bfb740>
          │   └ {'type': 'http', 'asgi': {'version': '3.0', 'spec_version': '2.3'}, 'http_version': '1.1', 'server': ('127.0.0.1', 8000), 'cl...
          └ <fastapi.middleware.asyncexitstack.AsyncExitStackMiddleware object at 0x1119e5b20>
  File "/Users/sunquanhu/Projects/study/ai/personal-workspace/personal-workspace-app/.venv/lib/python3.12/site-packages/fastapi/middleware/asyncexitstack.py", line 18, in __call__
    await self.app(scope, receive, send)
          │    │   │      │        └ <function wrap_app_handling_exceptions.<locals>.wrapped_app.<locals>.sender at 0x111c5a340>
          │    │   │      └ <function BaseHTTPMiddleware.__call__.<locals>.call_next.<locals>.receive_or_disconnect at 0x111bfb740>
          │    │   └ {'type': 'http', 'asgi': {'version': '3.0', 'spec_version': '2.3'}, 'http_version': '1.1', 'server': ('127.0.0.1', 8000), 'cl...
          │    └ <fastapi.routing.APIRouter object at 0x111b42930>
          └ <fastapi.middleware.asyncexitstack.AsyncExitStackMiddleware object at 0x1119e5b20>
  File "/Users/sunquanhu/Projects/study/ai/personal-workspace/personal-workspace-app/.venv/lib/python3.12/site-packages/starlette/routing.py", line 670, in __call__
    await self.middleware_stack(scope, receive, send)
          │    │                │      │        └ <function wrap_app_handling_exceptions.<locals>.wrapped_app.<locals>.sender at 0x111c5a340>
          │    │                │      └ <function BaseHTTPMiddleware.__call__.<locals>.call_next.<locals>.receive_or_disconnect at 0x111bfb740>
          │    │                └ {'type': 'http', 'asgi': {'version': '3.0', 'spec_version': '2.3'}, 'http_version': '1.1', 'server': ('127.0.0.1', 8000), 'cl...
          │    └ <bound method APIRouter.app of <fastapi.routing.APIRouter object at 0x111b42930>>
          └ <fastapi.routing.APIRouter object at 0x111b42930>
  File "/Users/sunquanhu/Projects/study/ai/personal-workspace/personal-workspace-app/.venv/lib/python3.12/site-packages/fastapi/routing.py", line 2734, in app
    await route.handle(scope, receive, send)
          │     │      │      │        └ <function wrap_app_handling_exceptions.<locals>.wrapped_app.<locals>.sender at 0x111c5a340>
          │     │      │      └ <function BaseHTTPMiddleware.__call__.<locals>.call_next.<locals>.receive_or_disconnect at 0x111bfb740>
          │     │      └ {'type': 'http', 'asgi': {'version': '3.0', 'spec_version': '2.3'}, 'http_version': '1.1', 'server': ('127.0.0.1', 8000), 'cl...
          │     └ <function _IncludedRouter.handle at 0x10ca23e20>
          └ _IncludedRouter(original_router=<fastapi.routing.APIRouter object at 0x1101b0ec0>, include_context=_RouterIncludeContext(incl...
  File "/Users/sunquanhu/Projects/study/ai/personal-workspace/personal-workspace-app/.venv/lib/python3.12/site-packages/fastapi/routing.py", line 1780, in handle
    await self.original_router.handle(scope, receive, send)
          │    │               │      │      │        └ <function wrap_app_handling_exceptions.<locals>.wrapped_app.<locals>.sender at 0x111c5a340>
          │    │               │      │      └ <function BaseHTTPMiddleware.__call__.<locals>.call_next.<locals>.receive_or_disconnect at 0x111bfb740>
          │    │               │      └ {'type': 'http', 'asgi': {'version': '3.0', 'spec_version': '2.3'}, 'http_version': '1.1', 'server': ('127.0.0.1', 8000), 'cl...
          │    │               └ <function APIRouter.handle at 0x10ca45ee0>
          │    └ <fastapi.routing.APIRouter object at 0x1101b0ec0>
          └ _IncludedRouter(original_router=<fastapi.routing.APIRouter object at 0x1101b0ec0>, include_context=_RouterIncludeContext(incl...
  File "/Users/sunquanhu/Projects/study/ai/personal-workspace/personal-workspace-app/.venv/lib/python3.12/site-packages/fastapi/routing.py", line 2789, in handle
    await included_router._handle_selected(scope, receive, send)
          │               │                │      │        └ <function wrap_app_handling_exceptions.<locals>.wrapped_app.<locals>.sender at 0x111c5a340>
          │               │                │      └ <function BaseHTTPMiddleware.__call__.<locals>.call_next.<locals>.receive_or_disconnect at 0x111bfb740>
          │               │                └ {'type': 'http', 'asgi': {'version': '3.0', 'spec_version': '2.3'}, 'http_version': '1.1', 'server': ('127.0.0.1', 8000), 'cl...
          │               └ <function _IncludedRouter._handle_selected at 0x10ca23ec0>
          └ _IncludedRouter(original_router=<fastapi.routing.APIRouter object at 0x1101b0ec0>, include_context=_RouterIncludeContext(incl...
  File "/Users/sunquanhu/Projects/study/ai/personal-workspace/personal-workspace-app/.venv/lib/python3.12/site-packages/fastapi/routing.py", line 1800, in _handle_selected
    await original_route.handle(scope, receive, send)
          │              │      │      │        └ <function wrap_app_handling_exceptions.<locals>.wrapped_app.<locals>.sender at 0x111c5a340>
          │              │      │      └ <function BaseHTTPMiddleware.__call__.<locals>.call_next.<locals>.receive_or_disconnect at 0x111bfb740>
          │              │      └ {'type': 'http', 'asgi': {'version': '3.0', 'spec_version': '2.3'}, 'http_version': '1.1', 'server': ('127.0.0.1', 8000), 'cl...
          │              └ <function APIRoute.handle at 0x10ca21f80>
          └ APIRoute(path='/kb/upload', name='kb_upload_endpoint', methods=['POST'])
  File "/Users/sunquanhu/Projects/study/ai/personal-workspace/personal-workspace-app/.venv/lib/python3.12/site-packages/fastapi/routing.py", line 1279, in handle
    await app(scope, receive, send)
          │   │      │        └ <function wrap_app_handling_exceptions.<locals>.wrapped_app.<locals>.sender at 0x111c5a340>
          │   │      └ <function BaseHTTPMiddleware.__call__.<locals>.call_next.<locals>.receive_or_disconnect at 0x111bfb740>
          │   └ {'type': 'http', 'asgi': {'version': '3.0', 'spec_version': '2.3'}, 'http_version': '1.1', 'server': ('127.0.0.1', 8000), 'cl...
          └ <function request_response.<locals>.app at 0x111c5a700>
  File "/Users/sunquanhu/Projects/study/ai/personal-workspace/personal-workspace-app/.venv/lib/python3.12/site-packages/fastapi/routing.py", line 158, in app
    await wrap_app_handling_exceptions(app, request)(scope, receive, send)
          │                            │    │        │      │        └ <function wrap_app_handling_exceptions.<locals>.wrapped_app.<locals>.sender at 0x111c5a340>
          │                            │    │        │      └ <function BaseHTTPMiddleware.__call__.<locals>.call_next.<locals>.receive_or_disconnect at 0x111bfb740>
          │                            │    │        └ {'type': 'http', 'asgi': {'version': '3.0', 'spec_version': '2.3'}, 'http_version': '1.1', 'server': ('127.0.0.1', 8000), 'cl...
          │                            │    └ <starlette.requests.Request object at 0x111c42000>
          │                            └ <function request_response.<locals>.app.<locals>.app at 0x111c5a5c0>
          └ <function wrap_app_handling_exceptions at 0x10c9e0fe0>
  File "/Users/sunquanhu/Projects/study/ai/personal-workspace/personal-workspace-app/.venv/lib/python3.12/site-packages/starlette/_exception_handler.py", line 53, in wrapped_app
    raise exc
  File "/Users/sunquanhu/Projects/study/ai/personal-workspace/personal-workspace-app/.venv/lib/python3.12/site-packages/starlette/_exception_handler.py", line 42, in wrapped_app
    await app(scope, receive, sender)
          │   │      │        └ <function wrap_app_handling_exceptions.<locals>.wrapped_app.<locals>.sender at 0x111c5a840>
          │   │      └ <function BaseHTTPMiddleware.__call__.<locals>.call_next.<locals>.receive_or_disconnect at 0x111bfb740>
          │   └ {'type': 'http', 'asgi': {'version': '3.0', 'spec_version': '2.3'}, 'http_version': '1.1', 'server': ('127.0.0.1', 8000), 'cl...
          └ <function request_response.<locals>.app.<locals>.app at 0x111c5a5c0>
  File "/Users/sunquanhu/Projects/study/ai/personal-workspace/personal-workspace-app/.venv/lib/python3.12/site-packages/fastapi/routing.py", line 140, in app
    async with AsyncExitStack() as request_stack:
               │                   └ <contextlib.AsyncExitStack object at 0x111c42630>
               └ <class 'contextlib.AsyncExitStack'>
  File "/Users/sunquanhu/.pyenv/versions/3.12.2/lib/python3.12/contextlib.py", line 754, in __aexit__
    raise exc_details[1]
          └ (<class 'asyncpg.exceptions.InvalidPasswordError'>, InvalidPasswordError('password authentication failed for user "myuser"'),...
  File "/Users/sunquanhu/.pyenv/versions/3.12.2/lib/python3.12/contextlib.py", line 737, in __aexit__
    cb_suppress = await cb(*exc_details)
                        │   └ (<class 'asyncpg.exceptions.InvalidPasswordError'>, InvalidPasswordError('password authentication failed for user "myuser"'),...
                        └ <bound method _AsyncGeneratorContextManager.__aexit__ of <contextlib._AsyncGeneratorContextManager object at 0x111c42ea0>>
  File "/Users/sunquanhu/.pyenv/versions/3.12.2/lib/python3.12/contextlib.py", line 217, in __aexit__
    await anext(self.gen)
                │    └ <async_generator object get_db at 0x111c55a80>
                └ <contextlib._AsyncGeneratorContextManager object at 0x111c42ea0>

  File "/Users/sunquanhu/Projects/study/ai/personal-workspace/personal-workspace-app/src/personal_workspace_app/infrastructure/db/session.py", line 33, in get_db
    await session.commit()
          │       └ <function AsyncSession.commit at 0x10d4d4220>
          └ <sqlalchemy.ext.asyncio.session.AsyncSession object at 0x111c42cc0>

  File "/Users/sunquanhu/Projects/study/ai/personal-workspace/personal-workspace-app/.venv/lib/python3.12/site-packages/sqlalchemy/ext/asyncio/session.py", line 999, in commit
    await greenlet_spawn(self.sync_session.commit)
          │              │    │            └ <function Session.commit at 0x10d3d04a0>
          │              │    └ <sqlalchemy.orm.session.Session object at 0x111b68290>
          │              └ <sqlalchemy.ext.asyncio.session.AsyncSession object at 0x111c42cc0>
          └ <function greenlet_spawn at 0x10cb282c0>
  File "/Users/sunquanhu/Projects/study/ai/personal-workspace/personal-workspace-app/.venv/lib/python3.12/site-packages/sqlalchemy/util/_concurrency_py3k.py", line 201, in greenlet_spawn
    result = context.throw(*sys.exc_info())
             │       │      │   └ <built-in function exc_info>
             │       │      └ <module 'sys' (built-in)>
             │       └ <method 'throw' of 'greenlet.greenlet' objects>
             └ <_AsyncIoGreenlet object at 0x111b572c0 (otid=0x600003cad8c0) dead>
  File "/Users/sunquanhu/Projects/study/ai/personal-workspace/personal-workspace-app/.venv/lib/python3.12/site-packages/sqlalchemy/orm/session.py", line 2035, in commit
    trans.commit(_to_root=True)
    │     └ <function SessionTransaction.commit at 0x10d3cb420>
    └ <sqlalchemy.orm.session.SessionTransaction object at 0x111c7a090>
  File "<string>", line 2, in commit
  File "/Users/sunquanhu/Projects/study/ai/personal-workspace/personal-workspace-app/.venv/lib/python3.12/site-packages/sqlalchemy/orm/state_changes.py", line 137, in _go
    ret_value = fn(self, *arg, **kw)
                │  │      │      └ {'_to_root': True}
                │  │      └ ()
                │  └ <sqlalchemy.orm.session.SessionTransaction object at 0x111c7a090>
                └ <function SessionTransaction.commit at 0x10d3cb380>
  File "/Users/sunquanhu/Projects/study/ai/personal-workspace/personal-workspace-app/.venv/lib/python3.12/site-packages/sqlalchemy/orm/session.py", line 1316, in commit
    self._prepare_impl()
    │    └ <function SessionTransaction._prepare_impl at 0x10d3cb240>
    └ <sqlalchemy.orm.session.SessionTransaction object at 0x111c7a090>
  File "<string>", line 2, in _prepare_impl
  File "/Users/sunquanhu/Projects/study/ai/personal-workspace/personal-workspace-app/.venv/lib/python3.12/site-packages/sqlalchemy/orm/state_changes.py", line 137, in _go
    ret_value = fn(self, *arg, **kw)
                │  │      │      └ {}
                │  │      └ ()
                │  └ <sqlalchemy.orm.session.SessionTransaction object at 0x111c7a090>
                └ <function SessionTransaction._prepare_impl at 0x10d3cb1a0>
  File "/Users/sunquanhu/Projects/study/ai/personal-workspace/personal-workspace-app/.venv/lib/python3.12/site-packages/sqlalchemy/orm/session.py", line 1290, in _prepare_impl
    self.session.flush()
    │    │       └ <function Session.flush at 0x10d3d3380>
    │    └ <sqlalchemy.orm.session.Session object at 0x111b68290>
    └ <sqlalchemy.orm.session.SessionTransaction object at 0x111c7a090>
  File "/Users/sunquanhu/Projects/study/ai/personal-workspace/personal-workspace-app/.venv/lib/python3.12/site-packages/sqlalchemy/orm/session.py", line 4353, in flush
    self._flush(objects)
    │    │      └ None
    │    └ <function Session._flush at 0x10d3d3560>
    └ <sqlalchemy.orm.session.Session object at 0x111b68290>
  File "/Users/sunquanhu/Projects/study/ai/personal-workspace/personal-workspace-app/.venv/lib/python3.12/site-packages/sqlalchemy/orm/session.py", line 4488, in _flush
    with util.safe_reraise():
         │    └ <class 'sqlalchemy.util.langhelpers.safe_reraise'>
         └ <module 'sqlalchemy.util' from '/Users/sunquanhu/Projects/study/ai/personal-workspace/personal-workspace-app/.venv/lib/python...
  File "/Users/sunquanhu/Projects/study/ai/personal-workspace/personal-workspace-app/.venv/lib/python3.12/site-packages/sqlalchemy/util/langhelpers.py", line 122, in __exit__
    raise exc_value.with_traceback(exc_tb)
          │         │              └ <traceback object at 0x113d8b000>
          │         └ <method 'with_traceback' of 'BaseException' objects>
          └ InvalidPasswordError('password authentication failed for user "myuser"')
  File "/Users/sunquanhu/Projects/study/ai/personal-workspace/personal-workspace-app/.venv/lib/python3.12/site-packages/sqlalchemy/orm/session.py", line 4449, in _flush
    flush_context.execute()
    │             └ <function UOWTransaction.execute at 0x10d3531a0>
    └ <sqlalchemy.orm.unitofwork.UOWTransaction object at 0x10dae56a0>
  File "/Users/sunquanhu/Projects/study/ai/personal-workspace/personal-workspace-app/.venv/lib/python3.12/site-packages/sqlalchemy/orm/unitofwork.py", line 465, in execute
    rec.execute(self)
    │   │       └ <sqlalchemy.orm.unitofwork.UOWTransaction object at 0x10dae56a0>
    │   └ <function SaveUpdateAll.execute at 0x10d353ce0>
    └ SaveUpdateAll(Mapper[KnowledgeInfo(kb_doc_test)])
  File "/Users/sunquanhu/Projects/study/ai/personal-workspace/personal-workspace-app/.venv/lib/python3.12/site-packages/sqlalchemy/orm/unitofwork.py", line 641, in execute
    util.preloaded.orm_persistence.save_obj(
    │    │         │               └ <function save_obj at 0x10d3b8040>
    │    │         └ <module 'sqlalchemy.orm.persistence' from '/Users/sunquanhu/Projects/study/ai/personal-workspace/personal-workspace-app/.venv...
    │    └ <module 'sqlalchemy.util.preloaded' from '/Users/sunquanhu/Projects/study/ai/personal-workspace/personal-workspace-app/.venv/...
    └ <module 'sqlalchemy.util' from '/Users/sunquanhu/Projects/study/ai/personal-workspace/personal-workspace-app/.venv/lib/python...
  File "/Users/sunquanhu/Projects/study/ai/personal-workspace/personal-workspace-app/.venv/lib/python3.12/site-packages/sqlalchemy/orm/persistence.py", line 61, in save_obj
    for (
  File "/Users/sunquanhu/Projects/study/ai/personal-workspace/personal-workspace-app/.venv/lib/python3.12/site-packages/sqlalchemy/orm/persistence.py", line 224, in _organize_states_for_save
    for state, dict_, mapper, connection in _connections_for_states(
                                            └ <function _connections_for_states at 0x10d3b9260>
  File "/Users/sunquanhu/Projects/study/ai/personal-workspace/personal-workspace-app/.venv/lib/python3.12/site-packages/sqlalchemy/orm/persistence.py", line 1760, in _connections_for_states
    connection = uowtransaction.transaction.connection(base_mapper)
                 │              │           │          └ <Mapper at 0x1105fdb20; KnowledgeInfo>
                 │              │           └ <function SessionTransaction.connection at 0x10d3ca980>
                 │              └ <sqlalchemy.orm.session.SessionTransaction object at 0x111c0c510>
                 └ <sqlalchemy.orm.unitofwork.UOWTransaction object at 0x10dae56a0>
  File "<string>", line 2, in connection
  File "/Users/sunquanhu/Projects/study/ai/personal-workspace/personal-workspace-app/.venv/lib/python3.12/site-packages/sqlalchemy/orm/state_changes.py", line 137, in _go
    ret_value = fn(self, *arg, **kw)
                │  │      │      └ {'execution_options': None}
                │  │      └ (<Mapper at 0x1105fdb20; KnowledgeInfo>,)
                │  └ <sqlalchemy.orm.session.SessionTransaction object at 0x111c0c510>
                └ <function SessionTransaction.connection at 0x10d3ca8e0>
  File "/Users/sunquanhu/Projects/study/ai/personal-workspace/personal-workspace-app/.venv/lib/python3.12/site-packages/sqlalchemy/orm/session.py", line 1041, in connection
    return self._connection_for_bind(bind, execution_options)
           │    │                    │     └ None
           │    │                    └ Engine(postgresql+asyncpg://myuser:***@localhost:5432/vectordb)
           │    └ <function SessionTransaction._connection_for_bind at 0x10d3cb100>
           └ <sqlalchemy.orm.session.SessionTransaction object at 0x111c0c510>
  File "<string>", line 2, in _connection_for_bind
  File "/Users/sunquanhu/Projects/study/ai/personal-workspace/personal-workspace-app/.venv/lib/python3.12/site-packages/sqlalchemy/orm/state_changes.py", line 137, in _go
    ret_value = fn(self, *arg, **kw)
                │  │      │      └ {}
                │  │      └ (Engine(postgresql+asyncpg://myuser:***@localhost:5432/vectordb), None)
                │  └ <sqlalchemy.orm.session.SessionTransaction object at 0x111c0c510>
                └ <function SessionTransaction._connection_for_bind at 0x10d3caf20>
  File "/Users/sunquanhu/Projects/study/ai/personal-workspace/personal-workspace-app/.venv/lib/python3.12/site-packages/sqlalchemy/orm/session.py", line 1177, in _connection_for_bind
    conn = self._parent._connection_for_bind(
           │    │       └ <function SessionTransaction._connection_for_bind at 0x10d3cb100>
           │    └ <sqlalchemy.orm.session.SessionTransaction object at 0x111c7a090>
           └ <sqlalchemy.orm.session.SessionTransaction object at 0x111c0c510>
  File "<string>", line 2, in _connection_for_bind
  File "/Users/sunquanhu/Projects/study/ai/personal-workspace/personal-workspace-app/.venv/lib/python3.12/site-packages/sqlalchemy/orm/state_changes.py", line 137, in _go
    ret_value = fn(self, *arg, **kw)
                │  │      │      └ {}
                │  │      └ (Engine(postgresql+asyncpg://myuser:***@localhost:5432/vectordb), None)
                │  └ <sqlalchemy.orm.session.SessionTransaction object at 0x111c7a090>
                └ <function SessionTransaction._connection_for_bind at 0x10d3caf20>
  File "/Users/sunquanhu/Projects/study/ai/personal-workspace/personal-workspace-app/.venv/lib/python3.12/site-packages/sqlalchemy/orm/session.py", line 1191, in _connection_for_bind
    conn = bind.connect()
           │    └ <function Engine.connect at 0x10d025940>
           └ Engine(postgresql+asyncpg://myuser:***@localhost:5432/vectordb)
  File "/Users/sunquanhu/Projects/study/ai/personal-workspace/personal-workspace-app/.venv/lib/python3.12/site-packages/sqlalchemy/engine/base.py", line 3295, in connect
    return self._connection_cls(self)
           │    │               └ Engine(postgresql+asyncpg://myuser:***@localhost:5432/vectordb)
           │    └ <class 'sqlalchemy.engine.base.Connection'>
           └ Engine(postgresql+asyncpg://myuser:***@localhost:5432/vectordb)
  File "/Users/sunquanhu/Projects/study/ai/personal-workspace/personal-workspace-app/.venv/lib/python3.12/site-packages/sqlalchemy/engine/base.py", line 144, in __init__
    self._dbapi_connection = engine.raw_connection()
    │                        │      └ <function Engine.raw_connection at 0x10d0259e0>
    │                        └ Engine(postgresql+asyncpg://myuser:***@localhost:5432/vectordb)
    └ <sqlalchemy.engine.base.Connection object at 0x111c42720>
  File "/Users/sunquanhu/Projects/study/ai/personal-workspace/personal-workspace-app/.venv/lib/python3.12/site-packages/sqlalchemy/engine/base.py", line 3319, in raw_connection
    return self.pool.connect()
           │    │    └ <function Pool.connect at 0x10cba7060>
           │    └ <sqlalchemy.pool.impl.AsyncAdaptedQueuePool object at 0x10d9ceb10>
           └ Engine(postgresql+asyncpg://myuser:***@localhost:5432/vectordb)
  File "/Users/sunquanhu/Projects/study/ai/personal-workspace/personal-workspace-app/.venv/lib/python3.12/site-packages/sqlalchemy/pool/base.py", line 448, in connect
    return _ConnectionFairy._checkout(self)
           │                │         └ <sqlalchemy.pool.impl.AsyncAdaptedQueuePool object at 0x10d9ceb10>
           │                └ <classmethod(<function _ConnectionFairy._checkout at 0x10cbd1300>)>
           └ <class 'sqlalchemy.pool.base._ConnectionFairy'>
  File "/Users/sunquanhu/Projects/study/ai/personal-workspace/personal-workspace-app/.venv/lib/python3.12/site-packages/sqlalchemy/pool/base.py", line 1272, in _checkout
    fairy = _ConnectionRecord.checkout(pool)
            │                 │        └ <sqlalchemy.pool.impl.AsyncAdaptedQueuePool object at 0x10d9ceb10>
            │                 └ <classmethod(<function _ConnectionRecord.checkout at 0x10cba7ce0>)>
            └ <class 'sqlalchemy.pool.base._ConnectionRecord'>
  File "/Users/sunquanhu/Projects/study/ai/personal-workspace/personal-workspace-app/.venv/lib/python3.12/site-packages/sqlalchemy/pool/base.py", line 712, in checkout
    rec = pool._do_get()
          │    └ <function QueuePool._do_get at 0x10cbd32e0>
          └ <sqlalchemy.pool.impl.AsyncAdaptedQueuePool object at 0x10d9ceb10>
  File "/Users/sunquanhu/Projects/study/ai/personal-workspace/personal-workspace-app/.venv/lib/python3.12/site-packages/sqlalchemy/pool/impl.py", line 178, in _do_get
    with util.safe_reraise():
         │    └ <class 'sqlalchemy.util.langhelpers.safe_reraise'>
         └ <module 'sqlalchemy.util' from '/Users/sunquanhu/Projects/study/ai/personal-workspace/personal-workspace-app/.venv/lib/python...
  File "/Users/sunquanhu/Projects/study/ai/personal-workspace/personal-workspace-app/.venv/lib/python3.12/site-packages/sqlalchemy/util/langhelpers.py", line 122, in __exit__
    raise exc_value.with_traceback(exc_tb)
          │         │              └ <traceback object at 0x113d8aac0>
          │         └ <method 'with_traceback' of 'BaseException' objects>
          └ InvalidPasswordError('password authentication failed for user "myuser"')
  File "/Users/sunquanhu/Projects/study/ai/personal-workspace/personal-workspace-app/.venv/lib/python3.12/site-packages/sqlalchemy/pool/impl.py", line 176, in _do_get
    return self._create_connection()
           │    └ <function Pool._create_connection at 0x10cba6de0>
           └ <sqlalchemy.pool.impl.AsyncAdaptedQueuePool object at 0x10d9ceb10>
  File "/Users/sunquanhu/Projects/study/ai/personal-workspace/personal-workspace-app/.venv/lib/python3.12/site-packages/sqlalchemy/pool/base.py", line 389, in _create_connection
    return _ConnectionRecord(self)
           │                 └ <sqlalchemy.pool.impl.AsyncAdaptedQueuePool object at 0x10d9ceb10>
           └ <class 'sqlalchemy.pool.base._ConnectionRecord'>
  File "/Users/sunquanhu/Projects/study/ai/personal-workspace/personal-workspace-app/.venv/lib/python3.12/site-packages/sqlalchemy/pool/base.py", line 674, in __init__
    self.__connect()
    └ <sqlalchemy.pool.base._ConnectionRecord object at 0x111c08290>
  File "/Users/sunquanhu/Projects/study/ai/personal-workspace/personal-workspace-app/.venv/lib/python3.12/site-packages/sqlalchemy/pool/base.py", line 900, in __connect
    with util.safe_reraise():
         │    └ <class 'sqlalchemy.util.langhelpers.safe_reraise'>
         └ <module 'sqlalchemy.util' from '/Users/sunquanhu/Projects/study/ai/personal-workspace/personal-workspace-app/.venv/lib/python...
  File "/Users/sunquanhu/Projects/study/ai/personal-workspace/personal-workspace-app/.venv/lib/python3.12/site-packages/sqlalchemy/util/langhelpers.py", line 122, in __exit__
    raise exc_value.with_traceback(exc_tb)
          │         │              └ <traceback object at 0x113d8a240>
          │         └ <method 'with_traceback' of 'BaseException' objects>
          └ InvalidPasswordError('password authentication failed for user "myuser"')
  File "/Users/sunquanhu/Projects/study/ai/personal-workspace/personal-workspace-app/.venv/lib/python3.12/site-packages/sqlalchemy/pool/base.py", line 896, in __connect
    self.dbapi_connection = connection = pool._invoke_creator(self)
    │    │                               │    │               └ <sqlalchemy.pool.base._ConnectionRecord object at 0x111c08290>
    │    │                               │    └ <function create_engine.<locals>.connect at 0x10d4d8d60>
    │    │                               └ <sqlalchemy.pool.impl.AsyncAdaptedQueuePool object at 0x10d9ceb10>
    │    └ <member 'dbapi_connection' of '_ConnectionRecord' objects>
    └ <sqlalchemy.pool.base._ConnectionRecord object at 0x111c08290>
  File "/Users/sunquanhu/Projects/study/ai/personal-workspace/personal-workspace-app/.venv/lib/python3.12/site-packages/sqlalchemy/engine/create.py", line 667, in connect
    return dialect.connect(*cargs_tup, **cparams)
           │       │        │            └ immutabledict({'host': 'localhost', 'database': 'vectordb', 'user': 'myuser', 'password': '123456', 'port': 5432})
           │       │        └ []
           │       └ <function DefaultDialect.connect at 0x10d0ddb20>
           └ <sqlalchemy.dialects.postgresql.asyncpg.PGDialect_asyncpg object at 0x10d56a8a0>
  File "/Users/sunquanhu/Projects/study/ai/personal-workspace/personal-workspace-app/.venv/lib/python3.12/site-packages/sqlalchemy/engine/default.py", line 630, in connect
    return self.loaded_dbapi.connect(*cargs, **cparams)  # type: ignore[no-any-return]  # NOQA: E501
           │    │            │        │        └ {'host': 'localhost', 'database': 'vectordb', 'user': 'myuser', 'password': '123456', 'port': 5432}
           │    │            │        └ ()
           │    │            └ <function AsyncAdapt_asyncpg_dbapi.connect at 0x10d6f8ea0>
           │    └ <sqlalchemy.dialects.postgresql.asyncpg.AsyncAdapt_asyncpg_dbapi object at 0x10d568800>
           └ <sqlalchemy.dialects.postgresql.asyncpg.PGDialect_asyncpg object at 0x10d56a8a0>
  File "/Users/sunquanhu/Projects/study/ai/personal-workspace/personal-workspace-app/.venv/lib/python3.12/site-packages/sqlalchemy/dialects/postgresql/asyncpg.py", line 955, in connect
    await_only(creator_fn(*arg, **kw)),
    │          │           │      └ {'host': 'localhost', 'database': 'vectordb', 'user': 'myuser', 'password': '123456', 'port': 5432}
    │          │           └ ()
    │          └ <function connect at 0x10d9a6980>
    └ <function await_only at 0x10cb28180>
  File "/Users/sunquanhu/Projects/study/ai/personal-workspace/personal-workspace-app/.venv/lib/python3.12/site-packages/sqlalchemy/util/_concurrency_py3k.py", line 132, in await_only
    return current.parent.switch(awaitable)  # type: ignore[no-any-return,attr-defined] # noqa: E501
           │       │             └ <coroutine object connect at 0x111c5c4f0>
           │       └ <attribute 'parent' of 'greenlet.greenlet' objects>
           └ <_AsyncIoGreenlet object at 0x111b572c0 (otid=0x600003cad8c0) dead>
  File "/Users/sunquanhu/Projects/study/ai/personal-workspace/personal-workspace-app/.venv/lib/python3.12/site-packages/sqlalchemy/util/_concurrency_py3k.py", line 196, in greenlet_spawn
    value = await result
                  └ <coroutine object connect at 0x111c5c4f0>
  File "/Users/sunquanhu/Projects/study/ai/personal-workspace/personal-workspace-app/.venv/lib/python3.12/site-packages/asyncpg/connection.py", line 2443, in connect
    return await connect_utils._connect(
                 │             └ <function _connect at 0x10d9a6520>
                 └ <module 'asyncpg.connect_utils' from '/Users/sunquanhu/Projects/study/ai/personal-workspace/personal-workspace-app/.venv/lib/...
  File "/Users/sunquanhu/Projects/study/ai/personal-workspace/personal-workspace-app/.venv/lib/python3.12/site-packages/asyncpg/connect_utils.py", line 1218, in _connect
    conn = await _connect_addr(
                 └ <function _connect_addr at 0x10d9a5c60>
  File "/Users/sunquanhu/Projects/study/ai/personal-workspace/personal-workspace-app/.venv/lib/python3.12/site-packages/asyncpg/connect_utils.py", line 1054, in _connect_addr
    return await __connect_addr(params, True, *args)
                 │              │              └ (('localhost', 5432), <_UnixSelectorEventLoop running=True closed=False debug=False>, ConnectionConfiguration(command_timeout...
                 │              └ ConnectionParameters(user='myuser', password='123456', database='vectordb', ssl=<ssl.SSLContext object at 0x111c9dbd0>, sslmo...
                 └ <function __connect_addr at 0x10d9a5ee0>
  File "/Users/sunquanhu/Projects/study/ai/personal-workspace/personal-workspace-app/.venv/lib/python3.12/site-packages/asyncpg/connect_utils.py", line 1102, in __connect_addr
    await connected
          └ <Future finished exception=InvalidPasswordError('password authentication failed for user "myuser"')>

asyncpg.exceptions.InvalidPasswordError: password authentication failed for user "myuser"
2026-09-09 19:48:58.526 | ERROR    | [20804e6e5b224c5cbf2dd681ec9a306e] | logging:callHandlers:1762 - 【系统未知异常】Path: /api/v1/kb/upload | Error: (builtins.ValueError) could not convert string to float: 'client'
[SQL: INSERT INTO kb_doc_test (id, kb_id, doc_id, text_content, embedding, metadata, chunk_index, create_at) VALUES ($1::VARCHAR, $2::VARCHAR, $3::VARCHAR, $4::VARCHAR, $5, $6::JSONB, $7::INTEGER, $8::TIMESTAMP WITH TIME ZONE) RETURNING kb_doc_test.fts_tokens, kb_doc_test.id]
[parameters: [{'doc_id': '111', 'embedding': ('client', <openai.resources.embeddings.Embeddings object at 0x111e88230>), 'id': 'eb030f1c-e7e6-4516-bec5-285fa58733b2', 'text_content': 20, 'metadata': {'doc_id': '111', 'kb_id': '111'}, 'chunk_index': 0, 'kb_id': '111', 'create_at': None}, {'doc_id': '111', 'embedding': ('async_client', <openai.resources.embeddings.AsyncEmbeddings object at 0x112086930>), 'id': 'b5d96e6d-0693-445d-a950-562aacb27552', 'text_content': 20, 'metadata': {'doc_id': '111', 'kb_id': '111'}, 'chunk_index': 1, 'kb_id': '111', 'create_at': None}, {'doc_id': '111', 'embedding': ('model', 'qwen3.7-text-embedding'), 'id': 'f87d0a88-e0a0-4065-8ad9-ff7990e4869c', 'text_content': 20, 'metadata': {'doc_id': '111', 'kb_id': '111'}, 'chunk_index': 2, 'kb_id': '111', 'create_at': None}, {'doc_id': '111', 'embedding': ('dimensions', 1024), 'id': '714475bf-46f2-47cb-adc6-81e4c1276fd3', 'text_content': 20, 'metadata': {'doc_id': '111', 'kb_id': '111'}, 'chunk_index': 3, 'kb_id': '111', 'create_at': None}, {'doc_id': '111', 'embedding': ('deployment', 'text-embedding-ada-002'), 'id': 'd4747d67-c973-4721-9fce-7239247ffc6b', 'text_content': 20, 'metadata': {'doc_id': '111', 'kb_id': '111'}, 'chunk_index': 4, 'kb_id': '111', 'create_at': None}, {'doc_id': '111', 'embedding': ('openai_api_version', None), 'id': 'f766efbe-77d3-420b-aec7-ed54f2483614', 'text_content': 20, 'metadata': {'doc_id': '111', 'kb_id': '111'}, 'chunk_index': 5, 'kb_id': '111', 'create_at': None}, {'doc_id': '111', 'embedding': ('openai_api_base', 'https://ws-keazas2jpkiugg8q.cn-beijing.maas.aliyuncs.com/compatible-mode/v1'), 'id': '7bf6f392-0cf1-4a26-8f75-05312840bcfe', 'text_content': 20, 'metadata': {'doc_id': '111', 'kb_id': '111'}, 'chunk_index': 6, 'kb_id': '111', 'create_at': None}, {'doc_id': '111', 'embedding': ('openai_api_type', None), 'id': 'eb661c8d-d73e-4fc6-b16f-ef7086773af9', 'text_content': 20, 'metadata': {'doc_id': '111', 'kb_id': '111'}, 'chunk_index': 7, 'kb_id': '111', 'create_at': None}, {'doc_id': '111', 'embedding': ('openai_proxy', None), 'id': 'f9cfd4dd-588a-40f9-92cc-4a86e3928abe', 'text_content': 20, 'metadata': {'doc_id': '111', 'kb_id': '111'}, 'chunk_index': 8, 'kb_id': '111', 'create_at': None}, {'doc_id': '111', 'embedding': ('embedding_ctx_length', 8191), 'id': '6d343e49-ae8a-45c9-a0ec-157308713a83', 'text_content': 20, 'metadata': {'doc_id': '111', 'kb_id': '111'}, 'chunk_index': 9, 'kb_id': '111', 'create_at': None}, {'doc_id': '111', 'embedding': ('openai_api_key', SecretStr('**********')), 'id': 'ee2231e7-5cf1-4ba4-9d10-8bf52b03121b', 'text_content': 20, 'metadata': {'doc_id': '111', 'kb_id': '111'}, 'chunk_index': 10, 'kb_id': '111', 'create_at': None}, {'doc_id': '111', 'embedding': ('openai_organization', None), 'id': '20f5ae5d-bbb8-4433-8095-e2958daa7821', 'text_content': 20, 'metadata': {'doc_id': '111', 'kb_id': '111'}, 'chunk_index': 11, 'kb_id': '111', 'create_at': None}, {'doc_id': '111', 'embedding': ('allowed_special', None), 'id': '896b74c9-2554-4b5d-b5b5-ce3b156a56bb', 'text_content': 20, 'metadata': {'doc_id': '111', 'kb_id': '111'}, 'chunk_index': 12, 'kb_id': '111', 'create_at': None}, {'doc_id': '111', 'embedding': ('disallowed_special', None), 'id': '74c83faf-0e2a-42d7-8675-2d7be0ef9274', 'text_content': 20, 'metadata': {'doc_id': '111', 'kb_id': '111'}, 'chunk_index': 13, 'kb_id': '111', 'create_at': None}, {'doc_id': '111', 'embedding': ('chunk_size', 1000), 'id': '031ebc65-fbda-462d-99f5-7e8f6289e23e', 'text_content': 20, 'metadata': {'doc_id': '111', 'kb_id': '111'}, 'chunk_index': 14, 'kb_id': '111', 'create_at': None}, {'doc_id': '111', 'embedding': ('max_retries', 2), 'id': 'ef6e8aa6-8733-47e0-9b67-3529c548692c', 'text_content': 20, 'metadata': {'doc_id': '111', 'kb_id': '111'}, 'chunk_index': 15, 'kb_id': '111', 'create_at': None}, {'doc_id': '111', 'embedding': ('request_timeout', None), 'id': '638cb420-d461-4f84-9301-357cdd889acd', 'text_content': 20, 'metadata': {'doc_id': '111', 'kb_id': '111'}, 'chunk_index': 16, 'kb_id': '111', 'create_at': None}, {'doc_id': '111', 'embedding': ('headers', None), 'id': '3efeee06-4a82-493e-ac19-c5efff408e0f', 'text_content': 20, 'metadata': {'doc_id': '111', 'kb_id': '111'}, 'chunk_index': 17, 'kb_id': '111', 'create_at': None}, {'doc_id': '111', 'embedding': ('tiktoken_enabled', True), 'id': '2e609453-eb14-4d63-b957-a280a974ff43', 'text_content': 20, 'metadata': {'doc_id': '111', 'kb_id': '111'}, 'chunk_index': 18, 'kb_id': '111', 'create_at': None}, {'doc_id': '111', 'embedding': ('tiktoken_model_name', None), 'id': '35879adf-ff40-45f8-824a-2e0c89fd7025', 'text_content': 20, 'metadata': {'doc_id': '111', 'kb_id': '111'}, 'chunk_index': 19, 'kb_id': '111', 'create_at': None}, {'doc_id': '111', 'embedding': ('show_progress_bar', False), 'id': '7e4cb0e4-6c68-4f1e-b523-13c5a07cc457', 'text_content': 20, 'metadata': {'doc_id': '111', 'kb_id': '111'}, 'chunk_index': 20, 'kb_id': '111', 'create_at': None}, {'doc_id': '111', 'embedding': ('model_kwargs', {}), 'id': '4b3e4679-08bc-45b0-a4f9-259ed5c265a2', 'text_content': 20, 'metadata': {'doc_id': '111', 'kb_id': '111'}, 'chunk_index': 21, 'kb_id': '111', 'create_at': None}, {'doc_id': '111', 'embedding': ('skip_empty', False), 'id': '8779f5d1-5bbc-4488-938f-694b7286715e', 'text_content': 20, 'metadata': {'doc_id': '111', 'kb_id': '111'}, 'chunk_index': 22, 'kb_id': '111', 'create_at': None}, {'doc_id': '111', 'embedding': ('default_headers', None), 'id': '585b9e70-8b91-4d59-80ff-7ef26ec7fc2b', 'text_content': 20, 'metadata': {'doc_id': '111', 'kb_id': '111'}, 'chunk_index': 23, 'kb_id': '111', 'create_at': None}, {'doc_id': '111', 'embedding': ('default_query', None), 'id': '1eccd355-6274-4199-b3b8-e5d6060252d0', 'text_content': 20, 'metadata': {'doc_id': '111', 'kb_id': '111'}, 'chunk_index': 24, 'kb_id': '111', 'create_at': None}, {'doc_id': '111', 'embedding': ('retry_min_seconds', 4), 'id': '189f1130-327d-4dc6-9055-c2f4bfd049ac', 'text_content': 20, 'metadata': {'doc_id': '111', 'kb_id': '111'}, 'chunk_index': 25, 'kb_id': '111', 'create_at': None}, {'doc_id': '111', 'embedding': ('retry_max_seconds', 20), 'id': 'f0ea3e56-8189-48e9-a9ea-e8f6b2e2ccaa', 'text_content': 20, 'metadata': {'doc_id': '111', 'kb_id': '111'}, 'chunk_index': 26, 'kb_id': '111', 'create_at': None}, {'doc_id': '111', 'embedding': ('http_client', None), 'id': 'fbd573f5-5467-454d-a9d8-d613b9c0712c', 'text_content': 20, 'metadata': {'doc_id': '111', 'kb_id': '111'}, 'chunk_index': 27, 'kb_id': '111', 'create_at': None}, {'doc_id': '111', 'embedding': ('http_async_client', None), 'id': '3dd1b8ab-7a4e-42b2-9f33-a3de3ce2a141', 'text_content': 20, 'metadata': {'doc_id': '111', 'kb_id': '111'}, 'chunk_index': 28, 'kb_id': '111', 'create_at': None}, {'doc_id': '111', 'embedding': ('check_embedding_ctx_length', False), 'id': 'fe37617c-f212-4580-8cb7-7d13180e06ec', 'text_content': 20, 'metadata': {'doc_id': '111', 'kb_id': '111'}, 'chunk_index': 29, 'kb_id': '111', 'create_at': None}]]
Traceback (most recent call last):

  File "/Users/sunquanhu/Projects/study/ai/personal-workspace/personal-workspace-app/.venv/lib/python3.12/site-packages/sqlalchemy/engine/base.py", line 1817, in _execute_context
    context = constructor(
              └ <bound method DefaultExecutionContext._init_compiled of <class 'sqlalchemy.dialects.postgresql.asyncpg.PGExecutionContext_asy...
  File "/Users/sunquanhu/Projects/study/ai/personal-workspace/personal-workspace-app/.venv/lib/python3.12/site-packages/sqlalchemy/engine/default.py", line 1496, in _init_compiled
    flattened_processors[key](compiled_params[key])
    │                         └ {'id': 'eb030f1c-e7e6-4516-bec5-285fa58733b2', 'kb_id': '111', 'doc_id': '111', 'text_content': 20, 'embedding': ('client', <...
    └ {'embedding': <function VECTOR.bind_processor.<locals>.process at 0x11346a8e0>, 'metadata': <function JSON._make_bind_process...
  File "/Users/sunquanhu/Projects/study/ai/personal-workspace/personal-workspace-app/.venv/lib/python3.12/site-packages/pgvector/sqlalchemy/vector.py", line 21, in process
    return Vector._to_db(value, self.dim)
           │      │      │      │    └ 1024
           │      │      │      └ VECTOR(dim=1024)
           │      │      └ ('client', <openai.resources.embeddings.Embeddings object at 0x111e88230>)
           │      └ <classmethod(<function Vector._to_db at 0x112082b60>)>
           └ <class 'pgvector.utils.vector.Vector'>
  File "/Users/sunquanhu/Projects/study/ai/personal-workspace/personal-workspace-app/.venv/lib/python3.12/site-packages/pgvector/utils/vector.py", line 49, in _to_db
    value = cls(value)
            │   └ ('client', <openai.resources.embeddings.Embeddings object at 0x111e88230>)
            └ <class 'pgvector.utils.vector.Vector'>
  File "/Users/sunquanhu/Projects/study/ai/personal-workspace/personal-workspace-app/.venv/lib/python3.12/site-packages/pgvector/utils/vector.py", line 9, in __init__
    value = np.asarray(value, dtype='>f4')
            │  │       └ ('client', <openai.resources.embeddings.Embeddings object at 0x111e88230>)
            │  └ <built-in function asarray>
            └ <module 'numpy' from '/Users/sunquanhu/Projects/study/ai/personal-workspace/personal-workspace-app/.venv/lib/python3.12/site-...

ValueError: could not convert string to float: 'client'


The above exception was the direct cause of the following exception:


Traceback (most recent call last):

  File "/Users/sunquanhu/.pyenv/versions/3.12.2/lib/python3.12/runpy.py", line 198, in _run_module_as_main
    return _run_code(code, main_globals, None,
           │         │     └ {'__name__': '__main__', '__doc__': None, '__package__': '', '__loader__': <_frozen_importlib_external.SourceFileLoader objec...
           │         └ <code object <module> at 0x10b711c50, file "/private/var/folders/7v/223c2ym14gb3wzg9l33myc380000gn/T/debugpy69653884798475276...
           └ <function _run_code at 0x10b736020>
  File "/Users/sunquanhu/.pyenv/versions/3.12.2/lib/python3.12/runpy.py", line 88, in _run_code
    exec(code, run_globals)
         │     └ {'__name__': '__main__', '__doc__': None, '__package__': '', '__loader__': <_frozen_importlib_external.SourceFileLoader objec...
         └ <code object <module> at 0x10b711c50, file "/private/var/folders/7v/223c2ym14gb3wzg9l33myc380000gn/T/debugpy69653884798475276...

  File "/private/var/folders/7v/223c2ym14gb3wzg9l33myc380000gn/T/debugpy6965388479847527625/debugpy/adapter/../../debugpy/launcher/../../debugpy/__main__.py", line 71, in <module>
    cli.main()
    │   └ <function main at 0x10d2ebce0>
    └ <module 'debugpy.server.cli' from '/private/var/folders/7v/223c2ym14gb3wzg9l33myc380000gn/T/debugpy6965388479847527625/debugp...

  File "/private/var/folders/7v/223c2ym14gb3wzg9l33myc380000gn/T/debugpy6965388479847527625/debugpy/adapter/../../debugpy/launcher/../../debugpy/../debugpy/server/cli.py", line 542, in main
    run()
    └ <function run_file at 0x10d2eba60>

  File "/private/var/folders/7v/223c2ym14gb3wzg9l33myc380000gn/T/debugpy6965388479847527625/debugpy/adapter/../../debugpy/launcher/../../debugpy/../debugpy/server/cli.py", line 361, in run_file
    runpy.run_path(target, run_name="__main__")
    │     │        └ '/Users/sunquanhu/Projects/study/ai/personal-workspace/personal-workspace-app/src/personal_workspace_app/__main__.py'
    │     └ <function run_path at 0x10c8ec040>
    └ <module '_pydevd_bundle.pydevd_runpy' from '/private/var/folders/7v/223c2ym14gb3wzg9l33myc380000gn/T/debugpy69653884798475276...

  File "/private/var/folders/7v/223c2ym14gb3wzg9l33myc380000gn/T/debugpy6965388479847527625/debugpy/_vendored/pydevd/_pydevd_bundle/pydevd_runpy.py", line 310, in run_path
    return _run_module_code(code, init_globals, run_name, pkg_name=pkg_name, script_name=fname)
           │                │     │             │                  │                     └ '/Users/sunquanhu/Projects/study/ai/personal-workspace/personal-workspace-app/src/personal_workspace_app/__main__.py'
           │                │     │             │                  └ ''
           │                │     │             └ '__main__'
           │                │     └ None
           │                └ <code object <module> at 0x10d34e5b0, file "/Users/sunquanhu/Projects/study/ai/personal-workspace/personal-workspace-app/src/...
           └ <function _run_module_code at 0x10c8b3c40>

  File "/private/var/folders/7v/223c2ym14gb3wzg9l33myc380000gn/T/debugpy6965388479847527625/debugpy/_vendored/pydevd/_pydevd_bundle/pydevd_runpy.py", line 127, in _run_module_code
    _run_code(code, mod_globals, init_globals, mod_name, mod_spec, pkg_name, script_name)
    │         │     │            │             │         │         │         └ '/Users/sunquanhu/Projects/study/ai/personal-workspace/personal-workspace-app/src/personal_workspace_app/__main__.py'
    │         │     │            │             │         │         └ ''
    │         │     │            │             │         └ None
    │         │     │            │             └ '__main__'
    │         │     │            └ None
    │         │     └ {'__name__': '__main__', '__doc__': None, '__package__': '', '__loader__': None, '__spec__': None, '__file__': '/Users/sunqua...
    │         └ <code object <module> at 0x10d34e5b0, file "/Users/sunquanhu/Projects/study/ai/personal-workspace/personal-workspace-app/src/...
    └ <function _run_code at 0x10c8b37e0>

  File "/private/var/folders/7v/223c2ym14gb3wzg9l33myc380000gn/T/debugpy6965388479847527625/debugpy/_vendored/pydevd/_pydevd_bundle/pydevd_runpy.py", line 118, in _run_code
    exec(code, run_globals)
         │     └ {'__name__': '__main__', '__doc__': None, '__package__': '', '__loader__': None, '__spec__': None, '__file__': '/Users/sunqua...
         └ <code object <module> at 0x10d34e5b0, file "/Users/sunquanhu/Projects/study/ai/personal-workspace/personal-workspace-app/src/...

  File "/Users/sunquanhu/Projects/study/ai/personal-workspace/personal-workspace-app/src/personal_workspace_app/__main__.py", line 37, in <module>
    uvicorn.run(app, host="0.0.0.0", port=8000, reload=False, loop="asyncio")
    │       │   └ <fastapi.applications.FastAPI object at 0x113165670>
    │       └ <function run at 0x10d64c0e0>
    └ <module 'uvicorn' from '/Users/sunquanhu/Projects/study/ai/personal-workspace/personal-workspace-app/.venv/lib/python3.12/sit...

  File "/Users/sunquanhu/Projects/study/ai/personal-workspace/personal-workspace-app/.venv/lib/python3.12/site-packages/uvicorn/main.py", line 621, in run
    server.run()
    │      └ <function Server.run at 0x10d64d4e0>
    └ <uvicorn.server.Server object at 0x10d5763f0>
  File "/Users/sunquanhu/Projects/study/ai/personal-workspace/personal-workspace-app/.venv/lib/python3.12/site-packages/uvicorn/server.py", line 77, in run
    return asyncio_run(self.serve(sockets=sockets), loop_factory=self.config.get_loop_factory())
           │           │    │             │                      │    │      └ <function Config.get_loop_factory at 0x10d589620>
           │           │    │             │                      │    └ <uvicorn.config.Config object at 0x113275bb0>
           │           │    │             │                      └ <uvicorn.server.Server object at 0x10d5763f0>
           │           │    │             └ None
           │           │    └ <function Server.serve at 0x10d64d580>
           │           └ <uvicorn.server.Server object at 0x10d5763f0>
           └ <function run at 0x10d44e980>
  File "/Users/sunquanhu/.pyenv/versions/3.12.2/lib/python3.12/asyncio/runners.py", line 194, in run
    return runner.run(main)
           │      │   └ <coroutine object Server.serve at 0x113291d20>
           │      └ <function Runner.run at 0x10d4b2de0>
           └ <asyncio.runners.Runner object at 0x112feb470>
  File "/Users/sunquanhu/.pyenv/versions/3.12.2/lib/python3.12/asyncio/runners.py", line 118, in run
    return self._loop.run_until_complete(task)
           │    │     │                  └ <Task pending name='Task-1' coro=<Server.serve() running at /Users/sunquanhu/Projects/study/ai/personal-workspace/personal-wo...
           │    │     └ <function BaseEventLoop.run_until_complete at 0x10d4b0a40>
           │    └ <_UnixSelectorEventLoop running=True closed=False debug=False>
           └ <asyncio.runners.Runner object at 0x112feb470>
  File "/Users/sunquanhu/.pyenv/versions/3.12.2/lib/python3.12/asyncio/base_events.py", line 672, in run_until_complete
    self.run_forever()
    │    └ <function BaseEventLoop.run_forever at 0x10d4b09a0>
    └ <_UnixSelectorEventLoop running=True closed=False debug=False>
  File "/Users/sunquanhu/.pyenv/versions/3.12.2/lib/python3.12/asyncio/base_events.py", line 639, in run_forever
    self._run_once()
    │    └ <function BaseEventLoop._run_once at 0x10d4b27a0>
    └ <_UnixSelectorEventLoop running=True closed=False debug=False>
  File "/Users/sunquanhu/.pyenv/versions/3.12.2/lib/python3.12/asyncio/base_events.py", line 1985, in _run_once
    handle._run()
    │      └ <function Handle._run at 0x10d436b60>
    └ <Handle Task.task_wakeup(<Future finished result=None>)>
  File "/Users/sunquanhu/.pyenv/versions/3.12.2/lib/python3.12/asyncio/events.py", line 88, in _run
    self._context.run(self._callback, *self._args)
    │    │            │    │           │    └ <member '_args' of 'Handle' objects>
    │    │            │    │           └ <Handle Task.task_wakeup(<Future finished result=None>)>
    │    │            │    └ <member '_callback' of 'Handle' objects>
    │    │            └ <Handle Task.task_wakeup(<Future finished result=None>)>
    │    └ <member '_context' of 'Handle' objects>
    └ <Handle Task.task_wakeup(<Future finished result=None>)>
  File "/Users/sunquanhu/Projects/study/ai/personal-workspace/personal-workspace-app/.venv/lib/python3.12/site-packages/uvicorn/protocols/http/httptools_impl.py", line 422, in run_asgi
    result = await app(  # type: ignore[func-returns-value]
                   └ <uvicorn.middleware.proxy_headers.ProxyHeadersMiddleware object at 0x11314e4b0>
  File "/Users/sunquanhu/Projects/study/ai/personal-workspace/personal-workspace-app/.venv/lib/python3.12/site-packages/uvicorn/middleware/proxy_headers.py", line 63, in __call__
    return await self.app(scope, receive, send)
                 │    │   │      │        └ <bound method RequestResponseCycle.send of <uvicorn.protocols.http.httptools_impl.RequestResponseCycle object at 0x113337f50>>
                 │    │   │      └ <bound method RequestResponseCycle.receive of <uvicorn.protocols.http.httptools_impl.RequestResponseCycle object at 0x113337f...
                 │    │   └ {'type': 'http', 'asgi': {'version': '3.0', 'spec_version': '2.3'}, 'http_version': '1.1', 'server': ('127.0.0.1', 8000), 'cl...
                 │    └ <fastapi.applications.FastAPI object at 0x113165670>
                 └ <uvicorn.middleware.proxy_headers.ProxyHeadersMiddleware object at 0x11314e4b0>
  File "/Users/sunquanhu/Projects/study/ai/personal-workspace/personal-workspace-app/.venv/lib/python3.12/site-packages/fastapi/applications.py", line 1163, in __call__
    await super().__call__(scope, receive, send)
                           │      │        └ <bound method RequestResponseCycle.send of <uvicorn.protocols.http.httptools_impl.RequestResponseCycle object at 0x113337f50>>
                           │      └ <bound method RequestResponseCycle.receive of <uvicorn.protocols.http.httptools_impl.RequestResponseCycle object at 0x113337f...
                           └ {'type': 'http', 'asgi': {'version': '3.0', 'spec_version': '2.3'}, 'http_version': '1.1', 'server': ('127.0.0.1', 8000), 'cl...
  File "/Users/sunquanhu/Projects/study/ai/personal-workspace/personal-workspace-app/.venv/lib/python3.12/site-packages/starlette/applications.py", line 96, in __call__
    await self.middleware_stack(scope, receive, send)
          │    │                │      │        └ <bound method RequestResponseCycle.send of <uvicorn.protocols.http.httptools_impl.RequestResponseCycle object at 0x113337f50>>
          │    │                │      └ <bound method RequestResponseCycle.receive of <uvicorn.protocols.http.httptools_impl.RequestResponseCycle object at 0x113337f...
          │    │                └ {'type': 'http', 'asgi': {'version': '3.0', 'spec_version': '2.3'}, 'http_version': '1.1', 'server': ('127.0.0.1', 8000), 'cl...
          │    └ <starlette.middleware.errors.ServerErrorMiddleware object at 0x113337860>
          └ <fastapi.applications.FastAPI object at 0x113165670>
> File "/Users/sunquanhu/Projects/study/ai/personal-workspace/personal-workspace-app/.venv/lib/python3.12/site-packages/starlette/middleware/errors.py", line 164, in __call__
    await self.app(scope, receive, _send)
          │    │   │      │        └ <function ServerErrorMiddleware.__call__.<locals>._send at 0x1133600e0>
          │    │   │      └ <bound method RequestResponseCycle.receive of <uvicorn.protocols.http.httptools_impl.RequestResponseCycle object at 0x113337f...
          │    │   └ {'type': 'http', 'asgi': {'version': '3.0', 'spec_version': '2.3'}, 'http_version': '1.1', 'server': ('127.0.0.1', 8000), 'cl...
          │    └ <personal_workspace_app.core.trace_middleware.TraceAndLogMiddleware object at 0x113337830>
          └ <starlette.middleware.errors.ServerErrorMiddleware object at 0x113337860>
  File "/Users/sunquanhu/Projects/study/ai/personal-workspace/personal-workspace-app/.venv/lib/python3.12/site-packages/starlette/middleware/base.py", line 198, in __call__
    raise app_exc
          └ StatementError("(builtins.ValueError) could not convert string to float: 'client'")
  File "/Users/sunquanhu/Projects/study/ai/personal-workspace/personal-workspace-app/.venv/lib/python3.12/site-packages/starlette/middleware/base.py", line 144, in coro
    await self.app(scope, receive_or_disconnect, send_no_error)
          │    │   │      │                      └ <function BaseHTTPMiddleware.__call__.<locals>.call_next.<locals>.send_no_error at 0x113363740>
          │    │   │      └ <function BaseHTTPMiddleware.__call__.<locals>.call_next.<locals>.receive_or_disconnect at 0x1132ab100>
          │    │   └ {'type': 'http', 'asgi': {'version': '3.0', 'spec_version': '2.3'}, 'http_version': '1.1', 'server': ('127.0.0.1', 8000), 'cl...
          │    └ <starlette.middleware.exceptions.ExceptionMiddleware object at 0x113337740>
          └ <personal_workspace_app.core.trace_middleware.TraceAndLogMiddleware object at 0x113337830>
  File "/Users/sunquanhu/Projects/study/ai/personal-workspace/personal-workspace-app/.venv/lib/python3.12/site-packages/starlette/middleware/exceptions.py", line 63, in __call__
    await wrap_app_handling_exceptions(self.app, conn)(scope, receive, send)
          │                            │    │    │     │      │        └ <function BaseHTTPMiddleware.__call__.<locals>.call_next.<locals>.send_no_error at 0x113363740>
          │                            │    │    │     │      └ <function BaseHTTPMiddleware.__call__.<locals>.call_next.<locals>.receive_or_disconnect at 0x1132ab100>
          │                            │    │    │     └ {'type': 'http', 'asgi': {'version': '3.0', 'spec_version': '2.3'}, 'http_version': '1.1', 'server': ('127.0.0.1', 8000), 'cl...
          │                            │    │    └ <starlette.requests.Request object at 0x113337ef0>
          │                            │    └ <fastapi.middleware.asyncexitstack.AsyncExitStackMiddleware object at 0x113337800>
          │                            └ <starlette.middleware.exceptions.ExceptionMiddleware object at 0x113337740>
          └ <function wrap_app_handling_exceptions at 0x10e31cfe0>
  File "/Users/sunquanhu/Projects/study/ai/personal-workspace/personal-workspace-app/.venv/lib/python3.12/site-packages/starlette/_exception_handler.py", line 53, in wrapped_app
    raise exc
  File "/Users/sunquanhu/Projects/study/ai/personal-workspace/personal-workspace-app/.venv/lib/python3.12/site-packages/starlette/_exception_handler.py", line 42, in wrapped_app
    await app(scope, receive, sender)
          │   │      │        └ <function wrap_app_handling_exceptions.<locals>.wrapped_app.<locals>.sender at 0x1133c2200>
          │   │      └ <function BaseHTTPMiddleware.__call__.<locals>.call_next.<locals>.receive_or_disconnect at 0x1132ab100>
          │   └ {'type': 'http', 'asgi': {'version': '3.0', 'spec_version': '2.3'}, 'http_version': '1.1', 'server': ('127.0.0.1', 8000), 'cl...
          └ <fastapi.middleware.asyncexitstack.AsyncExitStackMiddleware object at 0x113337800>
  File "/Users/sunquanhu/Projects/study/ai/personal-workspace/personal-workspace-app/.venv/lib/python3.12/site-packages/fastapi/middleware/asyncexitstack.py", line 18, in __call__
    await self.app(scope, receive, send)
          │    │   │      │        └ <function wrap_app_handling_exceptions.<locals>.wrapped_app.<locals>.sender at 0x1133c2200>
          │    │   │      └ <function BaseHTTPMiddleware.__call__.<locals>.call_next.<locals>.receive_or_disconnect at 0x1132ab100>
          │    │   └ {'type': 'http', 'asgi': {'version': '3.0', 'spec_version': '2.3'}, 'http_version': '1.1', 'server': ('127.0.0.1', 8000), 'cl...
          │    └ <fastapi.routing.APIRouter object at 0x112e03cb0>
          └ <fastapi.middleware.asyncexitstack.AsyncExitStackMiddleware object at 0x113337800>
  File "/Users/sunquanhu/Projects/study/ai/personal-workspace/personal-workspace-app/.venv/lib/python3.12/site-packages/starlette/routing.py", line 670, in __call__
    await self.middleware_stack(scope, receive, send)
          │    │                │      │        └ <function wrap_app_handling_exceptions.<locals>.wrapped_app.<locals>.sender at 0x1133c2200>
          │    │                │      └ <function BaseHTTPMiddleware.__call__.<locals>.call_next.<locals>.receive_or_disconnect at 0x1132ab100>
          │    │                └ {'type': 'http', 'asgi': {'version': '3.0', 'spec_version': '2.3'}, 'http_version': '1.1', 'server': ('127.0.0.1', 8000), 'cl...
          │    └ <bound method APIRouter.app of <fastapi.routing.APIRouter object at 0x112e03cb0>>
          └ <fastapi.routing.APIRouter object at 0x112e03cb0>
  File "/Users/sunquanhu/Projects/study/ai/personal-workspace/personal-workspace-app/.venv/lib/python3.12/site-packages/fastapi/routing.py", line 2734, in app
    await route.handle(scope, receive, send)
          │     │      │      │        └ <function wrap_app_handling_exceptions.<locals>.wrapped_app.<locals>.sender at 0x1133c2200>
          │     │      │      └ <function BaseHTTPMiddleware.__call__.<locals>.call_next.<locals>.receive_or_disconnect at 0x1132ab100>
          │     │      └ {'type': 'http', 'asgi': {'version': '3.0', 'spec_version': '2.3'}, 'http_version': '1.1', 'server': ('127.0.0.1', 8000), 'cl...
          │     └ <function _IncludedRouter.handle at 0x10e35be20>
          └ _IncludedRouter(original_router=<fastapi.routing.APIRouter object at 0x111918c80>, include_context=_RouterIncludeContext(incl...
  File "/Users/sunquanhu/Projects/study/ai/personal-workspace/personal-workspace-app/.venv/lib/python3.12/site-packages/fastapi/routing.py", line 1780, in handle
    await self.original_router.handle(scope, receive, send)
          │    │               │      │      │        └ <function wrap_app_handling_exceptions.<locals>.wrapped_app.<locals>.sender at 0x1133c2200>
          │    │               │      │      └ <function BaseHTTPMiddleware.__call__.<locals>.call_next.<locals>.receive_or_disconnect at 0x1132ab100>
          │    │               │      └ {'type': 'http', 'asgi': {'version': '3.0', 'spec_version': '2.3'}, 'http_version': '1.1', 'server': ('127.0.0.1', 8000), 'cl...
          │    │               └ <function APIRouter.handle at 0x10e371ee0>
          │    └ <fastapi.routing.APIRouter object at 0x111918c80>
          └ _IncludedRouter(original_router=<fastapi.routing.APIRouter object at 0x111918c80>, include_context=_RouterIncludeContext(incl...
  File "/Users/sunquanhu/Projects/study/ai/personal-workspace/personal-workspace-app/.venv/lib/python3.12/site-packages/fastapi/routing.py", line 2789, in handle
    await included_router._handle_selected(scope, receive, send)
          │               │                │      │        └ <function wrap_app_handling_exceptions.<locals>.wrapped_app.<locals>.sender at 0x1133c2200>
          │               │                │      └ <function BaseHTTPMiddleware.__call__.<locals>.call_next.<locals>.receive_or_disconnect at 0x1132ab100>
          │               │                └ {'type': 'http', 'asgi': {'version': '3.0', 'spec_version': '2.3'}, 'http_version': '1.1', 'server': ('127.0.0.1', 8000), 'cl...
          │               └ <function _IncludedRouter._handle_selected at 0x10e35bec0>
          └ _IncludedRouter(original_router=<fastapi.routing.APIRouter object at 0x111918c80>, include_context=_RouterIncludeContext(incl...
  File "/Users/sunquanhu/Projects/study/ai/personal-workspace/personal-workspace-app/.venv/lib/python3.12/site-packages/fastapi/routing.py", line 1800, in _handle_selected
    await original_route.handle(scope, receive, send)
          │              │      │      │        └ <function wrap_app_handling_exceptions.<locals>.wrapped_app.<locals>.sender at 0x1133c2200>
          │              │      │      └ <function BaseHTTPMiddleware.__call__.<locals>.call_next.<locals>.receive_or_disconnect at 0x1132ab100>
          │              │      └ {'type': 'http', 'asgi': {'version': '3.0', 'spec_version': '2.3'}, 'http_version': '1.1', 'server': ('127.0.0.1', 8000), 'cl...
          │              └ <function APIRoute.handle at 0x10e359f80>
          └ APIRoute(path='/kb/upload', name='kb_upload_endpoint', methods=['POST'])
  File "/Users/sunquanhu/Projects/study/ai/personal-workspace/personal-workspace-app/.venv/lib/python3.12/site-packages/fastapi/routing.py", line 1279, in handle
    await app(scope, receive, send)
          │   │      │        └ <function wrap_app_handling_exceptions.<locals>.wrapped_app.<locals>.sender at 0x1133c2200>
          │   │      └ <function BaseHTTPMiddleware.__call__.<locals>.call_next.<locals>.receive_or_disconnect at 0x1132ab100>
          │   └ {'type': 'http', 'asgi': {'version': '3.0', 'spec_version': '2.3'}, 'http_version': '1.1', 'server': ('127.0.0.1', 8000), 'cl...
          └ <function request_response.<locals>.app at 0x1133c2660>
  File "/Users/sunquanhu/Projects/study/ai/personal-workspace/personal-workspace-app/.venv/lib/python3.12/site-packages/fastapi/routing.py", line 158, in app
    await wrap_app_handling_exceptions(app, request)(scope, receive, send)
          │                            │    │        │      │        └ <function wrap_app_handling_exceptions.<locals>.wrapped_app.<locals>.sender at 0x1133c2200>
          │                            │    │        │      └ <function BaseHTTPMiddleware.__call__.<locals>.call_next.<locals>.receive_or_disconnect at 0x1132ab100>
          │                            │    │        └ {'type': 'http', 'asgi': {'version': '3.0', 'spec_version': '2.3'}, 'http_version': '1.1', 'server': ('127.0.0.1', 8000), 'cl...
          │                            │    └ <starlette.requests.Request object at 0x1133a6810>
          │                            └ <function request_response.<locals>.app.<locals>.app at 0x1133c2480>
          └ <function wrap_app_handling_exceptions at 0x10e31cfe0>
  File "/Users/sunquanhu/Projects/study/ai/personal-workspace/personal-workspace-app/.venv/lib/python3.12/site-packages/starlette/_exception_handler.py", line 53, in wrapped_app
    raise exc
  File "/Users/sunquanhu/Projects/study/ai/personal-workspace/personal-workspace-app/.venv/lib/python3.12/site-packages/starlette/_exception_handler.py", line 42, in wrapped_app
    await app(scope, receive, sender)
          │   │      │        └ <function wrap_app_handling_exceptions.<locals>.wrapped_app.<locals>.sender at 0x1133c27a0>
          │   │      └ <function BaseHTTPMiddleware.__call__.<locals>.call_next.<locals>.receive_or_disconnect at 0x1132ab100>
          │   └ {'type': 'http', 'asgi': {'version': '3.0', 'spec_version': '2.3'}, 'http_version': '1.1', 'server': ('127.0.0.1', 8000), 'cl...
          └ <function request_response.<locals>.app.<locals>.app at 0x1133c2480>
  File "/Users/sunquanhu/Projects/study/ai/personal-workspace/personal-workspace-app/.venv/lib/python3.12/site-packages/fastapi/routing.py", line 140, in app
    async with AsyncExitStack() as request_stack:
               │                   └ <contextlib.AsyncExitStack object at 0x1133a69f0>
               └ <class 'contextlib.AsyncExitStack'>
  File "/Users/sunquanhu/.pyenv/versions/3.12.2/lib/python3.12/contextlib.py", line 754, in __aexit__
    raise exc_details[1]
          └ (<class 'sqlalchemy.exc.StatementError'>, StatementError("(builtins.ValueError) could not convert string to float: 'client'")...
  File "/Users/sunquanhu/.pyenv/versions/3.12.2/lib/python3.12/contextlib.py", line 737, in __aexit__
    cb_suppress = await cb(*exc_details)
                        │   └ (<class 'sqlalchemy.exc.StatementError'>, StatementError("(builtins.ValueError) could not convert string to float: 'client'")...
                        └ <bound method _AsyncGeneratorContextManager.__aexit__ of <contextlib._AsyncGeneratorContextManager object at 0x1133a6db0>>
  File "/Users/sunquanhu/.pyenv/versions/3.12.2/lib/python3.12/contextlib.py", line 217, in __aexit__
    await anext(self.gen)
                │    └ <async_generator object get_db at 0x1133bda80>
                └ <contextlib._AsyncGeneratorContextManager object at 0x1133a6db0>

  File "/Users/sunquanhu/Projects/study/ai/personal-workspace/personal-workspace-app/src/personal_workspace_app/infrastructure/db/session.py", line 33, in get_db
    await session.commit()
          │       └ <function AsyncSession.commit at 0x10ede0220>
          └ <sqlalchemy.ext.asyncio.session.AsyncSession object at 0x1133a6bd0>

  File "/Users/sunquanhu/Projects/study/ai/personal-workspace/personal-workspace-app/.venv/lib/python3.12/site-packages/sqlalchemy/ext/asyncio/session.py", line 999, in commit
    await greenlet_spawn(self.sync_session.commit)
          │              │    │            └ <function Session.commit at 0x10ece04a0>
          │              │    └ <sqlalchemy.orm.session.Session object at 0x1133a6f00>
          │              └ <sqlalchemy.ext.asyncio.session.AsyncSession object at 0x1133a6bd0>
          └ <function greenlet_spawn at 0x10e45c2c0>
  File "/Users/sunquanhu/Projects/study/ai/personal-workspace/personal-workspace-app/.venv/lib/python3.12/site-packages/sqlalchemy/util/_concurrency_py3k.py", line 203, in greenlet_spawn
    result = context.switch(value)
             │       │      └ None
             │       └ <method 'switch' of 'greenlet.greenlet' objects>
             └ <_AsyncIoGreenlet object at 0x1133fcc40 (otid=0x600002996a00) dead>
  File "/Users/sunquanhu/Projects/study/ai/personal-workspace/personal-workspace-app/.venv/lib/python3.12/site-packages/sqlalchemy/orm/session.py", line 2035, in commit
    trans.commit(_to_root=True)
    │     └ <function SessionTransaction.commit at 0x10ecdb420>
    └ <sqlalchemy.orm.session.SessionTransaction object at 0x1133b57d0>
  File "<string>", line 2, in commit
  File "/Users/sunquanhu/Projects/study/ai/personal-workspace/personal-workspace-app/.venv/lib/python3.12/site-packages/sqlalchemy/orm/state_changes.py", line 137, in _go
    ret_value = fn(self, *arg, **kw)
                │  │      │      └ {'_to_root': True}
                │  │      └ ()
                │  └ <sqlalchemy.orm.session.SessionTransaction object at 0x1133b57d0>
                └ <function SessionTransaction.commit at 0x10ecdb380>
  File "/Users/sunquanhu/Projects/study/ai/personal-workspace/personal-workspace-app/.venv/lib/python3.12/site-packages/sqlalchemy/orm/session.py", line 1316, in commit
    self._prepare_impl()
    │    └ <function SessionTransaction._prepare_impl at 0x10ecdb240>
    └ <sqlalchemy.orm.session.SessionTransaction object at 0x1133b57d0>
  File "<string>", line 2, in _prepare_impl
  File "/Users/sunquanhu/Projects/study/ai/personal-workspace/personal-workspace-app/.venv/lib/python3.12/site-packages/sqlalchemy/orm/state_changes.py", line 137, in _go
    ret_value = fn(self, *arg, **kw)
                │  │      │      └ {}
                │  │      └ ()
                │  └ <sqlalchemy.orm.session.SessionTransaction object at 0x1133b57d0>
                └ <function SessionTransaction._prepare_impl at 0x10ecdb1a0>
  File "/Users/sunquanhu/Projects/study/ai/personal-workspace/personal-workspace-app/.venv/lib/python3.12/site-packages/sqlalchemy/orm/session.py", line 1290, in _prepare_impl
    self.session.flush()
    │    │       └ <function Session.flush at 0x10ece3380>
    │    └ <sqlalchemy.orm.session.Session object at 0x1133a6f00>
    └ <sqlalchemy.orm.session.SessionTransaction object at 0x1133b57d0>
  File "/Users/sunquanhu/Projects/study/ai/personal-workspace/personal-workspace-app/.venv/lib/python3.12/site-packages/sqlalchemy/orm/session.py", line 4353, in flush
    self._flush(objects)
    │    │      └ None
    │    └ <function Session._flush at 0x10ece3560>
    └ <sqlalchemy.orm.session.Session object at 0x1133a6f00>
  File "/Users/sunquanhu/Projects/study/ai/personal-workspace/personal-workspace-app/.venv/lib/python3.12/site-packages/sqlalchemy/orm/session.py", line 4488, in _flush
    with util.safe_reraise():
         │    └ <class 'sqlalchemy.util.langhelpers.safe_reraise'>
         └ <module 'sqlalchemy.util' from '/Users/sunquanhu/Projects/study/ai/personal-workspace/personal-workspace-app/.venv/lib/python...
  File "/Users/sunquanhu/Projects/study/ai/personal-workspace/personal-workspace-app/.venv/lib/python3.12/site-packages/sqlalchemy/util/langhelpers.py", line 122, in __exit__
    raise exc_value.with_traceback(exc_tb)
          │         │              └ <traceback object at 0x113416200>
          │         └ <method 'with_traceback' of 'BaseException' objects>
          └ StatementError("(builtins.ValueError) could not convert string to float: 'client'")
  File "/Users/sunquanhu/Projects/study/ai/personal-workspace/personal-workspace-app/.venv/lib/python3.12/site-packages/sqlalchemy/orm/session.py", line 4449, in _flush
    flush_context.execute()
    │             └ <function UOWTransaction.execute at 0x10ec671a0>
    └ <sqlalchemy.orm.unitofwork.UOWTransaction object at 0x1133a6b70>
  File "/Users/sunquanhu/Projects/study/ai/personal-workspace/personal-workspace-app/.venv/lib/python3.12/site-packages/sqlalchemy/orm/unitofwork.py", line 465, in execute
    rec.execute(self)
    │   │       └ <sqlalchemy.orm.unitofwork.UOWTransaction object at 0x1133a6b70>
    │   └ <function SaveUpdateAll.execute at 0x10ec67ce0>
    └ SaveUpdateAll(Mapper[KnowledgeInfo(kb_doc_test)])
  File "/Users/sunquanhu/Projects/study/ai/personal-workspace/personal-workspace-app/.venv/lib/python3.12/site-packages/sqlalchemy/orm/unitofwork.py", line 641, in execute
    util.preloaded.orm_persistence.save_obj(
    │    │         │               └ <function save_obj at 0x10ecc8040>
    │    │         └ <module 'sqlalchemy.orm.persistence' from '/Users/sunquanhu/Projects/study/ai/personal-workspace/personal-workspace-app/.venv...
    │    └ <module 'sqlalchemy.util.preloaded' from '/Users/sunquanhu/Projects/study/ai/personal-workspace/personal-workspace-app/.venv/...
    └ <module 'sqlalchemy.util' from '/Users/sunquanhu/Projects/study/ai/personal-workspace/personal-workspace-app/.venv/lib/python...
  File "/Users/sunquanhu/Projects/study/ai/personal-workspace/personal-workspace-app/.venv/lib/python3.12/site-packages/sqlalchemy/orm/persistence.py", line 94, in save_obj
    _emit_insert_statements(
    └ <function _emit_insert_statements at 0x10ecc8e00>
  File "/Users/sunquanhu/Projects/study/ai/personal-workspace/personal-workspace-app/.venv/lib/python3.12/site-packages/sqlalchemy/orm/persistence.py", line 1144, in _emit_insert_statements
    result = connection.execute(
             │          └ <function Connection.execute at 0x10e9428e0>
             └ <sqlalchemy.engine.base.Connection object at 0x1133e9310>
  File "/Users/sunquanhu/Projects/study/ai/personal-workspace/personal-workspace-app/.venv/lib/python3.12/site-packages/sqlalchemy/engine/base.py", line 1421, in execute
    return meth(
           └ <bound method ClauseElement._execute_on_connection of <sqlalchemy.sql.dml.Insert object at 0x1133ea7e0>>
  File "/Users/sunquanhu/Projects/study/ai/personal-workspace/personal-workspace-app/.venv/lib/python3.12/site-packages/sqlalchemy/sql/elements.py", line 526, in _execute_on_connection
    return connection._execute_clauseelement(
           │          └ <function Connection._execute_clauseelement at 0x10e942c00>
           └ <sqlalchemy.engine.base.Connection object at 0x1133e9310>
  File "/Users/sunquanhu/Projects/study/ai/personal-workspace/personal-workspace-app/.venv/lib/python3.12/site-packages/sqlalchemy/engine/base.py", line 1643, in _execute_clauseelement
    ret = self._execute_context(
          │    └ <function Connection._execute_context at 0x10e942de0>
          └ <sqlalchemy.engine.base.Connection object at 0x1133e9310>
  File "/Users/sunquanhu/Projects/study/ai/personal-workspace/personal-workspace-app/.venv/lib/python3.12/site-packages/sqlalchemy/engine/base.py", line 1823, in _execute_context
    self._handle_dbapi_exception(
    │    └ <function Connection._handle_dbapi_exception at 0x10e943100>
    └ <sqlalchemy.engine.base.Connection object at 0x1133e9310>
  File "/Users/sunquanhu/Projects/study/ai/personal-workspace/personal-workspace-app/.venv/lib/python3.12/site-packages/sqlalchemy/engine/base.py", line 2365, in _handle_dbapi_exception
    raise sqlalchemy_exception.with_traceback(exc_info[2]) from e
          │                    │              │                 └ ValueError("could not convert string to float: 'client'")
          │                    │              └ (<class 'ValueError'>, ValueError("could not convert string to float: 'client'"), <traceback object at 0x113415000>)
          │                    └ <method 'with_traceback' of 'BaseException' objects>
          └ StatementError("(builtins.ValueError) could not convert string to float: 'client'")
  File "/Users/sunquanhu/Projects/study/ai/personal-workspace/personal-workspace-app/.venv/lib/python3.12/site-packages/sqlalchemy/engine/base.py", line 1817, in _execute_context
    context = constructor(
              └ <bound method DefaultExecutionContext._init_compiled of <class 'sqlalchemy.dialects.postgresql.asyncpg.PGExecutionContext_asy...
  File "/Users/sunquanhu/Projects/study/ai/personal-workspace/personal-workspace-app/.venv/lib/python3.12/site-packages/sqlalchemy/engine/default.py", line 1496, in _init_compiled
    flattened_processors[key](compiled_params[key])
    │                         └ {'id': 'eb030f1c-e7e6-4516-bec5-285fa58733b2', 'kb_id': '111', 'doc_id': '111', 'text_content': 20, 'embedding': ('client', <...
    └ {'embedding': <function VECTOR.bind_processor.<locals>.process at 0x11346a8e0>, 'metadata': <function JSON._make_bind_process...
  File "/Users/sunquanhu/Projects/study/ai/personal-workspace/personal-workspace-app/.venv/lib/python3.12/site-packages/pgvector/sqlalchemy/vector.py", line 21, in process
    return Vector._to_db(value, self.dim)
           │      │      │      │    └ 1024
           │      │      │      └ VECTOR(dim=1024)
           │      │      └ ('client', <openai.resources.embeddings.Embeddings object at 0x111e88230>)
           │      └ <classmethod(<function Vector._to_db at 0x112082b60>)>
           └ <class 'pgvector.utils.vector.Vector'>
  File "/Users/sunquanhu/Projects/study/ai/personal-workspace/personal-workspace-app/.venv/lib/python3.12/site-packages/pgvector/utils/vector.py", line 49, in _to_db
    value = cls(value)
            │   └ ('client', <openai.resources.embeddings.Embeddings object at 0x111e88230>)
            └ <class 'pgvector.utils.vector.Vector'>
  File "/Users/sunquanhu/Projects/study/ai/personal-workspace/personal-workspace-app/.venv/lib/python3.12/site-packages/pgvector/utils/vector.py", line 9, in __init__
    value = np.asarray(value, dtype='>f4')
            │  │       └ ('client', <openai.resources.embeddings.Embeddings object at 0x111e88230>)
            │  └ <built-in function asarray>
            └ <module 'numpy' from '/Users/sunquanhu/Projects/study/ai/personal-workspace/personal-workspace-app/.venv/lib/python3.12/site-...

sqlalchemy.exc.StatementError: (builtins.ValueError) could not convert string to float: 'client'
[SQL: INSERT INTO kb_doc_test (id, kb_id, doc_id, text_content, embedding, metadata, chunk_index, create_at) VALUES ($1::VARCHAR, $2::VARCHAR, $3::VARCHAR, $4::VARCHAR, $5, $6::JSONB, $7::INTEGER, $8::TIMESTAMP WITH TIME ZONE) RETURNING kb_doc_test.fts_tokens, kb_doc_test.id]
[parameters: [{'doc_id': '111', 'embedding': ('client', <openai.resources.embeddings.Embeddings object at 0x111e88230>), 'id': 'eb030f1c-e7e6-4516-bec5-285fa58733b2', 'text_content': 20, 'metadata': {'doc_id': '111', 'kb_id': '111'}, 'chunk_index': 0, 'kb_id': '111', 'create_at': None}, {'doc_id': '111', 'embedding': ('async_client', <openai.resources.embeddings.AsyncEmbeddings object at 0x112086930>), 'id': 'b5d96e6d-0693-445d-a950-562aacb27552', 'text_content': 20, 'metadata': {'doc_id': '111', 'kb_id': '111'}, 'chunk_index': 1, 'kb_id': '111', 'create_at': None}, {'doc_id': '111', 'embedding': ('model', 'qwen3.7-text-embedding'), 'id': 'f87d0a88-e0a0-4065-8ad9-ff7990e4869c', 'text_content': 20, 'metadata': {'doc_id': '111', 'kb_id': '111'}, 'chunk_index': 2, 'kb_id': '111', 'create_at': None}, {'doc_id': '111', 'embedding': ('dimensions', 1024), 'id': '714475bf-46f2-47cb-adc6-81e4c1276fd3', 'text_content': 20, 'metadata': {'doc_id': '111', 'kb_id': '111'}, 'chunk_index': 3, 'kb_id': '111', 'create_at': None}, {'doc_id': '111', 'embedding': ('deployment', 'text-embedding-ada-002'), 'id': 'd4747d67-c973-4721-9fce-7239247ffc6b', 'text_content': 20, 'metadata': {'doc_id': '111', 'kb_id': '111'}, 'chunk_index': 4, 'kb_id': '111', 'create_at': None}, {'doc_id': '111', 'embedding': ('openai_api_version', None), 'id': 'f766efbe-77d3-420b-aec7-ed54f2483614', 'text_content': 20, 'metadata': {'doc_id': '111', 'kb_id': '111'}, 'chunk_index': 5, 'kb_id': '111', 'create_at': None}, {'doc_id': '111', 'embedding': ('openai_api_base', 'https://ws-keazas2jpkiugg8q.cn-beijing.maas.aliyuncs.com/compatible-mode/v1'), 'id': '7bf6f392-0cf1-4a26-8f75-05312840bcfe', 'text_content': 20, 'metadata': {'doc_id': '111', 'kb_id': '111'}, 'chunk_index': 6, 'kb_id': '111', 'create_at': None}, {'doc_id': '111', 'embedding': ('openai_api_type', None), 'id': 'eb661c8d-d73e-4fc6-b16f-ef7086773af9', 'text_content': 20, 'metadata': {'doc_id': '111', 'kb_id': '111'}, 'chunk_index': 7, 'kb_id': '111', 'create_at': None}, {'doc_id': '111', 'embedding': ('openai_proxy', None), 'id': 'f9cfd4dd-588a-40f9-92cc-4a86e3928abe', 'text_content': 20, 'metadata': {'doc_id': '111', 'kb_id': '111'}, 'chunk_index': 8, 'kb_id': '111', 'create_at': None}, {'doc_id': '111', 'embedding': ('embedding_ctx_length', 8191), 'id': '6d343e49-ae8a-45c9-a0ec-157308713a83', 'text_content': 20, 'metadata': {'doc_id': '111', 'kb_id': '111'}, 'chunk_index': 9, 'kb_id': '111', 'create_at': None}, {'doc_id': '111', 'embedding': ('openai_api_key', SecretStr('**********')), 'id': 'ee2231e7-5cf1-4ba4-9d10-8bf52b03121b', 'text_content': 20, 'metadata': {'doc_id': '111', 'kb_id': '111'}, 'chunk_index': 10, 'kb_id': '111', 'create_at': None}, {'doc_id': '111', 'embedding': ('openai_organization', None), 'id': '20f5ae5d-bbb8-4433-8095-e2958daa7821', 'text_content': 20, 'metadata': {'doc_id': '111', 'kb_id': '111'}, 'chunk_index': 11, 'kb_id': '111', 'create_at': None}, {'doc_id': '111', 'embedding': ('allowed_special', None), 'id': '896b74c9-2554-4b5d-b5b5-ce3b156a56bb', 'text_content': 20, 'metadata': {'doc_id': '111', 'kb_id': '111'}, 'chunk_index': 12, 'kb_id': '111', 'create_at': None}, {'doc_id': '111', 'embedding': ('disallowed_special', None), 'id': '74c83faf-0e2a-42d7-8675-2d7be0ef9274', 'text_content': 20, 'metadata': {'doc_id': '111', 'kb_id': '111'}, 'chunk_index': 13, 'kb_id': '111', 'create_at': None}, {'doc_id': '111', 'embedding': ('chunk_size', 1000), 'id': '031ebc65-fbda-462d-99f5-7e8f6289e23e', 'text_content': 20, 'metadata': {'doc_id': '111', 'kb_id': '111'}, 'chunk_index': 14, 'kb_id': '111', 'create_at': None}, {'doc_id': '111', 'embedding': ('max_retries', 2), 'id': 'ef6e8aa6-8733-47e0-9b67-3529c548692c', 'text_content': 20, 'metadata': {'doc_id': '111', 'kb_id': '111'}, 'chunk_index': 15, 'kb_id': '111', 'create_at': None}, {'doc_id': '111', 'embedding': ('request_timeout', None), 'id': '638cb420-d461-4f84-9301-357cdd889acd', 'text_content': 20, 'metadata': {'doc_id': '111', 'kb_id': '111'}, 'chunk_index': 16, 'kb_id': '111', 'create_at': None}, {'doc_id': '111', 'embedding': ('headers', None), 'id': '3efeee06-4a82-493e-ac19-c5efff408e0f', 'text_content': 20, 'metadata': {'doc_id': '111', 'kb_id': '111'}, 'chunk_index': 17, 'kb_id': '111', 'create_at': None}, {'doc_id': '111', 'embedding': ('tiktoken_enabled', True), 'id': '2e609453-eb14-4d63-b957-a280a974ff43', 'text_content': 20, 'metadata': {'doc_id': '111', 'kb_id': '111'}, 'chunk_index': 18, 'kb_id': '111', 'create_at': None}, {'doc_id': '111', 'embedding': ('tiktoken_model_name', None), 'id': '35879adf-ff40-45f8-824a-2e0c89fd7025', 'text_content': 20, 'metadata': {'doc_id': '111', 'kb_id': '111'}, 'chunk_index': 19, 'kb_id': '111', 'create_at': None}, {'doc_id': '111', 'embedding': ('show_progress_bar', False), 'id': '7e4cb0e4-6c68-4f1e-b523-13c5a07cc457', 'text_content': 20, 'metadata': {'doc_id': '111', 'kb_id': '111'}, 'chunk_index': 20, 'kb_id': '111', 'create_at': None}, {'doc_id': '111', 'embedding': ('model_kwargs', {}), 'id': '4b3e4679-08bc-45b0-a4f9-259ed5c265a2', 'text_content': 20, 'metadata': {'doc_id': '111', 'kb_id': '111'}, 'chunk_index': 21, 'kb_id': '111', 'create_at': None}, {'doc_id': '111', 'embedding': ('skip_empty', False), 'id': '8779f5d1-5bbc-4488-938f-694b7286715e', 'text_content': 20, 'metadata': {'doc_id': '111', 'kb_id': '111'}, 'chunk_index': 22, 'kb_id': '111', 'create_at': None}, {'doc_id': '111', 'embedding': ('default_headers', None), 'id': '585b9e70-8b91-4d59-80ff-7ef26ec7fc2b', 'text_content': 20, 'metadata': {'doc_id': '111', 'kb_id': '111'}, 'chunk_index': 23, 'kb_id': '111', 'create_at': None}, {'doc_id': '111', 'embedding': ('default_query', None), 'id': '1eccd355-6274-4199-b3b8-e5d6060252d0', 'text_content': 20, 'metadata': {'doc_id': '111', 'kb_id': '111'}, 'chunk_index': 24, 'kb_id': '111', 'create_at': None}, {'doc_id': '111', 'embedding': ('retry_min_seconds', 4), 'id': '189f1130-327d-4dc6-9055-c2f4bfd049ac', 'text_content': 20, 'metadata': {'doc_id': '111', 'kb_id': '111'}, 'chunk_index': 25, 'kb_id': '111', 'create_at': None}, {'doc_id': '111', 'embedding': ('retry_max_seconds', 20), 'id': 'f0ea3e56-8189-48e9-a9ea-e8f6b2e2ccaa', 'text_content': 20, 'metadata': {'doc_id': '111', 'kb_id': '111'}, 'chunk_index': 26, 'kb_id': '111', 'create_at': None}, {'doc_id': '111', 'embedding': ('http_client', None), 'id': 'fbd573f5-5467-454d-a9d8-d613b9c0712c', 'text_content': 20, 'metadata': {'doc_id': '111', 'kb_id': '111'}, 'chunk_index': 27, 'kb_id': '111', 'create_at': None}, {'doc_id': '111', 'embedding': ('http_async_client', None), 'id': '3dd1b8ab-7a4e-42b2-9f33-a3de3ce2a141', 'text_content': 20, 'metadata': {'doc_id': '111', 'kb_id': '111'}, 'chunk_index': 28, 'kb_id': '111', 'create_at': None}, {'doc_id': '111', 'embedding': ('check_embedding_ctx_length', False), 'id': 'fe37617c-f212-4580-8cb7-7d13180e06ec', 'text_content': 20, 'metadata': {'doc_id': '111', 'kb_id': '111'}, 'chunk_index': 29, 'kb_id': '111', 'create_at': None}]]
2026-09-09 19:50:36.115 | ERROR    | [d7a3d1bb48574300aa83e0877f7e5b9a] | logging:callHandlers:1762 - 【系统未知异常】Path: /api/v1/kb/upload | Error: (builtins.ValueError) could not convert string to float: 'client'
[SQL: INSERT INTO kb_doc_test (id, kb_id, doc_id, text_content, embedding, metadata, chunk_index, create_at) VALUES ($1::VARCHAR, $2::VARCHAR, $3::VARCHAR, $4::VARCHAR, $5, $6::JSONB, $7::INTEGER, $8::TIMESTAMP WITH TIME ZONE) RETURNING kb_doc_test.fts_tokens, kb_doc_test.id]
[parameters: [{'doc_id': '111', 'kb_id': '111', 'id': 'effb32db-e779-44e5-b60d-a6c244a7f5fe', 'embedding': ('client', <openai.resources.embeddings.Embeddings object at 0x109f7c380>), 'chunk_index': 0, 'metadata': {'doc_id': '111', 'kb_id': '111'}, 'text_content': 'ssss', 'create_at': None}, {'doc_id': '111', 'kb_id': '111', 'id': 'ac33d789-ca70-4b88-bc54-594bf650ce96', 'embedding': ('async_client', <openai.resources.embeddings.AsyncEmbeddings object at 0x10b2c3350>), 'chunk_index': 1, 'metadata': {'doc_id': '111', 'kb_id': '111'}, 'text_content': 'ssss', 'create_at': None}, {'doc_id': '111', 'kb_id': '111', 'id': '0982d5cc-dd4e-4613-8a6a-b43511ebdc0d', 'embedding': ('model', 'qwen3.7-text-embedding'), 'chunk_index': 2, 'metadata': {'doc_id': '111', 'kb_id': '111'}, 'text_content': 'ssss', 'create_at': None}, {'doc_id': '111', 'kb_id': '111', 'id': '52db24ad-a62d-4766-9fbe-c7d1aba2c9a2', 'embedding': ('dimensions', 1024), 'chunk_index': 3, 'metadata': {'doc_id': '111', 'kb_id': '111'}, 'text_content': 'ssss', 'create_at': None}, {'doc_id': '111', 'kb_id': '111', 'id': 'd65c9f13-c086-4556-89ef-79a67121ac9e', 'embedding': ('deployment', 'text-embedding-ada-002'), 'chunk_index': 4, 'metadata': {'doc_id': '111', 'kb_id': '111'}, 'text_content': 'ssss', 'create_at': None}, {'doc_id': '111', 'kb_id': '111', 'id': 'e15ed49a-de35-4997-8924-e0682611eb92', 'embedding': ('openai_api_version', None), 'chunk_index': 5, 'metadata': {'doc_id': '111', 'kb_id': '111'}, 'text_content': 'ssss', 'create_at': None}, {'doc_id': '111', 'kb_id': '111', 'id': '49bfa688-7633-42b3-a1bf-830fdf294428', 'embedding': ('openai_api_base', 'https://ws-keazas2jpkiugg8q.cn-beijing.maas.aliyuncs.com/compatible-mode/v1'), 'chunk_index': 6, 'metadata': {'doc_id': '111', 'kb_id': '111'}, 'text_content': 'ssss', 'create_at': None}, {'doc_id': '111', 'kb_id': '111', 'id': '3d061c62-798d-4bf4-b825-cc982a0a5246', 'embedding': ('openai_api_type', None), 'chunk_index': 7, 'metadata': {'doc_id': '111', 'kb_id': '111'}, 'text_content': 'ssss', 'create_at': None}, {'doc_id': '111', 'kb_id': '111', 'id': '6cbe18dd-28a4-4a9b-8595-d48b0e7d0006', 'embedding': ('openai_proxy', None), 'chunk_index': 8, 'metadata': {'doc_id': '111', 'kb_id': '111'}, 'text_content': 'ssss', 'create_at': None}, {'doc_id': '111', 'kb_id': '111', 'id': '604d8798-1cb3-44c5-82db-f010281d87b9', 'embedding': ('embedding_ctx_length', 8191), 'chunk_index': 9, 'metadata': {'doc_id': '111', 'kb_id': '111'}, 'text_content': 'ssss', 'create_at': None}, {'doc_id': '111', 'kb_id': '111', 'id': '4de6f181-a64c-4339-b213-9f1bd4932f02', 'embedding': ('openai_api_key', SecretStr('**********')), 'chunk_index': 10, 'metadata': {'doc_id': '111', 'kb_id': '111'}, 'text_content': 'ssss', 'create_at': None}, {'doc_id': '111', 'kb_id': '111', 'id': '0f29fe91-39e1-401c-912d-c6dee45e405a', 'embedding': ('openai_organization', None), 'chunk_index': 11, 'metadata': {'doc_id': '111', 'kb_id': '111'}, 'text_content': 'ssss', 'create_at': None}, {'doc_id': '111', 'kb_id': '111', 'id': '511472db-2c18-4e18-8a88-f7af9d509d3a', 'embedding': ('allowed_special', None), 'chunk_index': 12, 'metadata': {'doc_id': '111', 'kb_id': '111'}, 'text_content': 'ssss', 'create_at': None}, {'doc_id': '111', 'kb_id': '111', 'id': 'b9b17262-d554-42cc-98af-f469f077ddee', 'embedding': ('disallowed_special', None), 'chunk_index': 13, 'metadata': {'doc_id': '111', 'kb_id': '111'}, 'text_content': 'ssss', 'create_at': None}, {'doc_id': '111', 'kb_id': '111', 'id': '83d4ae66-2659-4ea8-8d6a-cd6b14e413e1', 'embedding': ('chunk_size', 1000), 'chunk_index': 14, 'metadata': {'doc_id': '111', 'kb_id': '111'}, 'text_content': 'ssss', 'create_at': None}, {'doc_id': '111', 'kb_id': '111', 'id': 'f2c46551-131e-41b9-bda0-0dc935864d49', 'embedding': ('max_retries', 2), 'chunk_index': 15, 'metadata': {'doc_id': '111', 'kb_id': '111'}, 'text_content': 'ssss', 'create_at': None}, {'doc_id': '111', 'kb_id': '111', 'id': '446a75f5-3cc7-4490-8586-4d2c5d98bde1', 'embedding': ('request_timeout', None), 'chunk_index': 16, 'metadata': {'doc_id': '111', 'kb_id': '111'}, 'text_content': 'ssss', 'create_at': None}, {'doc_id': '111', 'kb_id': '111', 'id': 'd68a7a95-6239-4fcb-b2a3-8e85b78be7e0', 'embedding': ('headers', None), 'chunk_index': 17, 'metadata': {'doc_id': '111', 'kb_id': '111'}, 'text_content': 'ssss', 'create_at': None}, {'doc_id': '111', 'kb_id': '111', 'id': 'e4d2f887-bc5e-474c-a6d5-f1f33944a581', 'embedding': ('tiktoken_enabled', True), 'chunk_index': 18, 'metadata': {'doc_id': '111', 'kb_id': '111'}, 'text_content': 'ssss', 'create_at': None}, {'doc_id': '111', 'kb_id': '111', 'id': 'b9ae8ae1-d03a-46c7-8f46-053e8da7f4c4', 'embedding': ('tiktoken_model_name', None), 'chunk_index': 19, 'metadata': {'doc_id': '111', 'kb_id': '111'}, 'text_content': 'ssss', 'create_at': None}, {'doc_id': '111', 'kb_id': '111', 'id': '0e4893b4-e316-43de-bc7a-0e7c7d30a346', 'embedding': ('show_progress_bar', False), 'chunk_index': 20, 'metadata': {'doc_id': '111', 'kb_id': '111'}, 'text_content': 'ssss', 'create_at': None}, {'doc_id': '111', 'kb_id': '111', 'id': '3f357c58-3335-44b6-b148-de6f6ae38cc6', 'embedding': ('model_kwargs', {}), 'chunk_index': 21, 'metadata': {'doc_id': '111', 'kb_id': '111'}, 'text_content': 'ssss', 'create_at': None}, {'doc_id': '111', 'kb_id': '111', 'id': '461b90f6-67da-45ce-a704-1e5b064d7951', 'embedding': ('skip_empty', False), 'chunk_index': 22, 'metadata': {'doc_id': '111', 'kb_id': '111'}, 'text_content': 'ssss', 'create_at': None}, {'doc_id': '111', 'kb_id': '111', 'id': 'f9ac6375-a567-416e-9964-8f33ad0c2fd8', 'embedding': ('default_headers', None), 'chunk_index': 23, 'metadata': {'doc_id': '111', 'kb_id': '111'}, 'text_content': 'ssss', 'create_at': None}, {'doc_id': '111', 'kb_id': '111', 'id': '87cb5660-efec-4073-b30b-02f22ff91792', 'embedding': ('default_query', None), 'chunk_index': 24, 'metadata': {'doc_id': '111', 'kb_id': '111'}, 'text_content': 'ssss', 'create_at': None}, {'doc_id': '111', 'kb_id': '111', 'id': '796ecb54-9722-493e-afc8-b3002837fab5', 'embedding': ('retry_min_seconds', 4), 'chunk_index': 25, 'metadata': {'doc_id': '111', 'kb_id': '111'}, 'text_content': 'ssss', 'create_at': None}, {'doc_id': '111', 'kb_id': '111', 'id': '5942bf15-3e52-4369-a845-85258fc17e1b', 'embedding': ('retry_max_seconds', 20), 'chunk_index': 26, 'metadata': {'doc_id': '111', 'kb_id': '111'}, 'text_content': 'ssss', 'create_at': None}, {'doc_id': '111', 'kb_id': '111', 'id': '0d8d3074-c07a-4247-a5fe-54bb29adc86d', 'embedding': ('http_client', None), 'chunk_index': 27, 'metadata': {'doc_id': '111', 'kb_id': '111'}, 'text_content': 'ssss', 'create_at': None}, {'doc_id': '111', 'kb_id': '111', 'id': '4b605378-eaca-4dda-8714-27da7f09354d', 'embedding': ('http_async_client', None), 'chunk_index': 28, 'metadata': {'doc_id': '111', 'kb_id': '111'}, 'text_content': 'ssss', 'create_at': None}, {'doc_id': '111', 'kb_id': '111', 'id': '39cb0bfa-2207-48a5-ae0c-e2fecb8d5543', 'embedding': ('check_embedding_ctx_length', False), 'chunk_index': 29, 'metadata': {'doc_id': '111', 'kb_id': '111'}, 'text_content': 'ssss', 'create_at': None}]]
Traceback (most recent call last):

  File "/Users/sunquanhu/Projects/study/ai/personal-workspace/personal-workspace-app/.venv/lib/python3.12/site-packages/sqlalchemy/engine/base.py", line 1817, in _execute_context
    context = constructor(
              └ <bound method DefaultExecutionContext._init_compiled of <class 'sqlalchemy.dialects.postgresql.asyncpg.PGExecutionContext_asy...
  File "/Users/sunquanhu/Projects/study/ai/personal-workspace/personal-workspace-app/.venv/lib/python3.12/site-packages/sqlalchemy/engine/default.py", line 1496, in _init_compiled
    flattened_processors[key](compiled_params[key])
    │                         └ {'id': 'effb32db-e779-44e5-b60d-a6c244a7f5fe', 'kb_id': '111', 'doc_id': '111', 'text_content': 'ssss', 'embedding': ('client...
    └ {'embedding': <function VECTOR.bind_processor.<locals>.process at 0x10b77a840>, 'metadata': <function JSON._make_bind_process...
  File "/Users/sunquanhu/Projects/study/ai/personal-workspace/personal-workspace-app/.venv/lib/python3.12/site-packages/pgvector/sqlalchemy/vector.py", line 21, in process
    return Vector._to_db(value, self.dim)
           │      │      │      │    └ 1024
           │      │      │      └ VECTOR(dim=1024)
           │      │      └ ('client', <openai.resources.embeddings.Embeddings object at 0x109f7c380>)
           │      └ <classmethod(<function Vector._to_db at 0x10a176b60>)>
           └ <class 'pgvector.utils.vector.Vector'>
  File "/Users/sunquanhu/Projects/study/ai/personal-workspace/personal-workspace-app/.venv/lib/python3.12/site-packages/pgvector/utils/vector.py", line 49, in _to_db
    value = cls(value)
            │   └ ('client', <openai.resources.embeddings.Embeddings object at 0x109f7c380>)
            └ <class 'pgvector.utils.vector.Vector'>
  File "/Users/sunquanhu/Projects/study/ai/personal-workspace/personal-workspace-app/.venv/lib/python3.12/site-packages/pgvector/utils/vector.py", line 9, in __init__
    value = np.asarray(value, dtype='>f4')
            │  │       └ ('client', <openai.resources.embeddings.Embeddings object at 0x109f7c380>)
            │  └ <built-in function asarray>
            └ <module 'numpy' from '/Users/sunquanhu/Projects/study/ai/personal-workspace/personal-workspace-app/.venv/lib/python3.12/site-...

ValueError: could not convert string to float: 'client'


The above exception was the direct cause of the following exception:


Traceback (most recent call last):

  File "/Users/sunquanhu/.pyenv/versions/3.12.2/lib/python3.12/runpy.py", line 198, in _run_module_as_main
    return _run_code(code, main_globals, None,
           │         │     └ {'__name__': '__main__', '__doc__': None, '__package__': '', '__loader__': <_frozen_importlib_external.SourceFileLoader objec...
           │         └ <code object <module> at 0x103805c50, file "/private/var/folders/7v/223c2ym14gb3wzg9l33myc380000gn/T/debugpy69653884798475276...
           └ <function _run_code at 0x10382a020>
  File "/Users/sunquanhu/.pyenv/versions/3.12.2/lib/python3.12/runpy.py", line 88, in _run_code
    exec(code, run_globals)
         │     └ {'__name__': '__main__', '__doc__': None, '__package__': '', '__loader__': <_frozen_importlib_external.SourceFileLoader objec...
         └ <code object <module> at 0x103805c50, file "/private/var/folders/7v/223c2ym14gb3wzg9l33myc380000gn/T/debugpy69653884798475276...

  File "/private/var/folders/7v/223c2ym14gb3wzg9l33myc380000gn/T/debugpy6965388479847527625/debugpy/adapter/../../debugpy/launcher/../../debugpy/__main__.py", line 71, in <module>
    cli.main()
    │   └ <function main at 0x1053dfce0>
    └ <module 'debugpy.server.cli' from '/private/var/folders/7v/223c2ym14gb3wzg9l33myc380000gn/T/debugpy6965388479847527625/debugp...

  File "/private/var/folders/7v/223c2ym14gb3wzg9l33myc380000gn/T/debugpy6965388479847527625/debugpy/adapter/../../debugpy/launcher/../../debugpy/../debugpy/server/cli.py", line 542, in main
    run()
    └ <function run_file at 0x1053dfa60>

  File "/private/var/folders/7v/223c2ym14gb3wzg9l33myc380000gn/T/debugpy6965388479847527625/debugpy/adapter/../../debugpy/launcher/../../debugpy/../debugpy/server/cli.py", line 361, in run_file
    runpy.run_path(target, run_name="__main__")
    │     │        └ '/Users/sunquanhu/Projects/study/ai/personal-workspace/personal-workspace-app/src/personal_workspace_app/__main__.py'
    │     └ <function run_path at 0x1049e0040>
    └ <module '_pydevd_bundle.pydevd_runpy' from '/private/var/folders/7v/223c2ym14gb3wzg9l33myc380000gn/T/debugpy69653884798475276...

  File "/private/var/folders/7v/223c2ym14gb3wzg9l33myc380000gn/T/debugpy6965388479847527625/debugpy/_vendored/pydevd/_pydevd_bundle/pydevd_runpy.py", line 310, in run_path
    return _run_module_code(code, init_globals, run_name, pkg_name=pkg_name, script_name=fname)
           │                │     │             │                  │                     └ '/Users/sunquanhu/Projects/study/ai/personal-workspace/personal-workspace-app/src/personal_workspace_app/__main__.py'
           │                │     │             │                  └ ''
           │                │     │             └ '__main__'
           │                │     └ None
           │                └ <code object <module> at 0x1054425b0, file "/Users/sunquanhu/Projects/study/ai/personal-workspace/personal-workspace-app/src/...
           └ <function _run_module_code at 0x1049a7c40>

  File "/private/var/folders/7v/223c2ym14gb3wzg9l33myc380000gn/T/debugpy6965388479847527625/debugpy/_vendored/pydevd/_pydevd_bundle/pydevd_runpy.py", line 127, in _run_module_code
    _run_code(code, mod_globals, init_globals, mod_name, mod_spec, pkg_name, script_name)
    │         │     │            │             │         │         │         └ '/Users/sunquanhu/Projects/study/ai/personal-workspace/personal-workspace-app/src/personal_workspace_app/__main__.py'
    │         │     │            │             │         │         └ ''
    │         │     │            │             │         └ None
    │         │     │            │             └ '__main__'
    │         │     │            └ None
    │         │     └ {'__name__': '__main__', '__doc__': None, '__package__': '', '__loader__': None, '__spec__': None, '__file__': '/Users/sunqua...
    │         └ <code object <module> at 0x1054425b0, file "/Users/sunquanhu/Projects/study/ai/personal-workspace/personal-workspace-app/src/...
    └ <function _run_code at 0x1049a77e0>

  File "/private/var/folders/7v/223c2ym14gb3wzg9l33myc380000gn/T/debugpy6965388479847527625/debugpy/_vendored/pydevd/_pydevd_bundle/pydevd_runpy.py", line 118, in _run_code
    exec(code, run_globals)
         │     └ {'__name__': '__main__', '__doc__': None, '__package__': '', '__loader__': None, '__spec__': None, '__file__': '/Users/sunqua...
         └ <code object <module> at 0x1054425b0, file "/Users/sunquanhu/Projects/study/ai/personal-workspace/personal-workspace-app/src/...

  File "/Users/sunquanhu/Projects/study/ai/personal-workspace/personal-workspace-app/src/personal_workspace_app/__main__.py", line 37, in <module>
    uvicorn.run(app, host="0.0.0.0", port=8000, reload=False, loop="asyncio")
    │       │   └ <fastapi.applications.FastAPI object at 0x10b39a720>
    │       └ <function run at 0x1057440e0>
    └ <module 'uvicorn' from '/Users/sunquanhu/Projects/study/ai/personal-workspace/personal-workspace-app/.venv/lib/python3.12/sit...

  File "/Users/sunquanhu/Projects/study/ai/personal-workspace/personal-workspace-app/.venv/lib/python3.12/site-packages/uvicorn/main.py", line 621, in run
    server.run()
    │      └ <function Server.run at 0x1057454e0>
    └ <uvicorn.server.Server object at 0x10566a480>
  File "/Users/sunquanhu/Projects/study/ai/personal-workspace/personal-workspace-app/.venv/lib/python3.12/site-packages/uvicorn/server.py", line 77, in run
    return asyncio_run(self.serve(sockets=sockets), loop_factory=self.config.get_loop_factory())
           │           │    │             │                      │    │      └ <function Config.get_loop_factory at 0x10567d620>
           │           │    │             │                      │    └ <uvicorn.config.Config object at 0x10af83380>
           │           │    │             │                      └ <uvicorn.server.Server object at 0x10566a480>
           │           │    │             └ None
           │           │    └ <function Server.serve at 0x105745580>
           │           └ <uvicorn.server.Server object at 0x10566a480>
           └ <function run at 0x105542980>
  File "/Users/sunquanhu/.pyenv/versions/3.12.2/lib/python3.12/asyncio/runners.py", line 194, in run
    return runner.run(main)
           │      │   └ <coroutine object Server.serve at 0x10b385d20>
           │      └ <function Runner.run at 0x1055a6de0>
           └ <asyncio.runners.Runner object at 0x10b2c3470>
  File "/Users/sunquanhu/.pyenv/versions/3.12.2/lib/python3.12/asyncio/runners.py", line 118, in run
    return self._loop.run_until_complete(task)
           │    │     │                  └ <Task pending name='Task-1' coro=<Server.serve() running at /Users/sunquanhu/Projects/study/ai/personal-workspace/personal-wo...
           │    │     └ <function BaseEventLoop.run_until_complete at 0x1055a4a40>
           │    └ <_UnixSelectorEventLoop running=True closed=False debug=False>
           └ <asyncio.runners.Runner object at 0x10b2c3470>
  File "/Users/sunquanhu/.pyenv/versions/3.12.2/lib/python3.12/asyncio/base_events.py", line 672, in run_until_complete
    self.run_forever()
    │    └ <function BaseEventLoop.run_forever at 0x1055a49a0>
    └ <_UnixSelectorEventLoop running=True closed=False debug=False>
  File "/Users/sunquanhu/.pyenv/versions/3.12.2/lib/python3.12/asyncio/base_events.py", line 639, in run_forever
    self._run_once()
    │    └ <function BaseEventLoop._run_once at 0x1055a67a0>
    └ <_UnixSelectorEventLoop running=True closed=False debug=False>
  File "/Users/sunquanhu/.pyenv/versions/3.12.2/lib/python3.12/asyncio/base_events.py", line 1985, in _run_once
    handle._run()
    │      └ <function Handle._run at 0x10552ab60>
    └ <Handle Task.task_wakeup(<Future finished result=None>)>
  File "/Users/sunquanhu/.pyenv/versions/3.12.2/lib/python3.12/asyncio/events.py", line 88, in _run
    self._context.run(self._callback, *self._args)
    │    │            │    │           │    └ <member '_args' of 'Handle' objects>
    │    │            │    │           └ <Handle Task.task_wakeup(<Future finished result=None>)>
    │    │            │    └ <member '_callback' of 'Handle' objects>
    │    │            └ <Handle Task.task_wakeup(<Future finished result=None>)>
    │    └ <member '_context' of 'Handle' objects>
    └ <Handle Task.task_wakeup(<Future finished result=None>)>
  File "/Users/sunquanhu/Projects/study/ai/personal-workspace/personal-workspace-app/.venv/lib/python3.12/site-packages/uvicorn/protocols/http/httptools_impl.py", line 422, in run_asgi
    result = await app(  # type: ignore[func-returns-value]
                   └ <uvicorn.middleware.proxy_headers.ProxyHeadersMiddleware object at 0x10b081e50>
  File "/Users/sunquanhu/Projects/study/ai/personal-workspace/personal-workspace-app/.venv/lib/python3.12/site-packages/uvicorn/middleware/proxy_headers.py", line 63, in __call__
    return await self.app(scope, receive, send)
                 │    │   │      │        └ <bound method RequestResponseCycle.send of <uvicorn.protocols.http.httptools_impl.RequestResponseCycle object at 0x10b42bd40>>
                 │    │   │      └ <bound method RequestResponseCycle.receive of <uvicorn.protocols.http.httptools_impl.RequestResponseCycle object at 0x10b42bd...
                 │    │   └ {'type': 'http', 'asgi': {'version': '3.0', 'spec_version': '2.3'}, 'http_version': '1.1', 'server': ('127.0.0.1', 8000), 'cl...
                 │    └ <fastapi.applications.FastAPI object at 0x10b39a720>
                 └ <uvicorn.middleware.proxy_headers.ProxyHeadersMiddleware object at 0x10b081e50>
  File "/Users/sunquanhu/Projects/study/ai/personal-workspace/personal-workspace-app/.venv/lib/python3.12/site-packages/fastapi/applications.py", line 1163, in __call__
    await super().__call__(scope, receive, send)
                           │      │        └ <bound method RequestResponseCycle.send of <uvicorn.protocols.http.httptools_impl.RequestResponseCycle object at 0x10b42bd40>>
                           │      └ <bound method RequestResponseCycle.receive of <uvicorn.protocols.http.httptools_impl.RequestResponseCycle object at 0x10b42bd...
                           └ {'type': 'http', 'asgi': {'version': '3.0', 'spec_version': '2.3'}, 'http_version': '1.1', 'server': ('127.0.0.1', 8000), 'cl...
  File "/Users/sunquanhu/Projects/study/ai/personal-workspace/personal-workspace-app/.venv/lib/python3.12/site-packages/starlette/applications.py", line 96, in __call__
    await self.middleware_stack(scope, receive, send)
          │    │                │      │        └ <bound method RequestResponseCycle.send of <uvicorn.protocols.http.httptools_impl.RequestResponseCycle object at 0x10b42bd40>>
          │    │                │      └ <bound method RequestResponseCycle.receive of <uvicorn.protocols.http.httptools_impl.RequestResponseCycle object at 0x10b42bd...
          │    │                └ {'type': 'http', 'asgi': {'version': '3.0', 'spec_version': '2.3'}, 'http_version': '1.1', 'server': ('127.0.0.1', 8000), 'cl...
          │    └ <starlette.middleware.errors.ServerErrorMiddleware object at 0x10b42b8c0>
          └ <fastapi.applications.FastAPI object at 0x10b39a720>
> File "/Users/sunquanhu/Projects/study/ai/personal-workspace/personal-workspace-app/.venv/lib/python3.12/site-packages/starlette/middleware/errors.py", line 164, in __call__
    await self.app(scope, receive, _send)
          │    │   │      │        └ <function ServerErrorMiddleware.__call__.<locals>._send at 0x10b4540e0>
          │    │   │      └ <bound method RequestResponseCycle.receive of <uvicorn.protocols.http.httptools_impl.RequestResponseCycle object at 0x10b42bd...
          │    │   └ {'type': 'http', 'asgi': {'version': '3.0', 'spec_version': '2.3'}, 'http_version': '1.1', 'server': ('127.0.0.1', 8000), 'cl...
          │    └ <personal_workspace_app.core.trace_middleware.TraceAndLogMiddleware object at 0x10b3fbce0>
          └ <starlette.middleware.errors.ServerErrorMiddleware object at 0x10b42b8c0>
  File "/Users/sunquanhu/Projects/study/ai/personal-workspace/personal-workspace-app/.venv/lib/python3.12/site-packages/starlette/middleware/base.py", line 198, in __call__
    raise app_exc
          └ StatementError("(builtins.ValueError) could not convert string to float: 'client'")
  File "/Users/sunquanhu/Projects/study/ai/personal-workspace/personal-workspace-app/.venv/lib/python3.12/site-packages/starlette/middleware/base.py", line 144, in coro
    await self.app(scope, receive_or_disconnect, send_no_error)
          │    │   │      │                      └ <function BaseHTTPMiddleware.__call__.<locals>.call_next.<locals>.send_no_error at 0x10b6ce020>
          │    │   │      └ <function BaseHTTPMiddleware.__call__.<locals>.call_next.<locals>.receive_or_disconnect at 0x10b457740>
          │    │   └ {'type': 'http', 'asgi': {'version': '3.0', 'spec_version': '2.3'}, 'http_version': '1.1', 'server': ('127.0.0.1', 8000), 'cl...
          │    └ <starlette.middleware.exceptions.ExceptionMiddleware object at 0x10b42b830>
          └ <personal_workspace_app.core.trace_middleware.TraceAndLogMiddleware object at 0x10b3fbce0>
  File "/Users/sunquanhu/Projects/study/ai/personal-workspace/personal-workspace-app/.venv/lib/python3.12/site-packages/starlette/middleware/exceptions.py", line 63, in __call__
    await wrap_app_handling_exceptions(self.app, conn)(scope, receive, send)
          │                            │    │    │     │      │        └ <function BaseHTTPMiddleware.__call__.<locals>.call_next.<locals>.send_no_error at 0x10b6ce020>
          │                            │    │    │     │      └ <function BaseHTTPMiddleware.__call__.<locals>.call_next.<locals>.receive_or_disconnect at 0x10b457740>
          │                            │    │    │     └ {'type': 'http', 'asgi': {'version': '3.0', 'spec_version': '2.3'}, 'http_version': '1.1', 'server': ('127.0.0.1', 8000), 'cl...
          │                            │    │    └ <starlette.requests.Request object at 0x10b39b980>
          │                            │    └ <fastapi.middleware.asyncexitstack.AsyncExitStackMiddleware object at 0x10b42b890>
          │                            └ <starlette.middleware.exceptions.ExceptionMiddleware object at 0x10b42b830>
          └ <function wrap_app_handling_exceptions at 0x106410fe0>
  File "/Users/sunquanhu/Projects/study/ai/personal-workspace/personal-workspace-app/.venv/lib/python3.12/site-packages/starlette/_exception_handler.py", line 53, in wrapped_app
    raise exc
  File "/Users/sunquanhu/Projects/study/ai/personal-workspace/personal-workspace-app/.venv/lib/python3.12/site-packages/starlette/_exception_handler.py", line 42, in wrapped_app
    await app(scope, receive, sender)
          │   │      │        └ <function wrap_app_handling_exceptions.<locals>.wrapped_app.<locals>.sender at 0x10b39f1a0>
          │   │      └ <function BaseHTTPMiddleware.__call__.<locals>.call_next.<locals>.receive_or_disconnect at 0x10b457740>
          │   └ {'type': 'http', 'asgi': {'version': '3.0', 'spec_version': '2.3'}, 'http_version': '1.1', 'server': ('127.0.0.1', 8000), 'cl...
          └ <fastapi.middleware.asyncexitstack.AsyncExitStackMiddleware object at 0x10b42b890>
  File "/Users/sunquanhu/Projects/study/ai/personal-workspace/personal-workspace-app/.venv/lib/python3.12/site-packages/fastapi/middleware/asyncexitstack.py", line 18, in __call__
    await self.app(scope, receive, send)
          │    │   │      │        └ <function wrap_app_handling_exceptions.<locals>.wrapped_app.<locals>.sender at 0x10b39f1a0>
          │    │   │      └ <function BaseHTTPMiddleware.__call__.<locals>.call_next.<locals>.receive_or_disconnect at 0x10b457740>
          │    │   └ {'type': 'http', 'asgi': {'version': '3.0', 'spec_version': '2.3'}, 'http_version': '1.1', 'server': ('127.0.0.1', 8000), 'cl...
          │    └ <fastapi.routing.APIRouter object at 0x10b39a8a0>
          └ <fastapi.middleware.asyncexitstack.AsyncExitStackMiddleware object at 0x10b42b890>
  File "/Users/sunquanhu/Projects/study/ai/personal-workspace/personal-workspace-app/.venv/lib/python3.12/site-packages/starlette/routing.py", line 670, in __call__
    await self.middleware_stack(scope, receive, send)
          │    │                │      │        └ <function wrap_app_handling_exceptions.<locals>.wrapped_app.<locals>.sender at 0x10b39f1a0>
          │    │                │      └ <function BaseHTTPMiddleware.__call__.<locals>.call_next.<locals>.receive_or_disconnect at 0x10b457740>
          │    │                └ {'type': 'http', 'asgi': {'version': '3.0', 'spec_version': '2.3'}, 'http_version': '1.1', 'server': ('127.0.0.1', 8000), 'cl...
          │    └ <bound method APIRouter.app of <fastapi.routing.APIRouter object at 0x10b39a8a0>>
          └ <fastapi.routing.APIRouter object at 0x10b39a8a0>
  File "/Users/sunquanhu/Projects/study/ai/personal-workspace/personal-workspace-app/.venv/lib/python3.12/site-packages/fastapi/routing.py", line 2734, in app
    await route.handle(scope, receive, send)
          │     │      │      │        └ <function wrap_app_handling_exceptions.<locals>.wrapped_app.<locals>.sender at 0x10b39f1a0>
          │     │      │      └ <function BaseHTTPMiddleware.__call__.<locals>.call_next.<locals>.receive_or_disconnect at 0x10b457740>
          │     │      └ {'type': 'http', 'asgi': {'version': '3.0', 'spec_version': '2.3'}, 'http_version': '1.1', 'server': ('127.0.0.1', 8000), 'cl...
          │     └ <function _IncludedRouter.handle at 0x10644fe20>
          └ _IncludedRouter(original_router=<fastapi.routing.APIRouter object at 0x109a0ccb0>, include_context=_RouterIncludeContext(incl...
  File "/Users/sunquanhu/Projects/study/ai/personal-workspace/personal-workspace-app/.venv/lib/python3.12/site-packages/fastapi/routing.py", line 1780, in handle
    await self.original_router.handle(scope, receive, send)
          │    │               │      │      │        └ <function wrap_app_handling_exceptions.<locals>.wrapped_app.<locals>.sender at 0x10b39f1a0>
          │    │               │      │      └ <function BaseHTTPMiddleware.__call__.<locals>.call_next.<locals>.receive_or_disconnect at 0x10b457740>
          │    │               │      └ {'type': 'http', 'asgi': {'version': '3.0', 'spec_version': '2.3'}, 'http_version': '1.1', 'server': ('127.0.0.1', 8000), 'cl...
          │    │               └ <function APIRouter.handle at 0x106475ee0>
          │    └ <fastapi.routing.APIRouter object at 0x109a0ccb0>
          └ _IncludedRouter(original_router=<fastapi.routing.APIRouter object at 0x109a0ccb0>, include_context=_RouterIncludeContext(incl...
  File "/Users/sunquanhu/Projects/study/ai/personal-workspace/personal-workspace-app/.venv/lib/python3.12/site-packages/fastapi/routing.py", line 2789, in handle
    await included_router._handle_selected(scope, receive, send)
          │               │                │      │        └ <function wrap_app_handling_exceptions.<locals>.wrapped_app.<locals>.sender at 0x10b39f1a0>
          │               │                │      └ <function BaseHTTPMiddleware.__call__.<locals>.call_next.<locals>.receive_or_disconnect at 0x10b457740>
          │               │                └ {'type': 'http', 'asgi': {'version': '3.0', 'spec_version': '2.3'}, 'http_version': '1.1', 'server': ('127.0.0.1', 8000), 'cl...
          │               └ <function _IncludedRouter._handle_selected at 0x10644fec0>
          └ _IncludedRouter(original_router=<fastapi.routing.APIRouter object at 0x109a0ccb0>, include_context=_RouterIncludeContext(incl...
  File "/Users/sunquanhu/Projects/study/ai/personal-workspace/personal-workspace-app/.venv/lib/python3.12/site-packages/fastapi/routing.py", line 1800, in _handle_selected
    await original_route.handle(scope, receive, send)
          │              │      │      │        └ <function wrap_app_handling_exceptions.<locals>.wrapped_app.<locals>.sender at 0x10b39f1a0>
          │              │      │      └ <function BaseHTTPMiddleware.__call__.<locals>.call_next.<locals>.receive_or_disconnect at 0x10b457740>
          │              │      └ {'type': 'http', 'asgi': {'version': '3.0', 'spec_version': '2.3'}, 'http_version': '1.1', 'server': ('127.0.0.1', 8000), 'cl...
          │              └ <function APIRoute.handle at 0x10644df80>
          └ APIRoute(path='/kb/upload', name='kb_upload_endpoint', methods=['POST'])
  File "/Users/sunquanhu/Projects/study/ai/personal-workspace/personal-workspace-app/.venv/lib/python3.12/site-packages/fastapi/routing.py", line 1279, in handle
    await app(scope, receive, send)
          │   │      │        └ <function wrap_app_handling_exceptions.<locals>.wrapped_app.<locals>.sender at 0x10b39f1a0>
          │   │      └ <function BaseHTTPMiddleware.__call__.<locals>.call_next.<locals>.receive_or_disconnect at 0x10b457740>
          │   └ {'type': 'http', 'asgi': {'version': '3.0', 'spec_version': '2.3'}, 'http_version': '1.1', 'server': ('127.0.0.1', 8000), 'cl...
          └ <function request_response.<locals>.app at 0x10b6ce660>
  File "/Users/sunquanhu/Projects/study/ai/personal-workspace/personal-workspace-app/.venv/lib/python3.12/site-packages/fastapi/routing.py", line 158, in app
    await wrap_app_handling_exceptions(app, request)(scope, receive, send)
          │                            │    │        │      │        └ <function wrap_app_handling_exceptions.<locals>.wrapped_app.<locals>.sender at 0x10b39f1a0>
          │                            │    │        │      └ <function BaseHTTPMiddleware.__call__.<locals>.call_next.<locals>.receive_or_disconnect at 0x10b457740>
          │                            │    │        └ {'type': 'http', 'asgi': {'version': '3.0', 'spec_version': '2.3'}, 'http_version': '1.1', 'server': ('127.0.0.1', 8000), 'cl...
          │                            │    └ <starlette.requests.Request object at 0x10b6ba180>
          │                            └ <function request_response.<locals>.app.<locals>.app at 0x10b6ce480>
          └ <function wrap_app_handling_exceptions at 0x106410fe0>
  File "/Users/sunquanhu/Projects/study/ai/personal-workspace/personal-workspace-app/.venv/lib/python3.12/site-packages/starlette/_exception_handler.py", line 53, in wrapped_app
    raise exc
  File "/Users/sunquanhu/Projects/study/ai/personal-workspace/personal-workspace-app/.venv/lib/python3.12/site-packages/starlette/_exception_handler.py", line 42, in wrapped_app
    await app(scope, receive, sender)
          │   │      │        └ <function wrap_app_handling_exceptions.<locals>.wrapped_app.<locals>.sender at 0x10b6ce7a0>
          │   │      └ <function BaseHTTPMiddleware.__call__.<locals>.call_next.<locals>.receive_or_disconnect at 0x10b457740>
          │   └ {'type': 'http', 'asgi': {'version': '3.0', 'spec_version': '2.3'}, 'http_version': '1.1', 'server': ('127.0.0.1', 8000), 'cl...
          └ <function request_response.<locals>.app.<locals>.app at 0x10b6ce480>
  File "/Users/sunquanhu/Projects/study/ai/personal-workspace/personal-workspace-app/.venv/lib/python3.12/site-packages/fastapi/routing.py", line 140, in app
    async with AsyncExitStack() as request_stack:
               │                   └ <contextlib.AsyncExitStack object at 0x10b6ba660>
               └ <class 'contextlib.AsyncExitStack'>
  File "/Users/sunquanhu/.pyenv/versions/3.12.2/lib/python3.12/contextlib.py", line 754, in __aexit__
    raise exc_details[1]
          └ (<class 'sqlalchemy.exc.StatementError'>, StatementError("(builtins.ValueError) could not convert string to float: 'client'")...
  File "/Users/sunquanhu/.pyenv/versions/3.12.2/lib/python3.12/contextlib.py", line 737, in __aexit__
    cb_suppress = await cb(*exc_details)
                        │   └ (<class 'sqlalchemy.exc.StatementError'>, StatementError("(builtins.ValueError) could not convert string to float: 'client'")...
                        └ <bound method _AsyncGeneratorContextManager.__aexit__ of <contextlib._AsyncGeneratorContextManager object at 0x10b6baba0>>
  File "/Users/sunquanhu/.pyenv/versions/3.12.2/lib/python3.12/contextlib.py", line 217, in __aexit__
    await anext(self.gen)
                │    └ <async_generator object get_db at 0x10b6c9a80>
                └ <contextlib._AsyncGeneratorContextManager object at 0x10b6baba0>

  File "/Users/sunquanhu/Projects/study/ai/personal-workspace/personal-workspace-app/src/personal_workspace_app/infrastructure/db/session.py", line 33, in get_db
    await session.commit()
          │       └ <function AsyncSession.commit at 0x106ed4220>
          └ <sqlalchemy.ext.asyncio.session.AsyncSession object at 0x10b6bab10>

  File "/Users/sunquanhu/Projects/study/ai/personal-workspace/personal-workspace-app/.venv/lib/python3.12/site-packages/sqlalchemy/ext/asyncio/session.py", line 999, in commit
    await greenlet_spawn(self.sync_session.commit)
          │              │    │            └ <function Session.commit at 0x106dd44a0>
          │              │    └ <sqlalchemy.orm.session.Session object at 0x10b6ba990>
          │              └ <sqlalchemy.ext.asyncio.session.AsyncSession object at 0x10b6bab10>
          └ <function greenlet_spawn at 0x1065542c0>
  File "/Users/sunquanhu/Projects/study/ai/personal-workspace/personal-workspace-app/.venv/lib/python3.12/site-packages/sqlalchemy/util/_concurrency_py3k.py", line 203, in greenlet_spawn
    result = context.switch(value)
             │       │      └ None
             │       └ <method 'switch' of 'greenlet.greenlet' objects>
             └ <_AsyncIoGreenlet object at 0x10b3b3000 (otid=0x600000178cc0) dead>
  File "/Users/sunquanhu/Projects/study/ai/personal-workspace/personal-workspace-app/.venv/lib/python3.12/site-packages/sqlalchemy/orm/session.py", line 2035, in commit
    trans.commit(_to_root=True)
    │     └ <function SessionTransaction.commit at 0x106dcf420>
    └ <sqlalchemy.orm.session.SessionTransaction object at 0x108e903d0>
  File "<string>", line 2, in commit
  File "/Users/sunquanhu/Projects/study/ai/personal-workspace/personal-workspace-app/.venv/lib/python3.12/site-packages/sqlalchemy/orm/state_changes.py", line 137, in _go
    ret_value = fn(self, *arg, **kw)
                │  │      │      └ {'_to_root': True}
                │  │      └ ()
                │  └ <sqlalchemy.orm.session.SessionTransaction object at 0x108e903d0>
                └ <function SessionTransaction.commit at 0x106dcf380>
  File "/Users/sunquanhu/Projects/study/ai/personal-workspace/personal-workspace-app/.venv/lib/python3.12/site-packages/sqlalchemy/orm/session.py", line 1316, in commit
    self._prepare_impl()
    │    └ <function SessionTransaction._prepare_impl at 0x106dcf240>
    └ <sqlalchemy.orm.session.SessionTransaction object at 0x108e903d0>
  File "<string>", line 2, in _prepare_impl
  File "/Users/sunquanhu/Projects/study/ai/personal-workspace/personal-workspace-app/.venv/lib/python3.12/site-packages/sqlalchemy/orm/state_changes.py", line 137, in _go
    ret_value = fn(self, *arg, **kw)
                │  │      │      └ {}
                │  │      └ ()
                │  └ <sqlalchemy.orm.session.SessionTransaction object at 0x108e903d0>
                └ <function SessionTransaction._prepare_impl at 0x106dcf1a0>
  File "/Users/sunquanhu/Projects/study/ai/personal-workspace/personal-workspace-app/.venv/lib/python3.12/site-packages/sqlalchemy/orm/session.py", line 1290, in _prepare_impl
    self.session.flush()
    │    │       └ <function Session.flush at 0x106dd7380>
    │    └ <sqlalchemy.orm.session.Session object at 0x10b6ba990>
    └ <sqlalchemy.orm.session.SessionTransaction object at 0x108e903d0>
  File "/Users/sunquanhu/Projects/study/ai/personal-workspace/personal-workspace-app/.venv/lib/python3.12/site-packages/sqlalchemy/orm/session.py", line 4353, in flush
    self._flush(objects)
    │    │      └ None
    │    └ <function Session._flush at 0x106dd7560>
    └ <sqlalchemy.orm.session.Session object at 0x10b6ba990>
  File "/Users/sunquanhu/Projects/study/ai/personal-workspace/personal-workspace-app/.venv/lib/python3.12/site-packages/sqlalchemy/orm/session.py", line 4488, in _flush
    with util.safe_reraise():
         │    └ <class 'sqlalchemy.util.langhelpers.safe_reraise'>
         └ <module 'sqlalchemy.util' from '/Users/sunquanhu/Projects/study/ai/personal-workspace/personal-workspace-app/.venv/lib/python...
  File "/Users/sunquanhu/Projects/study/ai/personal-workspace/personal-workspace-app/.venv/lib/python3.12/site-packages/sqlalchemy/util/langhelpers.py", line 122, in __exit__
    raise exc_value.with_traceback(exc_tb)
          │         │              └ <traceback object at 0x10b737a40>
          │         └ <method 'with_traceback' of 'BaseException' objects>
          └ StatementError("(builtins.ValueError) could not convert string to float: 'client'")
  File "/Users/sunquanhu/Projects/study/ai/personal-workspace/personal-workspace-app/.venv/lib/python3.12/site-packages/sqlalchemy/orm/session.py", line 4449, in _flush
    flush_context.execute()
    │             └ <function UOWTransaction.execute at 0x106d5b1a0>
    └ <sqlalchemy.orm.unitofwork.UOWTransaction object at 0x10b39bbf0>
  File "/Users/sunquanhu/Projects/study/ai/personal-workspace/personal-workspace-app/.venv/lib/python3.12/site-packages/sqlalchemy/orm/unitofwork.py", line 465, in execute
    rec.execute(self)
    │   │       └ <sqlalchemy.orm.unitofwork.UOWTransaction object at 0x10b39bbf0>
    │   └ <function SaveUpdateAll.execute at 0x106d5bce0>
    └ SaveUpdateAll(Mapper[KnowledgeInfo(kb_doc_test)])
  File "/Users/sunquanhu/Projects/study/ai/personal-workspace/personal-workspace-app/.venv/lib/python3.12/site-packages/sqlalchemy/orm/unitofwork.py", line 641, in execute
    util.preloaded.orm_persistence.save_obj(
    │    │         │               └ <function save_obj at 0x106dbc040>
    │    │         └ <module 'sqlalchemy.orm.persistence' from '/Users/sunquanhu/Projects/study/ai/personal-workspace/personal-workspace-app/.venv...
    │    └ <module 'sqlalchemy.util.preloaded' from '/Users/sunquanhu/Projects/study/ai/personal-workspace/personal-workspace-app/.venv/...
    └ <module 'sqlalchemy.util' from '/Users/sunquanhu/Projects/study/ai/personal-workspace/personal-workspace-app/.venv/lib/python...
  File "/Users/sunquanhu/Projects/study/ai/personal-workspace/personal-workspace-app/.venv/lib/python3.12/site-packages/sqlalchemy/orm/persistence.py", line 94, in save_obj
    _emit_insert_statements(
    └ <function _emit_insert_statements at 0x106dbce00>
  File "/Users/sunquanhu/Projects/study/ai/personal-workspace/personal-workspace-app/.venv/lib/python3.12/site-packages/sqlalchemy/orm/persistence.py", line 1144, in _emit_insert_statements
    result = connection.execute(
             │          └ <function Connection.execute at 0x106a368e0>
             └ <sqlalchemy.engine.base.Connection object at 0x10b39bb60>
  File "/Users/sunquanhu/Projects/study/ai/personal-workspace/personal-workspace-app/.venv/lib/python3.12/site-packages/sqlalchemy/engine/base.py", line 1421, in execute
    return meth(
           └ <bound method ClauseElement._execute_on_connection of <sqlalchemy.sql.dml.Insert object at 0x10b6fa3c0>>
  File "/Users/sunquanhu/Projects/study/ai/personal-workspace/personal-workspace-app/.venv/lib/python3.12/site-packages/sqlalchemy/sql/elements.py", line 526, in _execute_on_connection
    return connection._execute_clauseelement(
           │          └ <function Connection._execute_clauseelement at 0x106a36c00>
           └ <sqlalchemy.engine.base.Connection object at 0x10b39bb60>
  File "/Users/sunquanhu/Projects/study/ai/personal-workspace/personal-workspace-app/.venv/lib/python3.12/site-packages/sqlalchemy/engine/base.py", line 1643, in _execute_clauseelement
    ret = self._execute_context(
          │    └ <function Connection._execute_context at 0x106a36de0>
          └ <sqlalchemy.engine.base.Connection object at 0x10b39bb60>
  File "/Users/sunquanhu/Projects/study/ai/personal-workspace/personal-workspace-app/.venv/lib/python3.12/site-packages/sqlalchemy/engine/base.py", line 1823, in _execute_context
    self._handle_dbapi_exception(
    │    └ <function Connection._handle_dbapi_exception at 0x106a37100>
    └ <sqlalchemy.engine.base.Connection object at 0x10b39bb60>
  File "/Users/sunquanhu/Projects/study/ai/personal-workspace/personal-workspace-app/.venv/lib/python3.12/site-packages/sqlalchemy/engine/base.py", line 2365, in _handle_dbapi_exception
    raise sqlalchemy_exception.with_traceback(exc_info[2]) from e
          │                    │              │                 └ ValueError("could not convert string to float: 'client'")
          │                    │              └ (<class 'ValueError'>, ValueError("could not convert string to float: 'client'"), <traceback object at 0x10b7370c0>)
          │                    └ <method 'with_traceback' of 'BaseException' objects>
          └ StatementError("(builtins.ValueError) could not convert string to float: 'client'")
  File "/Users/sunquanhu/Projects/study/ai/personal-workspace/personal-workspace-app/.venv/lib/python3.12/site-packages/sqlalchemy/engine/base.py", line 1817, in _execute_context
    context = constructor(
              └ <bound method DefaultExecutionContext._init_compiled of <class 'sqlalchemy.dialects.postgresql.asyncpg.PGExecutionContext_asy...
  File "/Users/sunquanhu/Projects/study/ai/personal-workspace/personal-workspace-app/.venv/lib/python3.12/site-packages/sqlalchemy/engine/default.py", line 1496, in _init_compiled
    flattened_processors[key](compiled_params[key])
    │                         └ {'id': 'effb32db-e779-44e5-b60d-a6c244a7f5fe', 'kb_id': '111', 'doc_id': '111', 'text_content': 'ssss', 'embedding': ('client...
    └ {'embedding': <function VECTOR.bind_processor.<locals>.process at 0x10b77a840>, 'metadata': <function JSON._make_bind_process...
  File "/Users/sunquanhu/Projects/study/ai/personal-workspace/personal-workspace-app/.venv/lib/python3.12/site-packages/pgvector/sqlalchemy/vector.py", line 21, in process
    return Vector._to_db(value, self.dim)
           │      │      │      │    └ 1024
           │      │      │      └ VECTOR(dim=1024)
           │      │      └ ('client', <openai.resources.embeddings.Embeddings object at 0x109f7c380>)
           │      └ <classmethod(<function Vector._to_db at 0x10a176b60>)>
           └ <class 'pgvector.utils.vector.Vector'>
  File "/Users/sunquanhu/Projects/study/ai/personal-workspace/personal-workspace-app/.venv/lib/python3.12/site-packages/pgvector/utils/vector.py", line 49, in _to_db
    value = cls(value)
            │   └ ('client', <openai.resources.embeddings.Embeddings object at 0x109f7c380>)
            └ <class 'pgvector.utils.vector.Vector'>
  File "/Users/sunquanhu/Projects/study/ai/personal-workspace/personal-workspace-app/.venv/lib/python3.12/site-packages/pgvector/utils/vector.py", line 9, in __init__
    value = np.asarray(value, dtype='>f4')
            │  │       └ ('client', <openai.resources.embeddings.Embeddings object at 0x109f7c380>)
            │  └ <built-in function asarray>
            └ <module 'numpy' from '/Users/sunquanhu/Projects/study/ai/personal-workspace/personal-workspace-app/.venv/lib/python3.12/site-...

sqlalchemy.exc.StatementError: (builtins.ValueError) could not convert string to float: 'client'
[SQL: INSERT INTO kb_doc_test (id, kb_id, doc_id, text_content, embedding, metadata, chunk_index, create_at) VALUES ($1::VARCHAR, $2::VARCHAR, $3::VARCHAR, $4::VARCHAR, $5, $6::JSONB, $7::INTEGER, $8::TIMESTAMP WITH TIME ZONE) RETURNING kb_doc_test.fts_tokens, kb_doc_test.id]
[parameters: [{'doc_id': '111', 'kb_id': '111', 'id': 'effb32db-e779-44e5-b60d-a6c244a7f5fe', 'embedding': ('client', <openai.resources.embeddings.Embeddings object at 0x109f7c380>), 'chunk_index': 0, 'metadata': {'doc_id': '111', 'kb_id': '111'}, 'text_content': 'ssss', 'create_at': None}, {'doc_id': '111', 'kb_id': '111', 'id': 'ac33d789-ca70-4b88-bc54-594bf650ce96', 'embedding': ('async_client', <openai.resources.embeddings.AsyncEmbeddings object at 0x10b2c3350>), 'chunk_index': 1, 'metadata': {'doc_id': '111', 'kb_id': '111'}, 'text_content': 'ssss', 'create_at': None}, {'doc_id': '111', 'kb_id': '111', 'id': '0982d5cc-dd4e-4613-8a6a-b43511ebdc0d', 'embedding': ('model', 'qwen3.7-text-embedding'), 'chunk_index': 2, 'metadata': {'doc_id': '111', 'kb_id': '111'}, 'text_content': 'ssss', 'create_at': None}, {'doc_id': '111', 'kb_id': '111', 'id': '52db24ad-a62d-4766-9fbe-c7d1aba2c9a2', 'embedding': ('dimensions', 1024), 'chunk_index': 3, 'metadata': {'doc_id': '111', 'kb_id': '111'}, 'text_content': 'ssss', 'create_at': None}, {'doc_id': '111', 'kb_id': '111', 'id': 'd65c9f13-c086-4556-89ef-79a67121ac9e', 'embedding': ('deployment', 'text-embedding-ada-002'), 'chunk_index': 4, 'metadata': {'doc_id': '111', 'kb_id': '111'}, 'text_content': 'ssss', 'create_at': None}, {'doc_id': '111', 'kb_id': '111', 'id': 'e15ed49a-de35-4997-8924-e0682611eb92', 'embedding': ('openai_api_version', None), 'chunk_index': 5, 'metadata': {'doc_id': '111', 'kb_id': '111'}, 'text_content': 'ssss', 'create_at': None}, {'doc_id': '111', 'kb_id': '111', 'id': '49bfa688-7633-42b3-a1bf-830fdf294428', 'embedding': ('openai_api_base', 'https://ws-keazas2jpkiugg8q.cn-beijing.maas.aliyuncs.com/compatible-mode/v1'), 'chunk_index': 6, 'metadata': {'doc_id': '111', 'kb_id': '111'}, 'text_content': 'ssss', 'create_at': None}, {'doc_id': '111', 'kb_id': '111', 'id': '3d061c62-798d-4bf4-b825-cc982a0a5246', 'embedding': ('openai_api_type', None), 'chunk_index': 7, 'metadata': {'doc_id': '111', 'kb_id': '111'}, 'text_content': 'ssss', 'create_at': None}, {'doc_id': '111', 'kb_id': '111', 'id': '6cbe18dd-28a4-4a9b-8595-d48b0e7d0006', 'embedding': ('openai_proxy', None), 'chunk_index': 8, 'metadata': {'doc_id': '111', 'kb_id': '111'}, 'text_content': 'ssss', 'create_at': None}, {'doc_id': '111', 'kb_id': '111', 'id': '604d8798-1cb3-44c5-82db-f010281d87b9', 'embedding': ('embedding_ctx_length', 8191), 'chunk_index': 9, 'metadata': {'doc_id': '111', 'kb_id': '111'}, 'text_content': 'ssss', 'create_at': None}, {'doc_id': '111', 'kb_id': '111', 'id': '4de6f181-a64c-4339-b213-9f1bd4932f02', 'embedding': ('openai_api_key', SecretStr('**********')), 'chunk_index': 10, 'metadata': {'doc_id': '111', 'kb_id': '111'}, 'text_content': 'ssss', 'create_at': None}, {'doc_id': '111', 'kb_id': '111', 'id': '0f29fe91-39e1-401c-912d-c6dee45e405a', 'embedding': ('openai_organization', None), 'chunk_index': 11, 'metadata': {'doc_id': '111', 'kb_id': '111'}, 'text_content': 'ssss', 'create_at': None}, {'doc_id': '111', 'kb_id': '111', 'id': '511472db-2c18-4e18-8a88-f7af9d509d3a', 'embedding': ('allowed_special', None), 'chunk_index': 12, 'metadata': {'doc_id': '111', 'kb_id': '111'}, 'text_content': 'ssss', 'create_at': None}, {'doc_id': '111', 'kb_id': '111', 'id': 'b9b17262-d554-42cc-98af-f469f077ddee', 'embedding': ('disallowed_special', None), 'chunk_index': 13, 'metadata': {'doc_id': '111', 'kb_id': '111'}, 'text_content': 'ssss', 'create_at': None}, {'doc_id': '111', 'kb_id': '111', 'id': '83d4ae66-2659-4ea8-8d6a-cd6b14e413e1', 'embedding': ('chunk_size', 1000), 'chunk_index': 14, 'metadata': {'doc_id': '111', 'kb_id': '111'}, 'text_content': 'ssss', 'create_at': None}, {'doc_id': '111', 'kb_id': '111', 'id': 'f2c46551-131e-41b9-bda0-0dc935864d49', 'embedding': ('max_retries', 2), 'chunk_index': 15, 'metadata': {'doc_id': '111', 'kb_id': '111'}, 'text_content': 'ssss', 'create_at': None}, {'doc_id': '111', 'kb_id': '111', 'id': '446a75f5-3cc7-4490-8586-4d2c5d98bde1', 'embedding': ('request_timeout', None), 'chunk_index': 16, 'metadata': {'doc_id': '111', 'kb_id': '111'}, 'text_content': 'ssss', 'create_at': None}, {'doc_id': '111', 'kb_id': '111', 'id': 'd68a7a95-6239-4fcb-b2a3-8e85b78be7e0', 'embedding': ('headers', None), 'chunk_index': 17, 'metadata': {'doc_id': '111', 'kb_id': '111'}, 'text_content': 'ssss', 'create_at': None}, {'doc_id': '111', 'kb_id': '111', 'id': 'e4d2f887-bc5e-474c-a6d5-f1f33944a581', 'embedding': ('tiktoken_enabled', True), 'chunk_index': 18, 'metadata': {'doc_id': '111', 'kb_id': '111'}, 'text_content': 'ssss', 'create_at': None}, {'doc_id': '111', 'kb_id': '111', 'id': 'b9ae8ae1-d03a-46c7-8f46-053e8da7f4c4', 'embedding': ('tiktoken_model_name', None), 'chunk_index': 19, 'metadata': {'doc_id': '111', 'kb_id': '111'}, 'text_content': 'ssss', 'create_at': None}, {'doc_id': '111', 'kb_id': '111', 'id': '0e4893b4-e316-43de-bc7a-0e7c7d30a346', 'embedding': ('show_progress_bar', False), 'chunk_index': 20, 'metadata': {'doc_id': '111', 'kb_id': '111'}, 'text_content': 'ssss', 'create_at': None}, {'doc_id': '111', 'kb_id': '111', 'id': '3f357c58-3335-44b6-b148-de6f6ae38cc6', 'embedding': ('model_kwargs', {}), 'chunk_index': 21, 'metadata': {'doc_id': '111', 'kb_id': '111'}, 'text_content': 'ssss', 'create_at': None}, {'doc_id': '111', 'kb_id': '111', 'id': '461b90f6-67da-45ce-a704-1e5b064d7951', 'embedding': ('skip_empty', False), 'chunk_index': 22, 'metadata': {'doc_id': '111', 'kb_id': '111'}, 'text_content': 'ssss', 'create_at': None}, {'doc_id': '111', 'kb_id': '111', 'id': 'f9ac6375-a567-416e-9964-8f33ad0c2fd8', 'embedding': ('default_headers', None), 'chunk_index': 23, 'metadata': {'doc_id': '111', 'kb_id': '111'}, 'text_content': 'ssss', 'create_at': None}, {'doc_id': '111', 'kb_id': '111', 'id': '87cb5660-efec-4073-b30b-02f22ff91792', 'embedding': ('default_query', None), 'chunk_index': 24, 'metadata': {'doc_id': '111', 'kb_id': '111'}, 'text_content': 'ssss', 'create_at': None}, {'doc_id': '111', 'kb_id': '111', 'id': '796ecb54-9722-493e-afc8-b3002837fab5', 'embedding': ('retry_min_seconds', 4), 'chunk_index': 25, 'metadata': {'doc_id': '111', 'kb_id': '111'}, 'text_content': 'ssss', 'create_at': None}, {'doc_id': '111', 'kb_id': '111', 'id': '5942bf15-3e52-4369-a845-85258fc17e1b', 'embedding': ('retry_max_seconds', 20), 'chunk_index': 26, 'metadata': {'doc_id': '111', 'kb_id': '111'}, 'text_content': 'ssss', 'create_at': None}, {'doc_id': '111', 'kb_id': '111', 'id': '0d8d3074-c07a-4247-a5fe-54bb29adc86d', 'embedding': ('http_client', None), 'chunk_index': 27, 'metadata': {'doc_id': '111', 'kb_id': '111'}, 'text_content': 'ssss', 'create_at': None}, {'doc_id': '111', 'kb_id': '111', 'id': '4b605378-eaca-4dda-8714-27da7f09354d', 'embedding': ('http_async_client', None), 'chunk_index': 28, 'metadata': {'doc_id': '111', 'kb_id': '111'}, 'text_content': 'ssss', 'create_at': None}, {'doc_id': '111', 'kb_id': '111', 'id': '39cb0bfa-2207-48a5-ae0c-e2fecb8d5543', 'embedding': ('check_embedding_ctx_length', False), 'chunk_index': 29, 'metadata': {'doc_id': '111', 'kb_id': '111'}, 'text_content': 'ssss', 'create_at': None}]]
2026-09-09 19:52:49.111 | ERROR    | [6683f5f57ee544ddad3b03ff00d97120] | personal_workspace_app.core.trace_middleware:dispatch:35 - <== HTTP Failed: POST /api/v1/kb/upload | Error: 'str' object has no attribute 'embedding' | Cost: 319.43ms
2026-09-09 19:52:49.112 | ERROR    | [6683f5f57ee544ddad3b03ff00d97120] | logging:callHandlers:1762 - 【系统未知异常】Path: /api/v1/kb/upload | Error: 'str' object has no attribute 'embedding'
Traceback (most recent call last):

  File "/Users/sunquanhu/.pyenv/versions/3.12.2/lib/python3.12/runpy.py", line 198, in _run_module_as_main
    return _run_code(code, main_globals, None,
           │         │     └ {'__name__': '__main__', '__doc__': None, '__package__': '', '__loader__': <_frozen_importlib_external.SourceFileLoader objec...
           │         └ <code object <module> at 0x109149c50, file "/private/var/folders/7v/223c2ym14gb3wzg9l33myc380000gn/T/debugpy69653884798475276...
           └ <function _run_code at 0x10916e020>
  File "/Users/sunquanhu/.pyenv/versions/3.12.2/lib/python3.12/runpy.py", line 88, in _run_code
    exec(code, run_globals)
         │     └ {'__name__': '__main__', '__doc__': None, '__package__': '', '__loader__': <_frozen_importlib_external.SourceFileLoader objec...
         └ <code object <module> at 0x109149c50, file "/private/var/folders/7v/223c2ym14gb3wzg9l33myc380000gn/T/debugpy69653884798475276...

  File "/private/var/folders/7v/223c2ym14gb3wzg9l33myc380000gn/T/debugpy6965388479847527625/debugpy/adapter/../../debugpy/launcher/../../debugpy/__main__.py", line 71, in <module>
    cli.main()
    │   └ <function main at 0x10ad23ce0>
    └ <module 'debugpy.server.cli' from '/private/var/folders/7v/223c2ym14gb3wzg9l33myc380000gn/T/debugpy6965388479847527625/debugp...

  File "/private/var/folders/7v/223c2ym14gb3wzg9l33myc380000gn/T/debugpy6965388479847527625/debugpy/adapter/../../debugpy/launcher/../../debugpy/../debugpy/server/cli.py", line 542, in main
    run()
    └ <function run_file at 0x10ad23a60>

  File "/private/var/folders/7v/223c2ym14gb3wzg9l33myc380000gn/T/debugpy6965388479847527625/debugpy/adapter/../../debugpy/launcher/../../debugpy/../debugpy/server/cli.py", line 361, in run_file
    runpy.run_path(target, run_name="__main__")
    │     │        └ '/Users/sunquanhu/Projects/study/ai/personal-workspace/personal-workspace-app/src/personal_workspace_app/__main__.py'
    │     └ <function run_path at 0x10a324040>
    └ <module '_pydevd_bundle.pydevd_runpy' from '/private/var/folders/7v/223c2ym14gb3wzg9l33myc380000gn/T/debugpy69653884798475276...

  File "/private/var/folders/7v/223c2ym14gb3wzg9l33myc380000gn/T/debugpy6965388479847527625/debugpy/_vendored/pydevd/_pydevd_bundle/pydevd_runpy.py", line 310, in run_path
    return _run_module_code(code, init_globals, run_name, pkg_name=pkg_name, script_name=fname)
           │                │     │             │                  │                     └ '/Users/sunquanhu/Projects/study/ai/personal-workspace/personal-workspace-app/src/personal_workspace_app/__main__.py'
           │                │     │             │                  └ ''
           │                │     │             └ '__main__'
           │                │     └ None
           │                └ <code object <module> at 0x10ad865b0, file "/Users/sunquanhu/Projects/study/ai/personal-workspace/personal-workspace-app/src/...
           └ <function _run_module_code at 0x10a2ebc40>

  File "/private/var/folders/7v/223c2ym14gb3wzg9l33myc380000gn/T/debugpy6965388479847527625/debugpy/_vendored/pydevd/_pydevd_bundle/pydevd_runpy.py", line 127, in _run_module_code
    _run_code(code, mod_globals, init_globals, mod_name, mod_spec, pkg_name, script_name)
    │         │     │            │             │         │         │         └ '/Users/sunquanhu/Projects/study/ai/personal-workspace/personal-workspace-app/src/personal_workspace_app/__main__.py'
    │         │     │            │             │         │         └ ''
    │         │     │            │             │         └ None
    │         │     │            │             └ '__main__'
    │         │     │            └ None
    │         │     └ {'__name__': '__main__', '__doc__': None, '__package__': '', '__loader__': None, '__spec__': None, '__file__': '/Users/sunqua...
    │         └ <code object <module> at 0x10ad865b0, file "/Users/sunquanhu/Projects/study/ai/personal-workspace/personal-workspace-app/src/...
    └ <function _run_code at 0x10a2eb7e0>

  File "/private/var/folders/7v/223c2ym14gb3wzg9l33myc380000gn/T/debugpy6965388479847527625/debugpy/_vendored/pydevd/_pydevd_bundle/pydevd_runpy.py", line 118, in _run_code
    exec(code, run_globals)
         │     └ {'__name__': '__main__', '__doc__': None, '__package__': '', '__loader__': None, '__spec__': None, '__file__': '/Users/sunqua...
         └ <code object <module> at 0x10ad865b0, file "/Users/sunquanhu/Projects/study/ai/personal-workspace/personal-workspace-app/src/...

  File "/Users/sunquanhu/Projects/study/ai/personal-workspace/personal-workspace-app/src/personal_workspace_app/__main__.py", line 37, in <module>
    uvicorn.run(app, host="0.0.0.0", port=8000, reload=False, loop="asyncio")
    │       │   └ <fastapi.applications.FastAPI object at 0x110ce6720>
    │       └ <function run at 0x10b0840e0>
    └ <module 'uvicorn' from '/Users/sunquanhu/Projects/study/ai/personal-workspace/personal-workspace-app/.venv/lib/python3.12/sit...

  File "/Users/sunquanhu/Projects/study/ai/personal-workspace/personal-workspace-app/.venv/lib/python3.12/site-packages/uvicorn/main.py", line 621, in run
    server.run()
    │      └ <function Server.run at 0x10b0854e0>
    └ <uvicorn.server.Server object at 0x10afae2d0>
  File "/Users/sunquanhu/Projects/study/ai/personal-workspace/personal-workspace-app/.venv/lib/python3.12/site-packages/uvicorn/server.py", line 77, in run
    return asyncio_run(self.serve(sockets=sockets), loop_factory=self.config.get_loop_factory())
           │           │    │             │                      │    │      └ <function Config.get_loop_factory at 0x10afc1620>
           │           │    │             │                      │    └ <uvicorn.config.Config object at 0x1107bc7a0>
           │           │    │             │                      └ <uvicorn.server.Server object at 0x10afae2d0>
           │           │    │             └ None
           │           │    └ <function Server.serve at 0x10b085580>
           │           └ <uvicorn.server.Server object at 0x10afae2d0>
           └ <function run at 0x10ae86980>
  File "/Users/sunquanhu/.pyenv/versions/3.12.2/lib/python3.12/asyncio/runners.py", line 194, in run
    return runner.run(main)
           │      │   └ <coroutine object Server.serve at 0x110cd1d20>
           │      └ <function Runner.run at 0x10aee6de0>
           └ <asyncio.runners.Runner object at 0x110ce5df0>
  File "/Users/sunquanhu/.pyenv/versions/3.12.2/lib/python3.12/asyncio/runners.py", line 118, in run
    return self._loop.run_until_complete(task)
           │    │     │                  └ <Task pending name='Task-1' coro=<Server.serve() running at /Users/sunquanhu/Projects/study/ai/personal-workspace/personal-wo...
           │    │     └ <function BaseEventLoop.run_until_complete at 0x10aee4a40>
           │    └ <_UnixSelectorEventLoop running=True closed=False debug=False>
           └ <asyncio.runners.Runner object at 0x110ce5df0>
  File "/Users/sunquanhu/.pyenv/versions/3.12.2/lib/python3.12/asyncio/base_events.py", line 672, in run_until_complete
    self.run_forever()
    │    └ <function BaseEventLoop.run_forever at 0x10aee49a0>
    └ <_UnixSelectorEventLoop running=True closed=False debug=False>
  File "/Users/sunquanhu/.pyenv/versions/3.12.2/lib/python3.12/asyncio/base_events.py", line 639, in run_forever
    self._run_once()
    │    └ <function BaseEventLoop._run_once at 0x10aee67a0>
    └ <_UnixSelectorEventLoop running=True closed=False debug=False>
  File "/Users/sunquanhu/.pyenv/versions/3.12.2/lib/python3.12/asyncio/base_events.py", line 1985, in _run_once
    handle._run()
    │      └ <function Handle._run at 0x10ae6eb60>
    └ <Handle Task.task_wakeup(<Future finished result=None>)>
  File "/Users/sunquanhu/.pyenv/versions/3.12.2/lib/python3.12/asyncio/events.py", line 88, in _run
    self._context.run(self._callback, *self._args)
    │    │            │    │           │    └ <member '_args' of 'Handle' objects>
    │    │            │    │           └ <Handle Task.task_wakeup(<Future finished result=None>)>
    │    │            │    └ <member '_callback' of 'Handle' objects>
    │    │            └ <Handle Task.task_wakeup(<Future finished result=None>)>
    │    └ <member '_context' of 'Handle' objects>
    └ <Handle Task.task_wakeup(<Future finished result=None>)>
  File "/Users/sunquanhu/Projects/study/ai/personal-workspace/personal-workspace-app/.venv/lib/python3.12/site-packages/uvicorn/protocols/http/httptools_impl.py", line 422, in run_asgi
    result = await app(  # type: ignore[func-returns-value]
                   └ <uvicorn.middleware.proxy_headers.ProxyHeadersMiddleware object at 0x110bb1df0>
  File "/Users/sunquanhu/Projects/study/ai/personal-workspace/personal-workspace-app/.venv/lib/python3.12/site-packages/uvicorn/middleware/proxy_headers.py", line 63, in __call__
    return await self.app(scope, receive, send)
                 │    │   │      │        └ <bound method RequestResponseCycle.send of <uvicorn.protocols.http.httptools_impl.RequestResponseCycle object at 0x110d7bdd0>>
                 │    │   │      └ <bound method RequestResponseCycle.receive of <uvicorn.protocols.http.httptools_impl.RequestResponseCycle object at 0x110d7bd...
                 │    │   └ {'type': 'http', 'asgi': {'version': '3.0', 'spec_version': '2.3'}, 'http_version': '1.1', 'server': ('127.0.0.1', 8000), 'cl...
                 │    └ <fastapi.applications.FastAPI object at 0x110ce6720>
                 └ <uvicorn.middleware.proxy_headers.ProxyHeadersMiddleware object at 0x110bb1df0>
  File "/Users/sunquanhu/Projects/study/ai/personal-workspace/personal-workspace-app/.venv/lib/python3.12/site-packages/fastapi/applications.py", line 1163, in __call__
    await super().__call__(scope, receive, send)
                           │      │        └ <bound method RequestResponseCycle.send of <uvicorn.protocols.http.httptools_impl.RequestResponseCycle object at 0x110d7bdd0>>
                           │      └ <bound method RequestResponseCycle.receive of <uvicorn.protocols.http.httptools_impl.RequestResponseCycle object at 0x110d7bd...
                           └ {'type': 'http', 'asgi': {'version': '3.0', 'spec_version': '2.3'}, 'http_version': '1.1', 'server': ('127.0.0.1', 8000), 'cl...
  File "/Users/sunquanhu/Projects/study/ai/personal-workspace/personal-workspace-app/.venv/lib/python3.12/site-packages/starlette/applications.py", line 96, in __call__
    await self.middleware_stack(scope, receive, send)
          │    │                │      │        └ <bound method RequestResponseCycle.send of <uvicorn.protocols.http.httptools_impl.RequestResponseCycle object at 0x110d7bdd0>>
          │    │                │      └ <bound method RequestResponseCycle.receive of <uvicorn.protocols.http.httptools_impl.RequestResponseCycle object at 0x110d7bd...
          │    │                └ {'type': 'http', 'asgi': {'version': '3.0', 'spec_version': '2.3'}, 'http_version': '1.1', 'server': ('127.0.0.1', 8000), 'cl...
          │    └ <starlette.middleware.errors.ServerErrorMiddleware object at 0x110a5c5f0>
          └ <fastapi.applications.FastAPI object at 0x110ce6720>
> File "/Users/sunquanhu/Projects/study/ai/personal-workspace/personal-workspace-app/.venv/lib/python3.12/site-packages/starlette/middleware/errors.py", line 164, in __call__
    await self.app(scope, receive, _send)
          │    │   │      │        └ <function ServerErrorMiddleware.__call__.<locals>._send at 0x110ceb420>
          │    │   │      └ <bound method RequestResponseCycle.receive of <uvicorn.protocols.http.httptools_impl.RequestResponseCycle object at 0x110d7bd...
          │    │   └ {'type': 'http', 'asgi': {'version': '3.0', 'spec_version': '2.3'}, 'http_version': '1.1', 'server': ('127.0.0.1', 8000), 'cl...
          │    └ <personal_workspace_app.core.trace_middleware.TraceAndLogMiddleware object at 0x110d7b680>
          └ <starlette.middleware.errors.ServerErrorMiddleware object at 0x110a5c5f0>
  File "/Users/sunquanhu/Projects/study/ai/personal-workspace/personal-workspace-app/.venv/lib/python3.12/site-packages/starlette/middleware/base.py", line 193, in __call__
    response = await self.dispatch_func(request, call_next)
                     │    │             │        └ <function BaseHTTPMiddleware.__call__.<locals>.call_next at 0x110d8cae0>
                     │    │             └ <starlette.middleware.base._CachedRequest object at 0x110d7bfb0>
                     │    └ <bound method TraceAndLogMiddleware.dispatch of <personal_workspace_app.core.trace_middleware.TraceAndLogMiddleware object at...
                     └ <personal_workspace_app.core.trace_middleware.TraceAndLogMiddleware object at 0x110d7b680>

  File "/Users/sunquanhu/Projects/study/ai/personal-workspace/personal-workspace-app/src/personal_workspace_app/core/trace_middleware.py", line 37, in dispatch
    raise exc

  File "/Users/sunquanhu/Projects/study/ai/personal-workspace/personal-workspace-app/src/personal_workspace_app/core/trace_middleware.py", line 22, in dispatch
    response = await call_next(request)
                     │         └ <starlette.middleware.base._CachedRequest object at 0x110d7bfb0>
                     └ <function BaseHTTPMiddleware.__call__.<locals>.call_next at 0x110d8cae0>

  File "/Users/sunquanhu/Projects/study/ai/personal-workspace/personal-workspace-app/.venv/lib/python3.12/site-packages/starlette/middleware/base.py", line 168, in call_next
    raise app_exc from app_exc.__cause__ or app_exc.__context__
          │            │       │            │       └ <attribute '__context__' of 'BaseException' objects>
          │            │       │            └ AttributeError("'str' object has no attribute 'embedding'")
          │            │       └ <attribute '__cause__' of 'BaseException' objects>
          │            └ AttributeError("'str' object has no attribute 'embedding'")
          └ AttributeError("'str' object has no attribute 'embedding'")
  File "/Users/sunquanhu/Projects/study/ai/personal-workspace/personal-workspace-app/.venv/lib/python3.12/site-packages/starlette/middleware/base.py", line 144, in coro
    await self.app(scope, receive_or_disconnect, send_no_error)
          │    │   │      │                      └ <function BaseHTTPMiddleware.__call__.<locals>.call_next.<locals>.send_no_error at 0x110e06020>
          │    │   │      └ <function BaseHTTPMiddleware.__call__.<locals>.call_next.<locals>.receive_or_disconnect at 0x110da7740>
          │    │   └ {'type': 'http', 'asgi': {'version': '3.0', 'spec_version': '2.3'}, 'http_version': '1.1', 'server': ('127.0.0.1', 8000), 'cl...
          │    └ <starlette.middleware.exceptions.ExceptionMiddleware object at 0x110d7b710>
          └ <personal_workspace_app.core.trace_middleware.TraceAndLogMiddleware object at 0x110d7b680>
  File "/Users/sunquanhu/Projects/study/ai/personal-workspace/personal-workspace-app/.venv/lib/python3.12/site-packages/starlette/middleware/exceptions.py", line 63, in __call__
    await wrap_app_handling_exceptions(self.app, conn)(scope, receive, send)
          │                            │    │    │     │      │        └ <function BaseHTTPMiddleware.__call__.<locals>.call_next.<locals>.send_no_error at 0x110e06020>
          │                            │    │    │     │      └ <function BaseHTTPMiddleware.__call__.<locals>.call_next.<locals>.receive_or_disconnect at 0x110da7740>
          │                            │    │    │     └ {'type': 'http', 'asgi': {'version': '3.0', 'spec_version': '2.3'}, 'http_version': '1.1', 'server': ('127.0.0.1', 8000), 'cl...
          │                            │    │    └ <starlette.requests.Request object at 0x110ce7c50>
          │                            │    └ <fastapi.middleware.asyncexitstack.AsyncExitStackMiddleware object at 0x110d7b6e0>
          │                            └ <starlette.middleware.exceptions.ExceptionMiddleware object at 0x110d7b710>
          └ <function wrap_app_handling_exceptions at 0x10bd54fe0>
  File "/Users/sunquanhu/Projects/study/ai/personal-workspace/personal-workspace-app/.venv/lib/python3.12/site-packages/starlette/_exception_handler.py", line 53, in wrapped_app
    raise exc
  File "/Users/sunquanhu/Projects/study/ai/personal-workspace/personal-workspace-app/.venv/lib/python3.12/site-packages/starlette/_exception_handler.py", line 42, in wrapped_app
    await app(scope, receive, sender)
          │   │      │        └ <function wrap_app_handling_exceptions.<locals>.wrapped_app.<locals>.sender at 0x110ceb100>
          │   │      └ <function BaseHTTPMiddleware.__call__.<locals>.call_next.<locals>.receive_or_disconnect at 0x110da7740>
          │   └ {'type': 'http', 'asgi': {'version': '3.0', 'spec_version': '2.3'}, 'http_version': '1.1', 'server': ('127.0.0.1', 8000), 'cl...
          └ <fastapi.middleware.asyncexitstack.AsyncExitStackMiddleware object at 0x110d7b6e0>
  File "/Users/sunquanhu/Projects/study/ai/personal-workspace/personal-workspace-app/.venv/lib/python3.12/site-packages/fastapi/middleware/asyncexitstack.py", line 18, in __call__
    await self.app(scope, receive, send)
          │    │   │      │        └ <function wrap_app_handling_exceptions.<locals>.wrapped_app.<locals>.sender at 0x110ceb100>
          │    │   │      └ <function BaseHTTPMiddleware.__call__.<locals>.call_next.<locals>.receive_or_disconnect at 0x110da7740>
          │    │   └ {'type': 'http', 'asgi': {'version': '3.0', 'spec_version': '2.3'}, 'http_version': '1.1', 'server': ('127.0.0.1', 8000), 'cl...
          │    └ <fastapi.routing.APIRouter object at 0x110ce6810>
          └ <fastapi.middleware.asyncexitstack.AsyncExitStackMiddleware object at 0x110d7b6e0>
  File "/Users/sunquanhu/Projects/study/ai/personal-workspace/personal-workspace-app/.venv/lib/python3.12/site-packages/starlette/routing.py", line 670, in __call__
    await self.middleware_stack(scope, receive, send)
          │    │                │      │        └ <function wrap_app_handling_exceptions.<locals>.wrapped_app.<locals>.sender at 0x110ceb100>
          │    │                │      └ <function BaseHTTPMiddleware.__call__.<locals>.call_next.<locals>.receive_or_disconnect at 0x110da7740>
          │    │                └ {'type': 'http', 'asgi': {'version': '3.0', 'spec_version': '2.3'}, 'http_version': '1.1', 'server': ('127.0.0.1', 8000), 'cl...
          │    └ <bound method APIRouter.app of <fastapi.routing.APIRouter object at 0x110ce6810>>
          └ <fastapi.routing.APIRouter object at 0x110ce6810>
  File "/Users/sunquanhu/Projects/study/ai/personal-workspace/personal-workspace-app/.venv/lib/python3.12/site-packages/fastapi/routing.py", line 2734, in app
    await route.handle(scope, receive, send)
          │     │      │      │        └ <function wrap_app_handling_exceptions.<locals>.wrapped_app.<locals>.sender at 0x110ceb100>
          │     │      │      └ <function BaseHTTPMiddleware.__call__.<locals>.call_next.<locals>.receive_or_disconnect at 0x110da7740>
          │     │      └ {'type': 'http', 'asgi': {'version': '3.0', 'spec_version': '2.3'}, 'http_version': '1.1', 'server': ('127.0.0.1', 8000), 'cl...
          │     └ <function _IncludedRouter.handle at 0x10bd93e20>
          └ _IncludedRouter(original_router=<fastapi.routing.APIRouter object at 0x110c7eed0>, include_context=_RouterIncludeContext(incl...
  File "/Users/sunquanhu/Projects/study/ai/personal-workspace/personal-workspace-app/.venv/lib/python3.12/site-packages/fastapi/routing.py", line 1780, in handle
    await self.original_router.handle(scope, receive, send)
          │    │               │      │      │        └ <function wrap_app_handling_exceptions.<locals>.wrapped_app.<locals>.sender at 0x110ceb100>
          │    │               │      │      └ <function BaseHTTPMiddleware.__call__.<locals>.call_next.<locals>.receive_or_disconnect at 0x110da7740>
          │    │               │      └ {'type': 'http', 'asgi': {'version': '3.0', 'spec_version': '2.3'}, 'http_version': '1.1', 'server': ('127.0.0.1', 8000), 'cl...
          │    │               └ <function APIRouter.handle at 0x10bda9ee0>
          │    └ <fastapi.routing.APIRouter object at 0x110c7eed0>
          └ _IncludedRouter(original_router=<fastapi.routing.APIRouter object at 0x110c7eed0>, include_context=_RouterIncludeContext(incl...
  File "/Users/sunquanhu/Projects/study/ai/personal-workspace/personal-workspace-app/.venv/lib/python3.12/site-packages/fastapi/routing.py", line 2789, in handle
    await included_router._handle_selected(scope, receive, send)
          │               │                │      │        └ <function wrap_app_handling_exceptions.<locals>.wrapped_app.<locals>.sender at 0x110ceb100>
          │               │                │      └ <function BaseHTTPMiddleware.__call__.<locals>.call_next.<locals>.receive_or_disconnect at 0x110da7740>
          │               │                └ {'type': 'http', 'asgi': {'version': '3.0', 'spec_version': '2.3'}, 'http_version': '1.1', 'server': ('127.0.0.1', 8000), 'cl...
          │               └ <function _IncludedRouter._handle_selected at 0x10bd93ec0>
          └ _IncludedRouter(original_router=<fastapi.routing.APIRouter object at 0x110c7eed0>, include_context=_RouterIncludeContext(incl...
  File "/Users/sunquanhu/Projects/study/ai/personal-workspace/personal-workspace-app/.venv/lib/python3.12/site-packages/fastapi/routing.py", line 1800, in _handle_selected
    await original_route.handle(scope, receive, send)
          │              │      │      │        └ <function wrap_app_handling_exceptions.<locals>.wrapped_app.<locals>.sender at 0x110ceb100>
          │              │      │      └ <function BaseHTTPMiddleware.__call__.<locals>.call_next.<locals>.receive_or_disconnect at 0x110da7740>
          │              │      └ {'type': 'http', 'asgi': {'version': '3.0', 'spec_version': '2.3'}, 'http_version': '1.1', 'server': ('127.0.0.1', 8000), 'cl...
          │              └ <function APIRoute.handle at 0x10bd91f80>
          └ APIRoute(path='/kb/upload', name='kb_upload_endpoint', methods=['POST'])
  File "/Users/sunquanhu/Projects/study/ai/personal-workspace/personal-workspace-app/.venv/lib/python3.12/site-packages/fastapi/routing.py", line 1279, in handle
    await app(scope, receive, send)
          │   │      │        └ <function wrap_app_handling_exceptions.<locals>.wrapped_app.<locals>.sender at 0x110ceb100>
          │   │      └ <function BaseHTTPMiddleware.__call__.<locals>.call_next.<locals>.receive_or_disconnect at 0x110da7740>
          │   └ {'type': 'http', 'asgi': {'version': '3.0', 'spec_version': '2.3'}, 'http_version': '1.1', 'server': ('127.0.0.1', 8000), 'cl...
          └ <function request_response.<locals>.app at 0x110e06660>
  File "/Users/sunquanhu/Projects/study/ai/personal-workspace/personal-workspace-app/.venv/lib/python3.12/site-packages/fastapi/routing.py", line 158, in app
    await wrap_app_handling_exceptions(app, request)(scope, receive, send)
          │                            │    │        │      │        └ <function wrap_app_handling_exceptions.<locals>.wrapped_app.<locals>.sender at 0x110ceb100>
          │                            │    │        │      └ <function BaseHTTPMiddleware.__call__.<locals>.call_next.<locals>.receive_or_disconnect at 0x110da7740>
          │                            │    │        └ {'type': 'http', 'asgi': {'version': '3.0', 'spec_version': '2.3'}, 'http_version': '1.1', 'server': ('127.0.0.1', 8000), 'cl...
          │                            │    └ <starlette.requests.Request object at 0x110dee690>
          │                            └ <function request_response.<locals>.app.<locals>.app at 0x110e06480>
          └ <function wrap_app_handling_exceptions at 0x10bd54fe0>
  File "/Users/sunquanhu/Projects/study/ai/personal-workspace/personal-workspace-app/.venv/lib/python3.12/site-packages/starlette/_exception_handler.py", line 53, in wrapped_app
    raise exc
  File "/Users/sunquanhu/Projects/study/ai/personal-workspace/personal-workspace-app/.venv/lib/python3.12/site-packages/starlette/_exception_handler.py", line 42, in wrapped_app
    await app(scope, receive, sender)
          │   │      │        └ <function wrap_app_handling_exceptions.<locals>.wrapped_app.<locals>.sender at 0x110e067a0>
          │   │      └ <function BaseHTTPMiddleware.__call__.<locals>.call_next.<locals>.receive_or_disconnect at 0x110da7740>
          │   └ {'type': 'http', 'asgi': {'version': '3.0', 'spec_version': '2.3'}, 'http_version': '1.1', 'server': ('127.0.0.1', 8000), 'cl...
          └ <function request_response.<locals>.app.<locals>.app at 0x110e06480>
  File "/Users/sunquanhu/Projects/study/ai/personal-workspace/personal-workspace-app/.venv/lib/python3.12/site-packages/fastapi/routing.py", line 144, in app
    response = await f(request)
                     │ └ <starlette.requests.Request object at 0x110dee690>
                     └ <function get_request_handler.<locals>.app at 0x110e065c0>
  File "/Users/sunquanhu/Projects/study/ai/personal-workspace/personal-workspace-app/.venv/lib/python3.12/site-packages/fastapi/routing.py", line 706, in app
    raw_response = await run_endpoint_function(
                         └ <function run_endpoint_function at 0x10bd91300>
  File "/Users/sunquanhu/Projects/study/ai/personal-workspace/personal-workspace-app/.venv/lib/python3.12/site-packages/fastapi/routing.py", line 352, in run_endpoint_function
    return await dependant.call(**values)
                 │         │      └ {'db': <sqlalchemy.ext.asyncio.session.AsyncSession object at 0x110deec60>, 'kb_id': '111', 'doc_id': '111', 'file': UploadFi...
                 │         └ <member 'call' of 'Dependant' objects>
                 └ Dependant(path_params=[], query_params=[], header_params=[], cookie_params=[], body_params=[ModelField(field_info=Form(Pydant...

  File "/Users/sunquanhu/Projects/study/ai/personal-workspace/personal-workspace-app/src/personal_workspace_app/api/endpoints/kb_endpoints.py", line 41, in kb_upload_endpoint
    saveKb(kb_id=kb_id,doc_id=doc_id,context=text_content,db=db)
    │            │            │              │               └ <sqlalchemy.ext.asyncio.session.AsyncSession object at 0x110deec60>
    │            │            │              └ '你是一个三好学生'
    │            │            └ '111'
    │            └ '111'
    └ <function saveKb at 0x10fb93880>

  File "/Users/sunquanhu/Projects/study/ai/personal-workspace/personal-workspace-app/src/personal_workspace_app/services/kb/KbService.py", line 48, in saveKb
    embedding=vector[0].embedding,
              └ ('client', <openai.resources.embeddings.Embeddings object at 0x10fa5ab40>)

AttributeError: 'str' object has no attribute 'embedding'
2026-09-09 19:53:14.264 | ERROR    | [6b489c32f9b744cbab7bc2bb40120491] | logging:callHandlers:1762 - 【系统未知异常】Path: /api/v1/kb/upload | Error: (builtins.ValueError) could not convert string to float: 'client'
[SQL: INSERT INTO kb_doc_test (id, kb_id, doc_id, text_content, embedding, metadata, chunk_index, create_at) VALUES ($1::VARCHAR, $2::VARCHAR, $3::VARCHAR, $4::VARCHAR, $5, $6::JSONB, $7::INTEGER, $8::TIMESTAMP WITH TIME ZONE) RETURNING kb_doc_test.fts_tokens, kb_doc_test.id]
[parameters: [{'text_content': 'ssss', 'doc_id': '111', 'chunk_index': 0, 'kb_id': '111', 'embedding': 'client', 'metadata': {'doc_id': '111', 'kb_id': '111'}, 'id': 'd3e458d0-6b42-4376-8ab6-1fa05eb324ec', 'create_at': None}, {'text_content': 'ssss', 'doc_id': '111', 'chunk_index': 1, 'kb_id': '111', 'embedding': 'async_client', 'metadata': {'doc_id': '111', 'kb_id': '111'}, 'id': 'ee1ed2e1-8c54-42b5-b623-6bdf375a7d6e', 'create_at': None}, {'text_content': 'ssss', 'doc_id': '111', 'chunk_index': 2, 'kb_id': '111', 'embedding': 'model', 'metadata': {'doc_id': '111', 'kb_id': '111'}, 'id': 'acab73c6-0aa1-452a-860a-a1cd40f36a77', 'create_at': None}, {'text_content': 'ssss', 'doc_id': '111', 'chunk_index': 3, 'kb_id': '111', 'embedding': 'dimensions', 'metadata': {'doc_id': '111', 'kb_id': '111'}, 'id': '1e7c10e6-5991-4d2b-9e29-daae7425fe0f', 'create_at': None}, {'text_content': 'ssss', 'doc_id': '111', 'chunk_index': 4, 'kb_id': '111', 'embedding': 'deployment', 'metadata': {'doc_id': '111', 'kb_id': '111'}, 'id': '8f07e934-53cd-4804-b357-830217950c50', 'create_at': None}, {'text_content': 'ssss', 'doc_id': '111', 'chunk_index': 5, 'kb_id': '111', 'embedding': 'openai_api_version', 'metadata': {'doc_id': '111', 'kb_id': '111'}, 'id': '445aaedd-9591-49e0-aeba-12b3b9909145', 'create_at': None}, {'text_content': 'ssss', 'doc_id': '111', 'chunk_index': 6, 'kb_id': '111', 'embedding': 'openai_api_base', 'metadata': {'doc_id': '111', 'kb_id': '111'}, 'id': '5ea25fc7-11ef-49b9-accb-71567dcc13d9', 'create_at': None}, {'text_content': 'ssss', 'doc_id': '111', 'chunk_index': 7, 'kb_id': '111', 'embedding': 'openai_api_type', 'metadata': {'doc_id': '111', 'kb_id': '111'}, 'id': 'cb4ef797-5883-4a5d-8eae-c3a73061719c', 'create_at': None}, {'text_content': 'ssss', 'doc_id': '111', 'chunk_index': 8, 'kb_id': '111', 'embedding': 'openai_proxy', 'metadata': {'doc_id': '111', 'kb_id': '111'}, 'id': '36492698-6e2a-4a53-91c0-4c5d900a0800', 'create_at': None}, {'text_content': 'ssss', 'doc_id': '111', 'chunk_index': 9, 'kb_id': '111', 'embedding': 'embedding_ctx_length', 'metadata': {'doc_id': '111', 'kb_id': '111'}, 'id': '08e6c967-41ab-4dd7-a621-4abab139beb7', 'create_at': None}, {'text_content': 'ssss', 'doc_id': '111', 'chunk_index': 10, 'kb_id': '111', 'embedding': 'openai_api_key', 'metadata': {'doc_id': '111', 'kb_id': '111'}, 'id': '4e8cbe5d-c331-4f49-b2ea-3ae1286c1ae9', 'create_at': None}, {'text_content': 'ssss', 'doc_id': '111', 'chunk_index': 11, 'kb_id': '111', 'embedding': 'openai_organization', 'metadata': {'doc_id': '111', 'kb_id': '111'}, 'id': '7f17c591-8b48-4e3a-9805-5b3f274cdfe4', 'create_at': None}, {'text_content': 'ssss', 'doc_id': '111', 'chunk_index': 12, 'kb_id': '111', 'embedding': 'allowed_special', 'metadata': {'doc_id': '111', 'kb_id': '111'}, 'id': '622c82f5-14bb-4748-b411-9b51007d7360', 'create_at': None}, {'text_content': 'ssss', 'doc_id': '111', 'chunk_index': 13, 'kb_id': '111', 'embedding': 'disallowed_special', 'metadata': {'doc_id': '111', 'kb_id': '111'}, 'id': 'a88884e3-4990-4496-8752-be1b359a63ef', 'create_at': None}, {'text_content': 'ssss', 'doc_id': '111', 'chunk_index': 14, 'kb_id': '111', 'embedding': 'chunk_size', 'metadata': {'doc_id': '111', 'kb_id': '111'}, 'id': 'f4881cd1-d803-448a-aafd-117b62b5317b', 'create_at': None}, {'text_content': 'ssss', 'doc_id': '111', 'chunk_index': 15, 'kb_id': '111', 'embedding': 'max_retries', 'metadata': {'doc_id': '111', 'kb_id': '111'}, 'id': 'ff3f8721-8805-4e5f-9e87-521edddc536a', 'create_at': None}, {'text_content': 'ssss', 'doc_id': '111', 'chunk_index': 16, 'kb_id': '111', 'embedding': 'request_timeout', 'metadata': {'doc_id': '111', 'kb_id': '111'}, 'id': 'ce69aa12-0210-443a-b0c2-1ae3905f4476', 'create_at': None}, {'text_content': 'ssss', 'doc_id': '111', 'chunk_index': 17, 'kb_id': '111', 'embedding': 'headers', 'metadata': {'doc_id': '111', 'kb_id': '111'}, 'id': 'bdd9a7b3-7e39-49ee-ac7d-041ccd949288', 'create_at': None}, {'text_content': 'ssss', 'doc_id': '111', 'chunk_index': 18, 'kb_id': '111', 'embedding': 'tiktoken_enabled', 'metadata': {'doc_id': '111', 'kb_id': '111'}, 'id': '05a0e476-7703-477f-a9ef-530f0fd1454e', 'create_at': None}, {'text_content': 'ssss', 'doc_id': '111', 'chunk_index': 19, 'kb_id': '111', 'embedding': 'tiktoken_model_name', 'metadata': {'doc_id': '111', 'kb_id': '111'}, 'id': 'afbdaab7-4d66-47a0-beee-c7e80d6dd203', 'create_at': None}, {'text_content': 'ssss', 'doc_id': '111', 'chunk_index': 20, 'kb_id': '111', 'embedding': 'show_progress_bar', 'metadata': {'doc_id': '111', 'kb_id': '111'}, 'id': 'fdf516ed-6d5f-4ea6-ab44-ad8bf431db2d', 'create_at': None}, {'text_content': 'ssss', 'doc_id': '111', 'chunk_index': 21, 'kb_id': '111', 'embedding': 'model_kwargs', 'metadata': {'doc_id': '111', 'kb_id': '111'}, 'id': 'aaa8489d-6916-4c24-b6a2-1b275885653c', 'create_at': None}, {'text_content': 'ssss', 'doc_id': '111', 'chunk_index': 22, 'kb_id': '111', 'embedding': 'skip_empty', 'metadata': {'doc_id': '111', 'kb_id': '111'}, 'id': 'a4c714c0-2a1e-4272-91d5-c36a6b464b4f', 'create_at': None}, {'text_content': 'ssss', 'doc_id': '111', 'chunk_index': 23, 'kb_id': '111', 'embedding': 'default_headers', 'metadata': {'doc_id': '111', 'kb_id': '111'}, 'id': '4a4883fd-1f43-40cc-9d91-c5e202aa4d08', 'create_at': None}, {'text_content': 'ssss', 'doc_id': '111', 'chunk_index': 24, 'kb_id': '111', 'embedding': 'default_query', 'metadata': {'doc_id': '111', 'kb_id': '111'}, 'id': 'd05fddd0-4e52-49f8-8198-c95be262772c', 'create_at': None}, {'text_content': 'ssss', 'doc_id': '111', 'chunk_index': 25, 'kb_id': '111', 'embedding': 'retry_min_seconds', 'metadata': {'doc_id': '111', 'kb_id': '111'}, 'id': 'dfebbb42-fabe-4bc7-8ee4-36d95bb6d16e', 'create_at': None}, {'text_content': 'ssss', 'doc_id': '111', 'chunk_index': 26, 'kb_id': '111', 'embedding': 'retry_max_seconds', 'metadata': {'doc_id': '111', 'kb_id': '111'}, 'id': '511ad4f7-a90e-4164-85f1-50baec608844', 'create_at': None}, {'text_content': 'ssss', 'doc_id': '111', 'chunk_index': 27, 'kb_id': '111', 'embedding': 'http_client', 'metadata': {'doc_id': '111', 'kb_id': '111'}, 'id': 'a25411b7-b2f5-4a71-b192-2e87919de8eb', 'create_at': None}, {'text_content': 'ssss', 'doc_id': '111', 'chunk_index': 28, 'kb_id': '111', 'embedding': 'http_async_client', 'metadata': {'doc_id': '111', 'kb_id': '111'}, 'id': '834c85ac-9e0f-4d7a-b847-78c42489e839', 'create_at': None}, {'text_content': 'ssss', 'doc_id': '111', 'chunk_index': 29, 'kb_id': '111', 'embedding': 'check_embedding_ctx_length', 'metadata': {'doc_id': '111', 'kb_id': '111'}, 'id': '53d93fe8-3c38-4f2e-ae53-9dbcd3cfb6ae', 'create_at': None}]]
Traceback (most recent call last):

  File "/Users/sunquanhu/Projects/study/ai/personal-workspace/personal-workspace-app/.venv/lib/python3.12/site-packages/sqlalchemy/engine/base.py", line 1817, in _execute_context
    context = constructor(
              └ <bound method DefaultExecutionContext._init_compiled of <class 'sqlalchemy.dialects.postgresql.asyncpg.PGExecutionContext_asy...
  File "/Users/sunquanhu/Projects/study/ai/personal-workspace/personal-workspace-app/.venv/lib/python3.12/site-packages/sqlalchemy/engine/default.py", line 1496, in _init_compiled
    flattened_processors[key](compiled_params[key])
    │                         └ {'id': 'd3e458d0-6b42-4376-8ab6-1fa05eb324ec', 'kb_id': '111', 'doc_id': '111', 'text_content': 'ssss', 'embedding': 'client'...
    └ {'embedding': <function VECTOR.bind_processor.<locals>.process at 0x117e22840>, 'metadata': <function JSON._make_bind_process...
  File "/Users/sunquanhu/Projects/study/ai/personal-workspace/personal-workspace-app/.venv/lib/python3.12/site-packages/pgvector/sqlalchemy/vector.py", line 21, in process
    return Vector._to_db(value, self.dim)
           │      │      │      │    └ 1024
           │      │      │      └ VECTOR(dim=1024)
           │      │      └ 'client'
           │      └ <classmethod(<function Vector._to_db at 0x116a3ab60>)>
           └ <class 'pgvector.utils.vector.Vector'>
  File "/Users/sunquanhu/Projects/study/ai/personal-workspace/personal-workspace-app/.venv/lib/python3.12/site-packages/pgvector/utils/vector.py", line 49, in _to_db
    value = cls(value)
            │   └ 'client'
            └ <class 'pgvector.utils.vector.Vector'>
  File "/Users/sunquanhu/Projects/study/ai/personal-workspace/personal-workspace-app/.venv/lib/python3.12/site-packages/pgvector/utils/vector.py", line 9, in __init__
    value = np.asarray(value, dtype='>f4')
            │  │       └ 'client'
            │  └ <built-in function asarray>
            └ <module 'numpy' from '/Users/sunquanhu/Projects/study/ai/personal-workspace/personal-workspace-app/.venv/lib/python3.12/site-...

ValueError: could not convert string to float: 'client'


The above exception was the direct cause of the following exception:


Traceback (most recent call last):

  File "/Users/sunquanhu/.pyenv/versions/3.12.2/lib/python3.12/runpy.py", line 198, in _run_module_as_main
    return _run_code(code, main_globals, None,
           │         │     └ {'__name__': '__main__', '__doc__': None, '__package__': '', '__loader__': <_frozen_importlib_external.SourceFileLoader objec...
           │         └ <code object <module> at 0x110039c50, file "/private/var/folders/7v/223c2ym14gb3wzg9l33myc380000gn/T/debugpy69653884798475276...
           └ <function _run_code at 0x11005e020>
  File "/Users/sunquanhu/.pyenv/versions/3.12.2/lib/python3.12/runpy.py", line 88, in _run_code
    exec(code, run_globals)
         │     └ {'__name__': '__main__', '__doc__': None, '__package__': '', '__loader__': <_frozen_importlib_external.SourceFileLoader objec...
         └ <code object <module> at 0x110039c50, file "/private/var/folders/7v/223c2ym14gb3wzg9l33myc380000gn/T/debugpy69653884798475276...

  File "/private/var/folders/7v/223c2ym14gb3wzg9l33myc380000gn/T/debugpy6965388479847527625/debugpy/adapter/../../debugpy/launcher/../../debugpy/__main__.py", line 71, in <module>
    cli.main()
    │   └ <function main at 0x111c1fce0>
    └ <module 'debugpy.server.cli' from '/private/var/folders/7v/223c2ym14gb3wzg9l33myc380000gn/T/debugpy6965388479847527625/debugp...

  File "/private/var/folders/7v/223c2ym14gb3wzg9l33myc380000gn/T/debugpy6965388479847527625/debugpy/adapter/../../debugpy/launcher/../../debugpy/../debugpy/server/cli.py", line 542, in main
    run()
    └ <function run_file at 0x111c1fa60>

  File "/private/var/folders/7v/223c2ym14gb3wzg9l33myc380000gn/T/debugpy6965388479847527625/debugpy/adapter/../../debugpy/launcher/../../debugpy/../debugpy/server/cli.py", line 361, in run_file
    runpy.run_path(target, run_name="__main__")
    │     │        └ '/Users/sunquanhu/Projects/study/ai/personal-workspace/personal-workspace-app/src/personal_workspace_app/__main__.py'
    │     └ <function run_path at 0x111224040>
    └ <module '_pydevd_bundle.pydevd_runpy' from '/private/var/folders/7v/223c2ym14gb3wzg9l33myc380000gn/T/debugpy69653884798475276...

  File "/private/var/folders/7v/223c2ym14gb3wzg9l33myc380000gn/T/debugpy6965388479847527625/debugpy/_vendored/pydevd/_pydevd_bundle/pydevd_runpy.py", line 310, in run_path
    return _run_module_code(code, init_globals, run_name, pkg_name=pkg_name, script_name=fname)
           │                │     │             │                  │                     └ '/Users/sunquanhu/Projects/study/ai/personal-workspace/personal-workspace-app/src/personal_workspace_app/__main__.py'
           │                │     │             │                  └ ''
           │                │     │             └ '__main__'
           │                │     └ None
           │                └ <code object <module> at 0x111c825b0, file "/Users/sunquanhu/Projects/study/ai/personal-workspace/personal-workspace-app/src/...
           └ <function _run_module_code at 0x1111ebc40>

  File "/private/var/folders/7v/223c2ym14gb3wzg9l33myc380000gn/T/debugpy6965388479847527625/debugpy/_vendored/pydevd/_pydevd_bundle/pydevd_runpy.py", line 127, in _run_module_code
    _run_code(code, mod_globals, init_globals, mod_name, mod_spec, pkg_name, script_name)
    │         │     │            │             │         │         │         └ '/Users/sunquanhu/Projects/study/ai/personal-workspace/personal-workspace-app/src/personal_workspace_app/__main__.py'
    │         │     │            │             │         │         └ ''
    │         │     │            │             │         └ None
    │         │     │            │             └ '__main__'
    │         │     │            └ None
    │         │     └ {'__name__': '__main__', '__doc__': None, '__package__': '', '__loader__': None, '__spec__': None, '__file__': '/Users/sunqua...
    │         └ <code object <module> at 0x111c825b0, file "/Users/sunquanhu/Projects/study/ai/personal-workspace/personal-workspace-app/src/...
    └ <function _run_code at 0x1111eb7e0>

  File "/private/var/folders/7v/223c2ym14gb3wzg9l33myc380000gn/T/debugpy6965388479847527625/debugpy/_vendored/pydevd/_pydevd_bundle/pydevd_runpy.py", line 118, in _run_code
    exec(code, run_globals)
         │     └ {'__name__': '__main__', '__doc__': None, '__package__': '', '__loader__': None, '__spec__': None, '__file__': '/Users/sunqua...
         └ <code object <module> at 0x111c825b0, file "/Users/sunquanhu/Projects/study/ai/personal-workspace/personal-workspace-app/src/...

  File "/Users/sunquanhu/Projects/study/ai/personal-workspace/personal-workspace-app/src/personal_workspace_app/__main__.py", line 37, in <module>
    uvicorn.run(app, host="0.0.0.0", port=8000, reload=False, loop="asyncio")
    │       │   └ <fastapi.applications.FastAPI object at 0x117b868a0>
    │       └ <function run at 0x111f800e0>
    └ <module 'uvicorn' from '/Users/sunquanhu/Projects/study/ai/personal-workspace/personal-workspace-app/.venv/lib/python3.12/sit...

  File "/Users/sunquanhu/Projects/study/ai/personal-workspace/personal-workspace-app/.venv/lib/python3.12/site-packages/uvicorn/main.py", line 621, in run
    server.run()
    │      └ <function Server.run at 0x111f814e0>
    └ <uvicorn.server.Server object at 0x117c2f710>
  File "/Users/sunquanhu/Projects/study/ai/personal-workspace/personal-workspace-app/.venv/lib/python3.12/site-packages/uvicorn/server.py", line 77, in run
    return asyncio_run(self.serve(sockets=sockets), loop_factory=self.config.get_loop_factory())
           │           │    │             │                      │    │      └ <function Config.get_loop_factory at 0x111ebd620>
           │           │    │             │                      │    └ <uvicorn.config.Config object at 0x1178475c0>
           │           │    │             │                      └ <uvicorn.server.Server object at 0x117c2f710>
           │           │    │             └ None
           │           │    └ <function Server.serve at 0x111f81580>
           │           └ <uvicorn.server.Server object at 0x117c2f710>
           └ <function run at 0x111d82980>
  File "/Users/sunquanhu/.pyenv/versions/3.12.2/lib/python3.12/asyncio/runners.py", line 194, in run
    return runner.run(main)
           │      │   └ <coroutine object Server.serve at 0x117c49d20>
           │      └ <function Runner.run at 0x111de2de0>
           └ <asyncio.runners.Runner object at 0x117803440>
  File "/Users/sunquanhu/.pyenv/versions/3.12.2/lib/python3.12/asyncio/runners.py", line 118, in run
    return self._loop.run_until_complete(task)
           │    │     │                  └ <Task pending name='Task-1' coro=<Server.serve() running at /Users/sunquanhu/Projects/study/ai/personal-workspace/personal-wo...
           │    │     └ <function BaseEventLoop.run_until_complete at 0x111de0a40>
           │    └ <_UnixSelectorEventLoop running=True closed=False debug=False>
           └ <asyncio.runners.Runner object at 0x117803440>
  File "/Users/sunquanhu/.pyenv/versions/3.12.2/lib/python3.12/asyncio/base_events.py", line 672, in run_until_complete
    self.run_forever()
    │    └ <function BaseEventLoop.run_forever at 0x111de09a0>
    └ <_UnixSelectorEventLoop running=True closed=False debug=False>
  File "/Users/sunquanhu/.pyenv/versions/3.12.2/lib/python3.12/asyncio/base_events.py", line 639, in run_forever
    self._run_once()
    │    └ <function BaseEventLoop._run_once at 0x111de27a0>
    └ <_UnixSelectorEventLoop running=True closed=False debug=False>
  File "/Users/sunquanhu/.pyenv/versions/3.12.2/lib/python3.12/asyncio/base_events.py", line 1985, in _run_once
    handle._run()
    │      └ <function Handle._run at 0x111d6ab60>
    └ <Handle Task.task_wakeup(<Future finished result=None>)>
  File "/Users/sunquanhu/.pyenv/versions/3.12.2/lib/python3.12/asyncio/events.py", line 88, in _run
    self._context.run(self._callback, *self._args)
    │    │            │    │           │    └ <member '_args' of 'Handle' objects>
    │    │            │    │           └ <Handle Task.task_wakeup(<Future finished result=None>)>
    │    │            │    └ <member '_callback' of 'Handle' objects>
    │    │            └ <Handle Task.task_wakeup(<Future finished result=None>)>
    │    └ <member '_context' of 'Handle' objects>
    └ <Handle Task.task_wakeup(<Future finished result=None>)>
  File "/Users/sunquanhu/Projects/study/ai/personal-workspace/personal-workspace-app/.venv/lib/python3.12/site-packages/uvicorn/protocols/http/httptools_impl.py", line 422, in run_asgi
    result = await app(  # type: ignore[func-returns-value]
                   └ <uvicorn.middleware.proxy_headers.ProxyHeadersMiddleware object at 0x117bf7470>
  File "/Users/sunquanhu/Projects/study/ai/personal-workspace/personal-workspace-app/.venv/lib/python3.12/site-packages/uvicorn/middleware/proxy_headers.py", line 63, in __call__
    return await self.app(scope, receive, send)
                 │    │   │      │        └ <bound method RequestResponseCycle.send of <uvicorn.protocols.http.httptools_impl.RequestResponseCycle object at 0x117cefc20>>
                 │    │   │      └ <bound method RequestResponseCycle.receive of <uvicorn.protocols.http.httptools_impl.RequestResponseCycle object at 0x117cefc...
                 │    │   └ {'type': 'http', 'asgi': {'version': '3.0', 'spec_version': '2.3'}, 'http_version': '1.1', 'server': ('127.0.0.1', 8000), 'cl...
                 │    └ <fastapi.applications.FastAPI object at 0x117b868a0>
                 └ <uvicorn.middleware.proxy_headers.ProxyHeadersMiddleware object at 0x117bf7470>
  File "/Users/sunquanhu/Projects/study/ai/personal-workspace/personal-workspace-app/.venv/lib/python3.12/site-packages/fastapi/applications.py", line 1163, in __call__
    await super().__call__(scope, receive, send)
                           │      │        └ <bound method RequestResponseCycle.send of <uvicorn.protocols.http.httptools_impl.RequestResponseCycle object at 0x117cefc20>>
                           │      └ <bound method RequestResponseCycle.receive of <uvicorn.protocols.http.httptools_impl.RequestResponseCycle object at 0x117cefc...
                           └ {'type': 'http', 'asgi': {'version': '3.0', 'spec_version': '2.3'}, 'http_version': '1.1', 'server': ('127.0.0.1', 8000), 'cl...
  File "/Users/sunquanhu/Projects/study/ai/personal-workspace/personal-workspace-app/.venv/lib/python3.12/site-packages/starlette/applications.py", line 96, in __call__
    await self.middleware_stack(scope, receive, send)
          │    │                │      │        └ <bound method RequestResponseCycle.send of <uvicorn.protocols.http.httptools_impl.RequestResponseCycle object at 0x117cefc20>>
          │    │                │      └ <bound method RequestResponseCycle.receive of <uvicorn.protocols.http.httptools_impl.RequestResponseCycle object at 0x117cefc...
          │    │                └ {'type': 'http', 'asgi': {'version': '3.0', 'spec_version': '2.3'}, 'http_version': '1.1', 'server': ('127.0.0.1', 8000), 'cl...
          │    └ <starlette.middleware.errors.ServerErrorMiddleware object at 0x117cef590>
          └ <fastapi.applications.FastAPI object at 0x117b868a0>
> File "/Users/sunquanhu/Projects/study/ai/personal-workspace/personal-workspace-app/.venv/lib/python3.12/site-packages/starlette/middleware/errors.py", line 164, in __call__
    await self.app(scope, receive, _send)
          │    │   │      │        └ <function ServerErrorMiddleware.__call__.<locals>._send at 0x117d18040>
          │    │   │      └ <bound method RequestResponseCycle.receive of <uvicorn.protocols.http.httptools_impl.RequestResponseCycle object at 0x117cefc...
          │    │   └ {'type': 'http', 'asgi': {'version': '3.0', 'spec_version': '2.3'}, 'http_version': '1.1', 'server': ('127.0.0.1', 8000), 'cl...
          │    └ <personal_workspace_app.core.trace_middleware.TraceAndLogMiddleware object at 0x117c50620>
          └ <starlette.middleware.errors.ServerErrorMiddleware object at 0x117cef590>
  File "/Users/sunquanhu/Projects/study/ai/personal-workspace/personal-workspace-app/.venv/lib/python3.12/site-packages/starlette/middleware/base.py", line 198, in __call__
    raise app_exc
          └ StatementError("(builtins.ValueError) could not convert string to float: 'client'")
  File "/Users/sunquanhu/Projects/study/ai/personal-workspace/personal-workspace-app/.venv/lib/python3.12/site-packages/starlette/middleware/base.py", line 144, in coro
    await self.app(scope, receive_or_disconnect, send_no_error)
          │    │   │      │                      └ <function BaseHTTPMiddleware.__call__.<locals>.call_next.<locals>.send_no_error at 0x117d76020>
          │    │   │      └ <function BaseHTTPMiddleware.__call__.<locals>.call_next.<locals>.receive_or_disconnect at 0x117d1b740>
          │    │   └ {'type': 'http', 'asgi': {'version': '3.0', 'spec_version': '2.3'}, 'http_version': '1.1', 'server': ('127.0.0.1', 8000), 'cl...
          │    └ <starlette.middleware.exceptions.ExceptionMiddleware object at 0x117cef5f0>
          └ <personal_workspace_app.core.trace_middleware.TraceAndLogMiddleware object at 0x117c50620>
  File "/Users/sunquanhu/Projects/study/ai/personal-workspace/personal-workspace-app/.venv/lib/python3.12/site-packages/starlette/middleware/exceptions.py", line 63, in __call__
    await wrap_app_handling_exceptions(self.app, conn)(scope, receive, send)
          │                            │    │    │     │      │        └ <function BaseHTTPMiddleware.__call__.<locals>.call_next.<locals>.send_no_error at 0x117d76020>
          │                            │    │    │     │      └ <function BaseHTTPMiddleware.__call__.<locals>.call_next.<locals>.receive_or_disconnect at 0x117d1b740>
          │                            │    │    │     └ {'type': 'http', 'asgi': {'version': '3.0', 'spec_version': '2.3'}, 'http_version': '1.1', 'server': ('127.0.0.1', 8000), 'cl...
          │                            │    │    └ <starlette.requests.Request object at 0x117c53cb0>
          │                            │    └ <fastapi.middleware.asyncexitstack.AsyncExitStackMiddleware object at 0x117cbdb20>
          │                            └ <starlette.middleware.exceptions.ExceptionMiddleware object at 0x117cef5f0>
          └ <function wrap_app_handling_exceptions at 0x112c40fe0>
  File "/Users/sunquanhu/Projects/study/ai/personal-workspace/personal-workspace-app/.venv/lib/python3.12/site-packages/starlette/_exception_handler.py", line 53, in wrapped_app
    raise exc
  File "/Users/sunquanhu/Projects/study/ai/personal-workspace/personal-workspace-app/.venv/lib/python3.12/site-packages/starlette/_exception_handler.py", line 42, in wrapped_app
    await app(scope, receive, sender)
          │   │      │        └ <function wrap_app_handling_exceptions.<locals>.wrapped_app.<locals>.sender at 0x117d762a0>
          │   │      └ <function BaseHTTPMiddleware.__call__.<locals>.call_next.<locals>.receive_or_disconnect at 0x117d1b740>
          │   └ {'type': 'http', 'asgi': {'version': '3.0', 'spec_version': '2.3'}, 'http_version': '1.1', 'server': ('127.0.0.1', 8000), 'cl...
          └ <fastapi.middleware.asyncexitstack.AsyncExitStackMiddleware object at 0x117cbdb20>
  File "/Users/sunquanhu/Projects/study/ai/personal-workspace/personal-workspace-app/.venv/lib/python3.12/site-packages/fastapi/middleware/asyncexitstack.py", line 18, in __call__
    await self.app(scope, receive, send)
          │    │   │      │        └ <function wrap_app_handling_exceptions.<locals>.wrapped_app.<locals>.sender at 0x117d762a0>
          │    │   │      └ <function BaseHTTPMiddleware.__call__.<locals>.call_next.<locals>.receive_or_disconnect at 0x117d1b740>
          │    │   └ {'type': 'http', 'asgi': {'version': '3.0', 'spec_version': '2.3'}, 'http_version': '1.1', 'server': ('127.0.0.1', 8000), 'cl...
          │    └ <fastapi.routing.APIRouter object at 0x117a69730>
          └ <fastapi.middleware.asyncexitstack.AsyncExitStackMiddleware object at 0x117cbdb20>
  File "/Users/sunquanhu/Projects/study/ai/personal-workspace/personal-workspace-app/.venv/lib/python3.12/site-packages/starlette/routing.py", line 670, in __call__
    await self.middleware_stack(scope, receive, send)
          │    │                │      │        └ <function wrap_app_handling_exceptions.<locals>.wrapped_app.<locals>.sender at 0x117d762a0>
          │    │                │      └ <function BaseHTTPMiddleware.__call__.<locals>.call_next.<locals>.receive_or_disconnect at 0x117d1b740>
          │    │                └ {'type': 'http', 'asgi': {'version': '3.0', 'spec_version': '2.3'}, 'http_version': '1.1', 'server': ('127.0.0.1', 8000), 'cl...
          │    └ <bound method APIRouter.app of <fastapi.routing.APIRouter object at 0x117a69730>>
          └ <fastapi.routing.APIRouter object at 0x117a69730>
  File "/Users/sunquanhu/Projects/study/ai/personal-workspace/personal-workspace-app/.venv/lib/python3.12/site-packages/fastapi/routing.py", line 2734, in app
    await route.handle(scope, receive, send)
          │     │      │      │        └ <function wrap_app_handling_exceptions.<locals>.wrapped_app.<locals>.sender at 0x117d762a0>
          │     │      │      └ <function BaseHTTPMiddleware.__call__.<locals>.call_next.<locals>.receive_or_disconnect at 0x117d1b740>
          │     │      └ {'type': 'http', 'asgi': {'version': '3.0', 'spec_version': '2.3'}, 'http_version': '1.1', 'server': ('127.0.0.1', 8000), 'cl...
          │     └ <function _IncludedRouter.handle at 0x112c83e20>
          └ _IncludedRouter(original_router=<fastapi.routing.APIRouter object at 0x1162d0d40>, include_context=_RouterIncludeContext(incl...
  File "/Users/sunquanhu/Projects/study/ai/personal-workspace/personal-workspace-app/.venv/lib/python3.12/site-packages/fastapi/routing.py", line 1780, in handle
    await self.original_router.handle(scope, receive, send)
          │    │               │      │      │        └ <function wrap_app_handling_exceptions.<locals>.wrapped_app.<locals>.sender at 0x117d762a0>
          │    │               │      │      └ <function BaseHTTPMiddleware.__call__.<locals>.call_next.<locals>.receive_or_disconnect at 0x117d1b740>
          │    │               │      └ {'type': 'http', 'asgi': {'version': '3.0', 'spec_version': '2.3'}, 'http_version': '1.1', 'server': ('127.0.0.1', 8000), 'cl...
          │    │               └ <function APIRouter.handle at 0x112ca5ee0>
          │    └ <fastapi.routing.APIRouter object at 0x1162d0d40>
          └ _IncludedRouter(original_router=<fastapi.routing.APIRouter object at 0x1162d0d40>, include_context=_RouterIncludeContext(incl...
  File "/Users/sunquanhu/Projects/study/ai/personal-workspace/personal-workspace-app/.venv/lib/python3.12/site-packages/fastapi/routing.py", line 2789, in handle
    await included_router._handle_selected(scope, receive, send)
          │               │                │      │        └ <function wrap_app_handling_exceptions.<locals>.wrapped_app.<locals>.sender at 0x117d762a0>
          │               │                │      └ <function BaseHTTPMiddleware.__call__.<locals>.call_next.<locals>.receive_or_disconnect at 0x117d1b740>
          │               │                └ {'type': 'http', 'asgi': {'version': '3.0', 'spec_version': '2.3'}, 'http_version': '1.1', 'server': ('127.0.0.1', 8000), 'cl...
          │               └ <function _IncludedRouter._handle_selected at 0x112c83ec0>
          └ _IncludedRouter(original_router=<fastapi.routing.APIRouter object at 0x1162d0d40>, include_context=_RouterIncludeContext(incl...
  File "/Users/sunquanhu/Projects/study/ai/personal-workspace/personal-workspace-app/.venv/lib/python3.12/site-packages/fastapi/routing.py", line 1800, in _handle_selected
    await original_route.handle(scope, receive, send)
          │              │      │      │        └ <function wrap_app_handling_exceptions.<locals>.wrapped_app.<locals>.sender at 0x117d762a0>
          │              │      │      └ <function BaseHTTPMiddleware.__call__.<locals>.call_next.<locals>.receive_or_disconnect at 0x117d1b740>
          │              │      └ {'type': 'http', 'asgi': {'version': '3.0', 'spec_version': '2.3'}, 'http_version': '1.1', 'server': ('127.0.0.1', 8000), 'cl...
          │              └ <function APIRoute.handle at 0x112c81f80>
          └ APIRoute(path='/kb/upload', name='kb_upload_endpoint', methods=['POST'])
  File "/Users/sunquanhu/Projects/study/ai/personal-workspace/personal-workspace-app/.venv/lib/python3.12/site-packages/fastapi/routing.py", line 1279, in handle
    await app(scope, receive, send)
          │   │      │        └ <function wrap_app_handling_exceptions.<locals>.wrapped_app.<locals>.sender at 0x117d762a0>
          │   │      └ <function BaseHTTPMiddleware.__call__.<locals>.call_next.<locals>.receive_or_disconnect at 0x117d1b740>
          │   └ {'type': 'http', 'asgi': {'version': '3.0', 'spec_version': '2.3'}, 'http_version': '1.1', 'server': ('127.0.0.1', 8000), 'cl...
          └ <function request_response.<locals>.app at 0x117d76700>
  File "/Users/sunquanhu/Projects/study/ai/personal-workspace/personal-workspace-app/.venv/lib/python3.12/site-packages/fastapi/routing.py", line 158, in app
    await wrap_app_handling_exceptions(app, request)(scope, receive, send)
          │                            │    │        │      │        └ <function wrap_app_handling_exceptions.<locals>.wrapped_app.<locals>.sender at 0x117d762a0>
          │                            │    │        │      └ <function BaseHTTPMiddleware.__call__.<locals>.call_next.<locals>.receive_or_disconnect at 0x117d1b740>
          │                            │    │        └ {'type': 'http', 'asgi': {'version': '3.0', 'spec_version': '2.3'}, 'http_version': '1.1', 'server': ('127.0.0.1', 8000), 'cl...
          │                            │    └ <starlette.requests.Request object at 0x117d620c0>
          │                            └ <function request_response.<locals>.app.<locals>.app at 0x117d76520>
          └ <function wrap_app_handling_exceptions at 0x112c40fe0>
  File "/Users/sunquanhu/Projects/study/ai/personal-workspace/personal-workspace-app/.venv/lib/python3.12/site-packages/starlette/_exception_handler.py", line 53, in wrapped_app
    raise exc
  File "/Users/sunquanhu/Projects/study/ai/personal-workspace/personal-workspace-app/.venv/lib/python3.12/site-packages/starlette/_exception_handler.py", line 42, in wrapped_app
    await app(scope, receive, sender)
          │   │      │        └ <function wrap_app_handling_exceptions.<locals>.wrapped_app.<locals>.sender at 0x117d76840>
          │   │      └ <function BaseHTTPMiddleware.__call__.<locals>.call_next.<locals>.receive_or_disconnect at 0x117d1b740>
          │   └ {'type': 'http', 'asgi': {'version': '3.0', 'spec_version': '2.3'}, 'http_version': '1.1', 'server': ('127.0.0.1', 8000), 'cl...
          └ <function request_response.<locals>.app.<locals>.app at 0x117d76520>
  File "/Users/sunquanhu/Projects/study/ai/personal-workspace/personal-workspace-app/.venv/lib/python3.12/site-packages/fastapi/routing.py", line 140, in app
    async with AsyncExitStack() as request_stack:
               │                   └ <contextlib.AsyncExitStack object at 0x117d62630>
               └ <class 'contextlib.AsyncExitStack'>
  File "/Users/sunquanhu/.pyenv/versions/3.12.2/lib/python3.12/contextlib.py", line 754, in __aexit__
    raise exc_details[1]
          └ (<class 'sqlalchemy.exc.StatementError'>, StatementError("(builtins.ValueError) could not convert string to float: 'client'")...
  File "/Users/sunquanhu/.pyenv/versions/3.12.2/lib/python3.12/contextlib.py", line 737, in __aexit__
    cb_suppress = await cb(*exc_details)
                        │   └ (<class 'sqlalchemy.exc.StatementError'>, StatementError("(builtins.ValueError) could not convert string to float: 'client'")...
                        └ <bound method _AsyncGeneratorContextManager.__aexit__ of <contextlib._AsyncGeneratorContextManager object at 0x117d62c90>>
  File "/Users/sunquanhu/.pyenv/versions/3.12.2/lib/python3.12/contextlib.py", line 217, in __aexit__
    await anext(self.gen)
                │    └ <async_generator object get_db at 0x117d71a80>
                └ <contextlib._AsyncGeneratorContextManager object at 0x117d62c90>

  File "/Users/sunquanhu/Projects/study/ai/personal-workspace/personal-workspace-app/src/personal_workspace_app/infrastructure/db/session.py", line 33, in get_db
    await session.commit()
          │       └ <function AsyncSession.commit at 0x113734220>
          └ <sqlalchemy.ext.asyncio.session.AsyncSession object at 0x117d629f0>

  File "/Users/sunquanhu/Projects/study/ai/personal-workspace/personal-workspace-app/.venv/lib/python3.12/site-packages/sqlalchemy/ext/asyncio/session.py", line 999, in commit
    await greenlet_spawn(self.sync_session.commit)
          │              │    │            └ <function Session.commit at 0x1136304a0>
          │              │    └ <sqlalchemy.orm.session.Session object at 0x117d62f90>
          │              └ <sqlalchemy.ext.asyncio.session.AsyncSession object at 0x117d629f0>
          └ <function greenlet_spawn at 0x112d882c0>
  File "/Users/sunquanhu/Projects/study/ai/personal-workspace/personal-workspace-app/.venv/lib/python3.12/site-packages/sqlalchemy/util/_concurrency_py3k.py", line 203, in greenlet_spawn
    result = context.switch(value)
             │       │      └ None
             │       └ <method 'switch' of 'greenlet.greenlet' objects>
             └ <_AsyncIoGreenlet object at 0x117d7cd80 (otid=0x600000ab2610) dead>
  File "/Users/sunquanhu/Projects/study/ai/personal-workspace/personal-workspace-app/.venv/lib/python3.12/site-packages/sqlalchemy/orm/session.py", line 2035, in commit
    trans.commit(_to_root=True)
    │     └ <function SessionTransaction.commit at 0x11362b420>
    └ <sqlalchemy.orm.session.SessionTransaction object at 0x117d64f50>
  File "<string>", line 2, in commit
  File "/Users/sunquanhu/Projects/study/ai/personal-workspace/personal-workspace-app/.venv/lib/python3.12/site-packages/sqlalchemy/orm/state_changes.py", line 137, in _go
    ret_value = fn(self, *arg, **kw)
                │  │      │      └ {'_to_root': True}
                │  │      └ ()
                │  └ <sqlalchemy.orm.session.SessionTransaction object at 0x117d64f50>
                └ <function SessionTransaction.commit at 0x11362b380>
  File "/Users/sunquanhu/Projects/study/ai/personal-workspace/personal-workspace-app/.venv/lib/python3.12/site-packages/sqlalchemy/orm/session.py", line 1316, in commit
    self._prepare_impl()
    │    └ <function SessionTransaction._prepare_impl at 0x11362b240>
    └ <sqlalchemy.orm.session.SessionTransaction object at 0x117d64f50>
  File "<string>", line 2, in _prepare_impl
  File "/Users/sunquanhu/Projects/study/ai/personal-workspace/personal-workspace-app/.venv/lib/python3.12/site-packages/sqlalchemy/orm/state_changes.py", line 137, in _go
    ret_value = fn(self, *arg, **kw)
                │  │      │      └ {}
                │  │      └ ()
                │  └ <sqlalchemy.orm.session.SessionTransaction object at 0x117d64f50>
                └ <function SessionTransaction._prepare_impl at 0x11362b1a0>
  File "/Users/sunquanhu/Projects/study/ai/personal-workspace/personal-workspace-app/.venv/lib/python3.12/site-packages/sqlalchemy/orm/session.py", line 1290, in _prepare_impl
    self.session.flush()
    │    │       └ <function Session.flush at 0x113633380>
    │    └ <sqlalchemy.orm.session.Session object at 0x117d62f90>
    └ <sqlalchemy.orm.session.SessionTransaction object at 0x117d64f50>
  File "/Users/sunquanhu/Projects/study/ai/personal-workspace/personal-workspace-app/.venv/lib/python3.12/site-packages/sqlalchemy/orm/session.py", line 4353, in flush
    self._flush(objects)
    │    │      └ None
    │    └ <function Session._flush at 0x113633560>
    └ <sqlalchemy.orm.session.Session object at 0x117d62f90>
  File "/Users/sunquanhu/Projects/study/ai/personal-workspace/personal-workspace-app/.venv/lib/python3.12/site-packages/sqlalchemy/orm/session.py", line 4488, in _flush
    with util.safe_reraise():
         │    └ <class 'sqlalchemy.util.langhelpers.safe_reraise'>
         └ <module 'sqlalchemy.util' from '/Users/sunquanhu/Projects/study/ai/personal-workspace/personal-workspace-app/.venv/lib/python...
  File "/Users/sunquanhu/Projects/study/ai/personal-workspace/personal-workspace-app/.venv/lib/python3.12/site-packages/sqlalchemy/util/langhelpers.py", line 122, in __exit__
    raise exc_value.with_traceback(exc_tb)
          │         │              └ <traceback object at 0x117dcdd80>
          │         └ <method 'with_traceback' of 'BaseException' objects>
          └ StatementError("(builtins.ValueError) could not convert string to float: 'client'")
  File "/Users/sunquanhu/Projects/study/ai/personal-workspace/personal-workspace-app/.venv/lib/python3.12/site-packages/sqlalchemy/orm/session.py", line 4449, in _flush
    flush_context.execute()
    │             └ <function UOWTransaction.execute at 0x1135b31a0>
    └ <sqlalchemy.orm.unitofwork.UOWTransaction object at 0x117c2db80>
  File "/Users/sunquanhu/Projects/study/ai/personal-workspace/personal-workspace-app/.venv/lib/python3.12/site-packages/sqlalchemy/orm/unitofwork.py", line 465, in execute
    rec.execute(self)
    │   │       └ <sqlalchemy.orm.unitofwork.UOWTransaction object at 0x117c2db80>
    │   └ <function SaveUpdateAll.execute at 0x1135b3ce0>
    └ SaveUpdateAll(Mapper[KnowledgeInfo(kb_doc_test)])
  File "/Users/sunquanhu/Projects/study/ai/personal-workspace/personal-workspace-app/.venv/lib/python3.12/site-packages/sqlalchemy/orm/unitofwork.py", line 641, in execute
    util.preloaded.orm_persistence.save_obj(
    │    │         │               └ <function save_obj at 0x113618040>
    │    │         └ <module 'sqlalchemy.orm.persistence' from '/Users/sunquanhu/Projects/study/ai/personal-workspace/personal-workspace-app/.venv...
    │    └ <module 'sqlalchemy.util.preloaded' from '/Users/sunquanhu/Projects/study/ai/personal-workspace/personal-workspace-app/.venv/...
    └ <module 'sqlalchemy.util' from '/Users/sunquanhu/Projects/study/ai/personal-workspace/personal-workspace-app/.venv/lib/python...
  File "/Users/sunquanhu/Projects/study/ai/personal-workspace/personal-workspace-app/.venv/lib/python3.12/site-packages/sqlalchemy/orm/persistence.py", line 94, in save_obj
    _emit_insert_statements(
    └ <function _emit_insert_statements at 0x113618e00>
  File "/Users/sunquanhu/Projects/study/ai/personal-workspace/personal-workspace-app/.venv/lib/python3.12/site-packages/sqlalchemy/orm/persistence.py", line 1144, in _emit_insert_statements
    result = connection.execute(
             │          └ <function Connection.execute at 0x1132828e0>
             └ <sqlalchemy.engine.base.Connection object at 0x117d26e40>
  File "/Users/sunquanhu/Projects/study/ai/personal-workspace/personal-workspace-app/.venv/lib/python3.12/site-packages/sqlalchemy/engine/base.py", line 1421, in execute
    return meth(
           └ <bound method ClauseElement._execute_on_connection of <sqlalchemy.sql.dml.Insert object at 0x117da2b40>>
  File "/Users/sunquanhu/Projects/study/ai/personal-workspace/personal-workspace-app/.venv/lib/python3.12/site-packages/sqlalchemy/sql/elements.py", line 526, in _execute_on_connection
    return connection._execute_clauseelement(
           │          └ <function Connection._execute_clauseelement at 0x113282c00>
           └ <sqlalchemy.engine.base.Connection object at 0x117d26e40>
  File "/Users/sunquanhu/Projects/study/ai/personal-workspace/personal-workspace-app/.venv/lib/python3.12/site-packages/sqlalchemy/engine/base.py", line 1643, in _execute_clauseelement
    ret = self._execute_context(
          │    └ <function Connection._execute_context at 0x113282de0>
          └ <sqlalchemy.engine.base.Connection object at 0x117d26e40>
  File "/Users/sunquanhu/Projects/study/ai/personal-workspace/personal-workspace-app/.venv/lib/python3.12/site-packages/sqlalchemy/engine/base.py", line 1823, in _execute_context
    self._handle_dbapi_exception(
    │    └ <function Connection._handle_dbapi_exception at 0x113283100>
    └ <sqlalchemy.engine.base.Connection object at 0x117d26e40>
  File "/Users/sunquanhu/Projects/study/ai/personal-workspace/personal-workspace-app/.venv/lib/python3.12/site-packages/sqlalchemy/engine/base.py", line 2365, in _handle_dbapi_exception
    raise sqlalchemy_exception.with_traceback(exc_info[2]) from e
          │                    │              │                 └ ValueError("could not convert string to float: 'client'")
          │                    │              └ (<class 'ValueError'>, ValueError("could not convert string to float: 'client'"), <traceback object at 0x117e17640>)
          │                    └ <method 'with_traceback' of 'BaseException' objects>
          └ StatementError("(builtins.ValueError) could not convert string to float: 'client'")
  File "/Users/sunquanhu/Projects/study/ai/personal-workspace/personal-workspace-app/.venv/lib/python3.12/site-packages/sqlalchemy/engine/base.py", line 1817, in _execute_context
    context = constructor(
              └ <bound method DefaultExecutionContext._init_compiled of <class 'sqlalchemy.dialects.postgresql.asyncpg.PGExecutionContext_asy...
  File "/Users/sunquanhu/Projects/study/ai/personal-workspace/personal-workspace-app/.venv/lib/python3.12/site-packages/sqlalchemy/engine/default.py", line 1496, in _init_compiled
    flattened_processors[key](compiled_params[key])
    │                         └ {'id': 'd3e458d0-6b42-4376-8ab6-1fa05eb324ec', 'kb_id': '111', 'doc_id': '111', 'text_content': 'ssss', 'embedding': 'client'...
    └ {'embedding': <function VECTOR.bind_processor.<locals>.process at 0x117e22840>, 'metadata': <function JSON._make_bind_process...
  File "/Users/sunquanhu/Projects/study/ai/personal-workspace/personal-workspace-app/.venv/lib/python3.12/site-packages/pgvector/sqlalchemy/vector.py", line 21, in process
    return Vector._to_db(value, self.dim)
           │      │      │      │    └ 1024
           │      │      │      └ VECTOR(dim=1024)
           │      │      └ 'client'
           │      └ <classmethod(<function Vector._to_db at 0x116a3ab60>)>
           └ <class 'pgvector.utils.vector.Vector'>
  File "/Users/sunquanhu/Projects/study/ai/personal-workspace/personal-workspace-app/.venv/lib/python3.12/site-packages/pgvector/utils/vector.py", line 49, in _to_db
    value = cls(value)
            │   └ 'client'
            └ <class 'pgvector.utils.vector.Vector'>
  File "/Users/sunquanhu/Projects/study/ai/personal-workspace/personal-workspace-app/.venv/lib/python3.12/site-packages/pgvector/utils/vector.py", line 9, in __init__
    value = np.asarray(value, dtype='>f4')
            │  │       └ 'client'
            │  └ <built-in function asarray>
            └ <module 'numpy' from '/Users/sunquanhu/Projects/study/ai/personal-workspace/personal-workspace-app/.venv/lib/python3.12/site-...

sqlalchemy.exc.StatementError: (builtins.ValueError) could not convert string to float: 'client'
[SQL: INSERT INTO kb_doc_test (id, kb_id, doc_id, text_content, embedding, metadata, chunk_index, create_at) VALUES ($1::VARCHAR, $2::VARCHAR, $3::VARCHAR, $4::VARCHAR, $5, $6::JSONB, $7::INTEGER, $8::TIMESTAMP WITH TIME ZONE) RETURNING kb_doc_test.fts_tokens, kb_doc_test.id]
[parameters: [{'text_content': 'ssss', 'doc_id': '111', 'chunk_index': 0, 'kb_id': '111', 'embedding': 'client', 'metadata': {'doc_id': '111', 'kb_id': '111'}, 'id': 'd3e458d0-6b42-4376-8ab6-1fa05eb324ec', 'create_at': None}, {'text_content': 'ssss', 'doc_id': '111', 'chunk_index': 1, 'kb_id': '111', 'embedding': 'async_client', 'metadata': {'doc_id': '111', 'kb_id': '111'}, 'id': 'ee1ed2e1-8c54-42b5-b623-6bdf375a7d6e', 'create_at': None}, {'text_content': 'ssss', 'doc_id': '111', 'chunk_index': 2, 'kb_id': '111', 'embedding': 'model', 'metadata': {'doc_id': '111', 'kb_id': '111'}, 'id': 'acab73c6-0aa1-452a-860a-a1cd40f36a77', 'create_at': None}, {'text_content': 'ssss', 'doc_id': '111', 'chunk_index': 3, 'kb_id': '111', 'embedding': 'dimensions', 'metadata': {'doc_id': '111', 'kb_id': '111'}, 'id': '1e7c10e6-5991-4d2b-9e29-daae7425fe0f', 'create_at': None}, {'text_content': 'ssss', 'doc_id': '111', 'chunk_index': 4, 'kb_id': '111', 'embedding': 'deployment', 'metadata': {'doc_id': '111', 'kb_id': '111'}, 'id': '8f07e934-53cd-4804-b357-830217950c50', 'create_at': None}, {'text_content': 'ssss', 'doc_id': '111', 'chunk_index': 5, 'kb_id': '111', 'embedding': 'openai_api_version', 'metadata': {'doc_id': '111', 'kb_id': '111'}, 'id': '445aaedd-9591-49e0-aeba-12b3b9909145', 'create_at': None}, {'text_content': 'ssss', 'doc_id': '111', 'chunk_index': 6, 'kb_id': '111', 'embedding': 'openai_api_base', 'metadata': {'doc_id': '111', 'kb_id': '111'}, 'id': '5ea25fc7-11ef-49b9-accb-71567dcc13d9', 'create_at': None}, {'text_content': 'ssss', 'doc_id': '111', 'chunk_index': 7, 'kb_id': '111', 'embedding': 'openai_api_type', 'metadata': {'doc_id': '111', 'kb_id': '111'}, 'id': 'cb4ef797-5883-4a5d-8eae-c3a73061719c', 'create_at': None}, {'text_content': 'ssss', 'doc_id': '111', 'chunk_index': 8, 'kb_id': '111', 'embedding': 'openai_proxy', 'metadata': {'doc_id': '111', 'kb_id': '111'}, 'id': '36492698-6e2a-4a53-91c0-4c5d900a0800', 'create_at': None}, {'text_content': 'ssss', 'doc_id': '111', 'chunk_index': 9, 'kb_id': '111', 'embedding': 'embedding_ctx_length', 'metadata': {'doc_id': '111', 'kb_id': '111'}, 'id': '08e6c967-41ab-4dd7-a621-4abab139beb7', 'create_at': None}, {'text_content': 'ssss', 'doc_id': '111', 'chunk_index': 10, 'kb_id': '111', 'embedding': 'openai_api_key', 'metadata': {'doc_id': '111', 'kb_id': '111'}, 'id': '4e8cbe5d-c331-4f49-b2ea-3ae1286c1ae9', 'create_at': None}, {'text_content': 'ssss', 'doc_id': '111', 'chunk_index': 11, 'kb_id': '111', 'embedding': 'openai_organization', 'metadata': {'doc_id': '111', 'kb_id': '111'}, 'id': '7f17c591-8b48-4e3a-9805-5b3f274cdfe4', 'create_at': None}, {'text_content': 'ssss', 'doc_id': '111', 'chunk_index': 12, 'kb_id': '111', 'embedding': 'allowed_special', 'metadata': {'doc_id': '111', 'kb_id': '111'}, 'id': '622c82f5-14bb-4748-b411-9b51007d7360', 'create_at': None}, {'text_content': 'ssss', 'doc_id': '111', 'chunk_index': 13, 'kb_id': '111', 'embedding': 'disallowed_special', 'metadata': {'doc_id': '111', 'kb_id': '111'}, 'id': 'a88884e3-4990-4496-8752-be1b359a63ef', 'create_at': None}, {'text_content': 'ssss', 'doc_id': '111', 'chunk_index': 14, 'kb_id': '111', 'embedding': 'chunk_size', 'metadata': {'doc_id': '111', 'kb_id': '111'}, 'id': 'f4881cd1-d803-448a-aafd-117b62b5317b', 'create_at': None}, {'text_content': 'ssss', 'doc_id': '111', 'chunk_index': 15, 'kb_id': '111', 'embedding': 'max_retries', 'metadata': {'doc_id': '111', 'kb_id': '111'}, 'id': 'ff3f8721-8805-4e5f-9e87-521edddc536a', 'create_at': None}, {'text_content': 'ssss', 'doc_id': '111', 'chunk_index': 16, 'kb_id': '111', 'embedding': 'request_timeout', 'metadata': {'doc_id': '111', 'kb_id': '111'}, 'id': 'ce69aa12-0210-443a-b0c2-1ae3905f4476', 'create_at': None}, {'text_content': 'ssss', 'doc_id': '111', 'chunk_index': 17, 'kb_id': '111', 'embedding': 'headers', 'metadata': {'doc_id': '111', 'kb_id': '111'}, 'id': 'bdd9a7b3-7e39-49ee-ac7d-041ccd949288', 'create_at': None}, {'text_content': 'ssss', 'doc_id': '111', 'chunk_index': 18, 'kb_id': '111', 'embedding': 'tiktoken_enabled', 'metadata': {'doc_id': '111', 'kb_id': '111'}, 'id': '05a0e476-7703-477f-a9ef-530f0fd1454e', 'create_at': None}, {'text_content': 'ssss', 'doc_id': '111', 'chunk_index': 19, 'kb_id': '111', 'embedding': 'tiktoken_model_name', 'metadata': {'doc_id': '111', 'kb_id': '111'}, 'id': 'afbdaab7-4d66-47a0-beee-c7e80d6dd203', 'create_at': None}, {'text_content': 'ssss', 'doc_id': '111', 'chunk_index': 20, 'kb_id': '111', 'embedding': 'show_progress_bar', 'metadata': {'doc_id': '111', 'kb_id': '111'}, 'id': 'fdf516ed-6d5f-4ea6-ab44-ad8bf431db2d', 'create_at': None}, {'text_content': 'ssss', 'doc_id': '111', 'chunk_index': 21, 'kb_id': '111', 'embedding': 'model_kwargs', 'metadata': {'doc_id': '111', 'kb_id': '111'}, 'id': 'aaa8489d-6916-4c24-b6a2-1b275885653c', 'create_at': None}, {'text_content': 'ssss', 'doc_id': '111', 'chunk_index': 22, 'kb_id': '111', 'embedding': 'skip_empty', 'metadata': {'doc_id': '111', 'kb_id': '111'}, 'id': 'a4c714c0-2a1e-4272-91d5-c36a6b464b4f', 'create_at': None}, {'text_content': 'ssss', 'doc_id': '111', 'chunk_index': 23, 'kb_id': '111', 'embedding': 'default_headers', 'metadata': {'doc_id': '111', 'kb_id': '111'}, 'id': '4a4883fd-1f43-40cc-9d91-c5e202aa4d08', 'create_at': None}, {'text_content': 'ssss', 'doc_id': '111', 'chunk_index': 24, 'kb_id': '111', 'embedding': 'default_query', 'metadata': {'doc_id': '111', 'kb_id': '111'}, 'id': 'd05fddd0-4e52-49f8-8198-c95be262772c', 'create_at': None}, {'text_content': 'ssss', 'doc_id': '111', 'chunk_index': 25, 'kb_id': '111', 'embedding': 'retry_min_seconds', 'metadata': {'doc_id': '111', 'kb_id': '111'}, 'id': 'dfebbb42-fabe-4bc7-8ee4-36d95bb6d16e', 'create_at': None}, {'text_content': 'ssss', 'doc_id': '111', 'chunk_index': 26, 'kb_id': '111', 'embedding': 'retry_max_seconds', 'metadata': {'doc_id': '111', 'kb_id': '111'}, 'id': '511ad4f7-a90e-4164-85f1-50baec608844', 'create_at': None}, {'text_content': 'ssss', 'doc_id': '111', 'chunk_index': 27, 'kb_id': '111', 'embedding': 'http_client', 'metadata': {'doc_id': '111', 'kb_id': '111'}, 'id': 'a25411b7-b2f5-4a71-b192-2e87919de8eb', 'create_at': None}, {'text_content': 'ssss', 'doc_id': '111', 'chunk_index': 28, 'kb_id': '111', 'embedding': 'http_async_client', 'metadata': {'doc_id': '111', 'kb_id': '111'}, 'id': '834c85ac-9e0f-4d7a-b847-78c42489e839', 'create_at': None}, {'text_content': 'ssss', 'doc_id': '111', 'chunk_index': 29, 'kb_id': '111', 'embedding': 'check_embedding_ctx_length', 'metadata': {'doc_id': '111', 'kb_id': '111'}, 'id': '53d93fe8-3c38-4f2e-ae53-9dbcd3cfb6ae', 'create_at': None}]]
2026-09-09 19:54:13.041 | ERROR    | [9f70f2ba102d4ba4b5ab16eae40c7c52] | logging:callHandlers:1762 - 【系统未知异常】Path: /api/v1/kb/upload | Error: (builtins.ValueError) could not convert string to float: 'client'
[SQL: INSERT INTO kb_doc_test (id, kb_id, doc_id, text_content, embedding, metadata, chunk_index, create_at) VALUES ($1::VARCHAR, $2::VARCHAR, $3::VARCHAR, $4::VARCHAR, $5, $6::JSONB, $7::INTEGER, $8::TIMESTAMP WITH TIME ZONE) RETURNING kb_doc_test.fts_tokens, kb_doc_test.id]
[parameters: [{'text_content': 'ssss', 'doc_id': '111', 'chunk_index': 0, 'kb_id': '111', 'embedding': 'client', 'metadata': {'doc_id': '111', 'kb_id': '111'}, 'id': '0217ec2f-e2b3-44ff-827e-042f8439af35', 'create_at': None}, {'text_content': 'ssss', 'doc_id': '111', 'chunk_index': 1, 'kb_id': '111', 'embedding': 'async_client', 'metadata': {'doc_id': '111', 'kb_id': '111'}, 'id': '44a80e8c-74d5-46e1-be63-36e28e0cc9e8', 'create_at': None}, {'text_content': 'ssss', 'doc_id': '111', 'chunk_index': 2, 'kb_id': '111', 'embedding': 'model', 'metadata': {'doc_id': '111', 'kb_id': '111'}, 'id': '9a96db15-a8b0-4a96-9005-a7c7e02b8b43', 'create_at': None}, {'text_content': 'ssss', 'doc_id': '111', 'chunk_index': 3, 'kb_id': '111', 'embedding': 'dimensions', 'metadata': {'doc_id': '111', 'kb_id': '111'}, 'id': '4b567c14-3474-42ab-94dd-818910f23408', 'create_at': None}, {'text_content': 'ssss', 'doc_id': '111', 'chunk_index': 4, 'kb_id': '111', 'embedding': 'deployment', 'metadata': {'doc_id': '111', 'kb_id': '111'}, 'id': 'fe1c54a1-9907-4ad2-b443-968fa8328ec3', 'create_at': None}, {'text_content': 'ssss', 'doc_id': '111', 'chunk_index': 5, 'kb_id': '111', 'embedding': 'openai_api_version', 'metadata': {'doc_id': '111', 'kb_id': '111'}, 'id': '8eea5435-bb4a-4abd-8529-3725d2a99a03', 'create_at': None}, {'text_content': 'ssss', 'doc_id': '111', 'chunk_index': 6, 'kb_id': '111', 'embedding': 'openai_api_base', 'metadata': {'doc_id': '111', 'kb_id': '111'}, 'id': 'a690376f-e595-49dd-b0b3-5a795a4b724a', 'create_at': None}, {'text_content': 'ssss', 'doc_id': '111', 'chunk_index': 7, 'kb_id': '111', 'embedding': 'openai_api_type', 'metadata': {'doc_id': '111', 'kb_id': '111'}, 'id': '81832f31-4638-40d2-ae55-9af61d182c62', 'create_at': None}, {'text_content': 'ssss', 'doc_id': '111', 'chunk_index': 8, 'kb_id': '111', 'embedding': 'openai_proxy', 'metadata': {'doc_id': '111', 'kb_id': '111'}, 'id': 'e95be117-12ba-4ac3-90a5-b319ba4be644', 'create_at': None}, {'text_content': 'ssss', 'doc_id': '111', 'chunk_index': 9, 'kb_id': '111', 'embedding': 'embedding_ctx_length', 'metadata': {'doc_id': '111', 'kb_id': '111'}, 'id': 'd3fd9429-63d9-4313-a019-3c9e25ad7d92', 'create_at': None}, {'text_content': 'ssss', 'doc_id': '111', 'chunk_index': 10, 'kb_id': '111', 'embedding': 'openai_api_key', 'metadata': {'doc_id': '111', 'kb_id': '111'}, 'id': '9e01f51b-7cd9-4f68-be7a-590d2e02ec86', 'create_at': None}, {'text_content': 'ssss', 'doc_id': '111', 'chunk_index': 11, 'kb_id': '111', 'embedding': 'openai_organization', 'metadata': {'doc_id': '111', 'kb_id': '111'}, 'id': '8ab5066e-f615-4b5e-8216-b5cabe4646f8', 'create_at': None}, {'text_content': 'ssss', 'doc_id': '111', 'chunk_index': 12, 'kb_id': '111', 'embedding': 'allowed_special', 'metadata': {'doc_id': '111', 'kb_id': '111'}, 'id': '2696c1ac-e3bf-492b-8cc0-68037d2b82cf', 'create_at': None}, {'text_content': 'ssss', 'doc_id': '111', 'chunk_index': 13, 'kb_id': '111', 'embedding': 'disallowed_special', 'metadata': {'doc_id': '111', 'kb_id': '111'}, 'id': '0d9bd4d5-1f9b-4ca0-bc19-63ac0fff88cf', 'create_at': None}, {'text_content': 'ssss', 'doc_id': '111', 'chunk_index': 14, 'kb_id': '111', 'embedding': 'chunk_size', 'metadata': {'doc_id': '111', 'kb_id': '111'}, 'id': '9d85c949-111e-4740-b069-55a9e43ba8f1', 'create_at': None}, {'text_content': 'ssss', 'doc_id': '111', 'chunk_index': 15, 'kb_id': '111', 'embedding': 'max_retries', 'metadata': {'doc_id': '111', 'kb_id': '111'}, 'id': 'ad4b2dce-72cc-4a71-9169-f951dc794a2f', 'create_at': None}, {'text_content': 'ssss', 'doc_id': '111', 'chunk_index': 16, 'kb_id': '111', 'embedding': 'request_timeout', 'metadata': {'doc_id': '111', 'kb_id': '111'}, 'id': '1b94427b-bf6e-4102-9dc6-8500713c6841', 'create_at': None}, {'text_content': 'ssss', 'doc_id': '111', 'chunk_index': 17, 'kb_id': '111', 'embedding': 'headers', 'metadata': {'doc_id': '111', 'kb_id': '111'}, 'id': '6eb6e99b-d129-4e4a-b7c1-a7268bccf943', 'create_at': None}, {'text_content': 'ssss', 'doc_id': '111', 'chunk_index': 18, 'kb_id': '111', 'embedding': 'tiktoken_enabled', 'metadata': {'doc_id': '111', 'kb_id': '111'}, 'id': '9fe7b93d-bb5c-4dfe-9884-9c62f9fe64ca', 'create_at': None}, {'text_content': 'ssss', 'doc_id': '111', 'chunk_index': 19, 'kb_id': '111', 'embedding': 'tiktoken_model_name', 'metadata': {'doc_id': '111', 'kb_id': '111'}, 'id': '628aae65-133e-4c8a-be7d-80f4b290c173', 'create_at': None}, {'text_content': 'ssss', 'doc_id': '111', 'chunk_index': 20, 'kb_id': '111', 'embedding': 'show_progress_bar', 'metadata': {'doc_id': '111', 'kb_id': '111'}, 'id': '00faee9d-7495-4b7e-85a2-c19253e8d868', 'create_at': None}, {'text_content': 'ssss', 'doc_id': '111', 'chunk_index': 21, 'kb_id': '111', 'embedding': 'model_kwargs', 'metadata': {'doc_id': '111', 'kb_id': '111'}, 'id': 'f319c52d-db1c-435c-8bfd-75cf1c76bccd', 'create_at': None}, {'text_content': 'ssss', 'doc_id': '111', 'chunk_index': 22, 'kb_id': '111', 'embedding': 'skip_empty', 'metadata': {'doc_id': '111', 'kb_id': '111'}, 'id': '04031372-02b1-4ecc-80d8-0f83fff8c2ae', 'create_at': None}, {'text_content': 'ssss', 'doc_id': '111', 'chunk_index': 23, 'kb_id': '111', 'embedding': 'default_headers', 'metadata': {'doc_id': '111', 'kb_id': '111'}, 'id': 'f758cecc-9cfa-4107-ab54-bba449a456f4', 'create_at': None}, {'text_content': 'ssss', 'doc_id': '111', 'chunk_index': 24, 'kb_id': '111', 'embedding': 'default_query', 'metadata': {'doc_id': '111', 'kb_id': '111'}, 'id': 'ddbc4fe4-04a0-4270-8410-e961075ee7a7', 'create_at': None}, {'text_content': 'ssss', 'doc_id': '111', 'chunk_index': 25, 'kb_id': '111', 'embedding': 'retry_min_seconds', 'metadata': {'doc_id': '111', 'kb_id': '111'}, 'id': 'b5a746da-be79-419b-99c5-0c42fb1b0dea', 'create_at': None}, {'text_content': 'ssss', 'doc_id': '111', 'chunk_index': 26, 'kb_id': '111', 'embedding': 'retry_max_seconds', 'metadata': {'doc_id': '111', 'kb_id': '111'}, 'id': '289fc73a-6468-4926-9ce9-bba9f4bd1269', 'create_at': None}, {'text_content': 'ssss', 'doc_id': '111', 'chunk_index': 27, 'kb_id': '111', 'embedding': 'http_client', 'metadata': {'doc_id': '111', 'kb_id': '111'}, 'id': '8af6d116-2f7a-4494-8fa6-26ed398c86ab', 'create_at': None}, {'text_content': 'ssss', 'doc_id': '111', 'chunk_index': 28, 'kb_id': '111', 'embedding': 'http_async_client', 'metadata': {'doc_id': '111', 'kb_id': '111'}, 'id': '05266aa2-719d-4c97-9318-748fb4c0e6d4', 'create_at': None}, {'text_content': 'ssss', 'doc_id': '111', 'chunk_index': 29, 'kb_id': '111', 'embedding': 'check_embedding_ctx_length', 'metadata': {'doc_id': '111', 'kb_id': '111'}, 'id': '8e17a1c3-05e7-4ce8-8dc3-409e7a17bc73', 'create_at': None}]]
Traceback (most recent call last):

  File "/Users/sunquanhu/Projects/study/ai/personal-workspace/personal-workspace-app/.venv/lib/python3.12/site-packages/sqlalchemy/engine/base.py", line 1817, in _execute_context
    context = constructor(
              └ <bound method DefaultExecutionContext._init_compiled of <class 'sqlalchemy.dialects.postgresql.asyncpg.PGExecutionContext_asy...
  File "/Users/sunquanhu/Projects/study/ai/personal-workspace/personal-workspace-app/.venv/lib/python3.12/site-packages/sqlalchemy/engine/default.py", line 1496, in _init_compiled
    flattened_processors[key](compiled_params[key])
    │                         └ {'id': '0217ec2f-e2b3-44ff-827e-042f8439af35', 'kb_id': '111', 'doc_id': '111', 'text_content': 'ssss', 'embedding': 'client'...
    └ {'embedding': <function VECTOR.bind_processor.<locals>.process at 0x117e22840>, 'metadata': <function JSON._make_bind_process...
  File "/Users/sunquanhu/Projects/study/ai/personal-workspace/personal-workspace-app/.venv/lib/python3.12/site-packages/pgvector/sqlalchemy/vector.py", line 21, in process
    return Vector._to_db(value, self.dim)
           │      │      │      │    └ 1024
           │      │      │      └ VECTOR(dim=1024)
           │      │      └ 'client'
           │      └ <classmethod(<function Vector._to_db at 0x116a3ab60>)>
           └ <class 'pgvector.utils.vector.Vector'>
  File "/Users/sunquanhu/Projects/study/ai/personal-workspace/personal-workspace-app/.venv/lib/python3.12/site-packages/pgvector/utils/vector.py", line 49, in _to_db
    value = cls(value)
            │   └ 'client'
            └ <class 'pgvector.utils.vector.Vector'>
  File "/Users/sunquanhu/Projects/study/ai/personal-workspace/personal-workspace-app/.venv/lib/python3.12/site-packages/pgvector/utils/vector.py", line 9, in __init__
    value = np.asarray(value, dtype='>f4')
            │  │       └ 'client'
            │  └ <built-in function asarray>
            └ <module 'numpy' from '/Users/sunquanhu/Projects/study/ai/personal-workspace/personal-workspace-app/.venv/lib/python3.12/site-...

ValueError: could not convert string to float: 'client'


The above exception was the direct cause of the following exception:


Traceback (most recent call last):

  File "/Users/sunquanhu/.pyenv/versions/3.12.2/lib/python3.12/runpy.py", line 198, in _run_module_as_main
    return _run_code(code, main_globals, None,
           │         │     └ {'__name__': '__main__', '__doc__': None, '__package__': '', '__loader__': <_frozen_importlib_external.SourceFileLoader objec...
           │         └ <code object <module> at 0x110039c50, file "/private/var/folders/7v/223c2ym14gb3wzg9l33myc380000gn/T/debugpy69653884798475276...
           └ <function _run_code at 0x11005e020>
  File "/Users/sunquanhu/.pyenv/versions/3.12.2/lib/python3.12/runpy.py", line 88, in _run_code
    exec(code, run_globals)
         │     └ {'__name__': '__main__', '__doc__': None, '__package__': '', '__loader__': <_frozen_importlib_external.SourceFileLoader objec...
         └ <code object <module> at 0x110039c50, file "/private/var/folders/7v/223c2ym14gb3wzg9l33myc380000gn/T/debugpy69653884798475276...

  File "/private/var/folders/7v/223c2ym14gb3wzg9l33myc380000gn/T/debugpy6965388479847527625/debugpy/adapter/../../debugpy/launcher/../../debugpy/__main__.py", line 71, in <module>
    cli.main()
    │   └ <function main at 0x111c1fce0>
    └ <module 'debugpy.server.cli' from '/private/var/folders/7v/223c2ym14gb3wzg9l33myc380000gn/T/debugpy6965388479847527625/debugp...

  File "/private/var/folders/7v/223c2ym14gb3wzg9l33myc380000gn/T/debugpy6965388479847527625/debugpy/adapter/../../debugpy/launcher/../../debugpy/../debugpy/server/cli.py", line 542, in main
    run()
    └ <function run_file at 0x111c1fa60>

  File "/private/var/folders/7v/223c2ym14gb3wzg9l33myc380000gn/T/debugpy6965388479847527625/debugpy/adapter/../../debugpy/launcher/../../debugpy/../debugpy/server/cli.py", line 361, in run_file
    runpy.run_path(target, run_name="__main__")
    │     │        └ '/Users/sunquanhu/Projects/study/ai/personal-workspace/personal-workspace-app/src/personal_workspace_app/__main__.py'
    │     └ <function run_path at 0x111224040>
    └ <module '_pydevd_bundle.pydevd_runpy' from '/private/var/folders/7v/223c2ym14gb3wzg9l33myc380000gn/T/debugpy69653884798475276...

  File "/private/var/folders/7v/223c2ym14gb3wzg9l33myc380000gn/T/debugpy6965388479847527625/debugpy/_vendored/pydevd/_pydevd_bundle/pydevd_runpy.py", line 310, in run_path
    return _run_module_code(code, init_globals, run_name, pkg_name=pkg_name, script_name=fname)
           │                │     │             │                  │                     └ '/Users/sunquanhu/Projects/study/ai/personal-workspace/personal-workspace-app/src/personal_workspace_app/__main__.py'
           │                │     │             │                  └ ''
           │                │     │             └ '__main__'
           │                │     └ None
           │                └ <code object <module> at 0x111c825b0, file "/Users/sunquanhu/Projects/study/ai/personal-workspace/personal-workspace-app/src/...
           └ <function _run_module_code at 0x1111ebc40>

  File "/private/var/folders/7v/223c2ym14gb3wzg9l33myc380000gn/T/debugpy6965388479847527625/debugpy/_vendored/pydevd/_pydevd_bundle/pydevd_runpy.py", line 127, in _run_module_code
    _run_code(code, mod_globals, init_globals, mod_name, mod_spec, pkg_name, script_name)
    │         │     │            │             │         │         │         └ '/Users/sunquanhu/Projects/study/ai/personal-workspace/personal-workspace-app/src/personal_workspace_app/__main__.py'
    │         │     │            │             │         │         └ ''
    │         │     │            │             │         └ None
    │         │     │            │             └ '__main__'
    │         │     │            └ None
    │         │     └ {'__name__': '__main__', '__doc__': None, '__package__': '', '__loader__': None, '__spec__': None, '__file__': '/Users/sunqua...
    │         └ <code object <module> at 0x111c825b0, file "/Users/sunquanhu/Projects/study/ai/personal-workspace/personal-workspace-app/src/...
    └ <function _run_code at 0x1111eb7e0>

  File "/private/var/folders/7v/223c2ym14gb3wzg9l33myc380000gn/T/debugpy6965388479847527625/debugpy/_vendored/pydevd/_pydevd_bundle/pydevd_runpy.py", line 118, in _run_code
    exec(code, run_globals)
         │     └ {'__name__': '__main__', '__doc__': None, '__package__': '', '__loader__': None, '__spec__': None, '__file__': '/Users/sunqua...
         └ <code object <module> at 0x111c825b0, file "/Users/sunquanhu/Projects/study/ai/personal-workspace/personal-workspace-app/src/...

  File "/Users/sunquanhu/Projects/study/ai/personal-workspace/personal-workspace-app/src/personal_workspace_app/__main__.py", line 37, in <module>
    uvicorn.run(app, host="0.0.0.0", port=8000, reload=False, loop="asyncio")
    │       │   └ <fastapi.applications.FastAPI object at 0x117b868a0>
    │       └ <function run at 0x111f800e0>
    └ <module 'uvicorn' from '/Users/sunquanhu/Projects/study/ai/personal-workspace/personal-workspace-app/.venv/lib/python3.12/sit...

  File "/Users/sunquanhu/Projects/study/ai/personal-workspace/personal-workspace-app/.venv/lib/python3.12/site-packages/uvicorn/main.py", line 621, in run
    server.run()
    │      └ <function Server.run at 0x111f814e0>
    └ <uvicorn.server.Server object at 0x117c2f710>
  File "/Users/sunquanhu/Projects/study/ai/personal-workspace/personal-workspace-app/.venv/lib/python3.12/site-packages/uvicorn/server.py", line 77, in run
    return asyncio_run(self.serve(sockets=sockets), loop_factory=self.config.get_loop_factory())
           │           │    │             │                      │    │      └ <function Config.get_loop_factory at 0x111ebd620>
           │           │    │             │                      │    └ <uvicorn.config.Config object at 0x1178475c0>
           │           │    │             │                      └ <uvicorn.server.Server object at 0x117c2f710>
           │           │    │             └ None
           │           │    └ <function Server.serve at 0x111f81580>
           │           └ <uvicorn.server.Server object at 0x117c2f710>
           └ <function run at 0x111d82980>
  File "/Users/sunquanhu/.pyenv/versions/3.12.2/lib/python3.12/asyncio/runners.py", line 194, in run
    return runner.run(main)
           │      │   └ <coroutine object Server.serve at 0x117c49d20>
           │      └ <function Runner.run at 0x111de2de0>
           └ <asyncio.runners.Runner object at 0x117803440>
  File "/Users/sunquanhu/.pyenv/versions/3.12.2/lib/python3.12/asyncio/runners.py", line 118, in run
    return self._loop.run_until_complete(task)
           │    │     │                  └ <Task pending name='Task-1' coro=<Server.serve() running at /Users/sunquanhu/Projects/study/ai/personal-workspace/personal-wo...
           │    │     └ <function BaseEventLoop.run_until_complete at 0x111de0a40>
           │    └ <_UnixSelectorEventLoop running=True closed=False debug=False>
           └ <asyncio.runners.Runner object at 0x117803440>
  File "/Users/sunquanhu/.pyenv/versions/3.12.2/lib/python3.12/asyncio/base_events.py", line 672, in run_until_complete
    self.run_forever()
    │    └ <function BaseEventLoop.run_forever at 0x111de09a0>
    └ <_UnixSelectorEventLoop running=True closed=False debug=False>
  File "/Users/sunquanhu/.pyenv/versions/3.12.2/lib/python3.12/asyncio/base_events.py", line 639, in run_forever
    self._run_once()
    │    └ <function BaseEventLoop._run_once at 0x111de27a0>
    └ <_UnixSelectorEventLoop running=True closed=False debug=False>
  File "/Users/sunquanhu/.pyenv/versions/3.12.2/lib/python3.12/asyncio/base_events.py", line 1985, in _run_once
    handle._run()
    │      └ <function Handle._run at 0x111d6ab60>
    └ <Handle Task.task_wakeup(<Future finished result=None>)>
  File "/Users/sunquanhu/.pyenv/versions/3.12.2/lib/python3.12/asyncio/events.py", line 88, in _run
    self._context.run(self._callback, *self._args)
    │    │            │    │           │    └ <member '_args' of 'Handle' objects>
    │    │            │    │           └ <Handle Task.task_wakeup(<Future finished result=None>)>
    │    │            │    └ <member '_callback' of 'Handle' objects>
    │    │            └ <Handle Task.task_wakeup(<Future finished result=None>)>
    │    └ <member '_context' of 'Handle' objects>
    └ <Handle Task.task_wakeup(<Future finished result=None>)>
  File "/Users/sunquanhu/Projects/study/ai/personal-workspace/personal-workspace-app/.venv/lib/python3.12/site-packages/uvicorn/protocols/http/httptools_impl.py", line 422, in run_asgi
    result = await app(  # type: ignore[func-returns-value]
                   └ <uvicorn.middleware.proxy_headers.ProxyHeadersMiddleware object at 0x117bf7470>
  File "/Users/sunquanhu/Projects/study/ai/personal-workspace/personal-workspace-app/.venv/lib/python3.12/site-packages/uvicorn/middleware/proxy_headers.py", line 63, in __call__
    return await self.app(scope, receive, send)
                 │    │   │      │        └ <bound method RequestResponseCycle.send of <uvicorn.protocols.http.httptools_impl.RequestResponseCycle object at 0x117f3fe30>>
                 │    │   │      └ <bound method RequestResponseCycle.receive of <uvicorn.protocols.http.httptools_impl.RequestResponseCycle object at 0x117f3fe...
                 │    │   └ {'type': 'http', 'asgi': {'version': '3.0', 'spec_version': '2.3'}, 'http_version': '1.1', 'server': ('127.0.0.1', 8000), 'cl...
                 │    └ <fastapi.applications.FastAPI object at 0x117b868a0>
                 └ <uvicorn.middleware.proxy_headers.ProxyHeadersMiddleware object at 0x117bf7470>
  File "/Users/sunquanhu/Projects/study/ai/personal-workspace/personal-workspace-app/.venv/lib/python3.12/site-packages/fastapi/applications.py", line 1163, in __call__
    await super().__call__(scope, receive, send)
                           │      │        └ <bound method RequestResponseCycle.send of <uvicorn.protocols.http.httptools_impl.RequestResponseCycle object at 0x117f3fe30>>
                           │      └ <bound method RequestResponseCycle.receive of <uvicorn.protocols.http.httptools_impl.RequestResponseCycle object at 0x117f3fe...
                           └ {'type': 'http', 'asgi': {'version': '3.0', 'spec_version': '2.3'}, 'http_version': '1.1', 'server': ('127.0.0.1', 8000), 'cl...
  File "/Users/sunquanhu/Projects/study/ai/personal-workspace/personal-workspace-app/.venv/lib/python3.12/site-packages/starlette/applications.py", line 96, in __call__
    await self.middleware_stack(scope, receive, send)
          │    │                │      │        └ <bound method RequestResponseCycle.send of <uvicorn.protocols.http.httptools_impl.RequestResponseCycle object at 0x117f3fe30>>
          │    │                │      └ <bound method RequestResponseCycle.receive of <uvicorn.protocols.http.httptools_impl.RequestResponseCycle object at 0x117f3fe...
          │    │                └ {'type': 'http', 'asgi': {'version': '3.0', 'spec_version': '2.3'}, 'http_version': '1.1', 'server': ('127.0.0.1', 8000), 'cl...
          │    └ <starlette.middleware.errors.ServerErrorMiddleware object at 0x117cef590>
          └ <fastapi.applications.FastAPI object at 0x117b868a0>
> File "/Users/sunquanhu/Projects/study/ai/personal-workspace/personal-workspace-app/.venv/lib/python3.12/site-packages/starlette/middleware/errors.py", line 164, in __call__
    await self.app(scope, receive, _send)
          │    │   │      │        └ <function ServerErrorMiddleware.__call__.<locals>._send at 0x117c63240>
          │    │   │      └ <bound method RequestResponseCycle.receive of <uvicorn.protocols.http.httptools_impl.RequestResponseCycle object at 0x117f3fe...
          │    │   └ {'type': 'http', 'asgi': {'version': '3.0', 'spec_version': '2.3'}, 'http_version': '1.1', 'server': ('127.0.0.1', 8000), 'cl...
          │    └ <personal_workspace_app.core.trace_middleware.TraceAndLogMiddleware object at 0x117c50620>
          └ <starlette.middleware.errors.ServerErrorMiddleware object at 0x117cef590>
  File "/Users/sunquanhu/Projects/study/ai/personal-workspace/personal-workspace-app/.venv/lib/python3.12/site-packages/starlette/middleware/base.py", line 198, in __call__
    raise app_exc
          └ StatementError("(builtins.ValueError) could not convert string to float: 'client'")
  File "/Users/sunquanhu/Projects/study/ai/personal-workspace/personal-workspace-app/.venv/lib/python3.12/site-packages/starlette/middleware/base.py", line 144, in coro
    await self.app(scope, receive_or_disconnect, send_no_error)
          │    │   │      │                      └ <function BaseHTTPMiddleware.__call__.<locals>.call_next.<locals>.send_no_error at 0x117ee6fc0>
          │    │   │      └ <function BaseHTTPMiddleware.__call__.<locals>.call_next.<locals>.receive_or_disconnect at 0x117ee6f20>
          │    │   └ {'type': 'http', 'asgi': {'version': '3.0', 'spec_version': '2.3'}, 'http_version': '1.1', 'server': ('127.0.0.1', 8000), 'cl...
          │    └ <starlette.middleware.exceptions.ExceptionMiddleware object at 0x117cef5f0>
          └ <personal_workspace_app.core.trace_middleware.TraceAndLogMiddleware object at 0x117c50620>
  File "/Users/sunquanhu/Projects/study/ai/personal-workspace/personal-workspace-app/.venv/lib/python3.12/site-packages/starlette/middleware/exceptions.py", line 63, in __call__
    await wrap_app_handling_exceptions(self.app, conn)(scope, receive, send)
          │                            │    │    │     │      │        └ <function BaseHTTPMiddleware.__call__.<locals>.call_next.<locals>.send_no_error at 0x117ee6fc0>
          │                            │    │    │     │      └ <function BaseHTTPMiddleware.__call__.<locals>.call_next.<locals>.receive_or_disconnect at 0x117ee6f20>
          │                            │    │    │     └ {'type': 'http', 'asgi': {'version': '3.0', 'spec_version': '2.3'}, 'http_version': '1.1', 'server': ('127.0.0.1', 8000), 'cl...
          │                            │    │    └ <starlette.requests.Request object at 0x117d63980>
          │                            │    └ <fastapi.middleware.asyncexitstack.AsyncExitStackMiddleware object at 0x117cbdb20>
          │                            └ <starlette.middleware.exceptions.ExceptionMiddleware object at 0x117cef5f0>
          └ <function wrap_app_handling_exceptions at 0x112c40fe0>
  File "/Users/sunquanhu/Projects/study/ai/personal-workspace/personal-workspace-app/.venv/lib/python3.12/site-packages/starlette/_exception_handler.py", line 53, in wrapped_app
    raise exc
  File "/Users/sunquanhu/Projects/study/ai/personal-workspace/personal-workspace-app/.venv/lib/python3.12/site-packages/starlette/_exception_handler.py", line 42, in wrapped_app
    await app(scope, receive, sender)
          │   │      │        └ <function wrap_app_handling_exceptions.<locals>.wrapped_app.<locals>.sender at 0x117ee72e0>
          │   │      └ <function BaseHTTPMiddleware.__call__.<locals>.call_next.<locals>.receive_or_disconnect at 0x117ee6f20>
          │   └ {'type': 'http', 'asgi': {'version': '3.0', 'spec_version': '2.3'}, 'http_version': '1.1', 'server': ('127.0.0.1', 8000), 'cl...
          └ <fastapi.middleware.asyncexitstack.AsyncExitStackMiddleware object at 0x117cbdb20>
  File "/Users/sunquanhu/Projects/study/ai/personal-workspace/personal-workspace-app/.venv/lib/python3.12/site-packages/fastapi/middleware/asyncexitstack.py", line 18, in __call__
    await self.app(scope, receive, send)
          │    │   │      │        └ <function wrap_app_handling_exceptions.<locals>.wrapped_app.<locals>.sender at 0x117ee72e0>
          │    │   │      └ <function BaseHTTPMiddleware.__call__.<locals>.call_next.<locals>.receive_or_disconnect at 0x117ee6f20>
          │    │   └ {'type': 'http', 'asgi': {'version': '3.0', 'spec_version': '2.3'}, 'http_version': '1.1', 'server': ('127.0.0.1', 8000), 'cl...
          │    └ <fastapi.routing.APIRouter object at 0x117a69730>
          └ <fastapi.middleware.asyncexitstack.AsyncExitStackMiddleware object at 0x117cbdb20>
  File "/Users/sunquanhu/Projects/study/ai/personal-workspace/personal-workspace-app/.venv/lib/python3.12/site-packages/starlette/routing.py", line 670, in __call__
    await self.middleware_stack(scope, receive, send)
          │    │                │      │        └ <function wrap_app_handling_exceptions.<locals>.wrapped_app.<locals>.sender at 0x117ee72e0>
          │    │                │      └ <function BaseHTTPMiddleware.__call__.<locals>.call_next.<locals>.receive_or_disconnect at 0x117ee6f20>
          │    │                └ {'type': 'http', 'asgi': {'version': '3.0', 'spec_version': '2.3'}, 'http_version': '1.1', 'server': ('127.0.0.1', 8000), 'cl...
          │    └ <bound method APIRouter.app of <fastapi.routing.APIRouter object at 0x117a69730>>
          └ <fastapi.routing.APIRouter object at 0x117a69730>
  File "/Users/sunquanhu/Projects/study/ai/personal-workspace/personal-workspace-app/.venv/lib/python3.12/site-packages/fastapi/routing.py", line 2734, in app
    await route.handle(scope, receive, send)
          │     │      │      │        └ <function wrap_app_handling_exceptions.<locals>.wrapped_app.<locals>.sender at 0x117ee72e0>
          │     │      │      └ <function BaseHTTPMiddleware.__call__.<locals>.call_next.<locals>.receive_or_disconnect at 0x117ee6f20>
          │     │      └ {'type': 'http', 'asgi': {'version': '3.0', 'spec_version': '2.3'}, 'http_version': '1.1', 'server': ('127.0.0.1', 8000), 'cl...
          │     └ <function _IncludedRouter.handle at 0x112c83e20>
          └ _IncludedRouter(original_router=<fastapi.routing.APIRouter object at 0x1162d0d40>, include_context=_RouterIncludeContext(incl...
  File "/Users/sunquanhu/Projects/study/ai/personal-workspace/personal-workspace-app/.venv/lib/python3.12/site-packages/fastapi/routing.py", line 1780, in handle
    await self.original_router.handle(scope, receive, send)
          │    │               │      │      │        └ <function wrap_app_handling_exceptions.<locals>.wrapped_app.<locals>.sender at 0x117ee72e0>
          │    │               │      │      └ <function BaseHTTPMiddleware.__call__.<locals>.call_next.<locals>.receive_or_disconnect at 0x117ee6f20>
          │    │               │      └ {'type': 'http', 'asgi': {'version': '3.0', 'spec_version': '2.3'}, 'http_version': '1.1', 'server': ('127.0.0.1', 8000), 'cl...
          │    │               └ <function APIRouter.handle at 0x112ca5ee0>
          │    └ <fastapi.routing.APIRouter object at 0x1162d0d40>
          └ _IncludedRouter(original_router=<fastapi.routing.APIRouter object at 0x1162d0d40>, include_context=_RouterIncludeContext(incl...
  File "/Users/sunquanhu/Projects/study/ai/personal-workspace/personal-workspace-app/.venv/lib/python3.12/site-packages/fastapi/routing.py", line 2789, in handle
    await included_router._handle_selected(scope, receive, send)
          │               │                │      │        └ <function wrap_app_handling_exceptions.<locals>.wrapped_app.<locals>.sender at 0x117ee72e0>
          │               │                │      └ <function BaseHTTPMiddleware.__call__.<locals>.call_next.<locals>.receive_or_disconnect at 0x117ee6f20>
          │               │                └ {'type': 'http', 'asgi': {'version': '3.0', 'spec_version': '2.3'}, 'http_version': '1.1', 'server': ('127.0.0.1', 8000), 'cl...
          │               └ <function _IncludedRouter._handle_selected at 0x112c83ec0>
          └ _IncludedRouter(original_router=<fastapi.routing.APIRouter object at 0x1162d0d40>, include_context=_RouterIncludeContext(incl...
  File "/Users/sunquanhu/Projects/study/ai/personal-workspace/personal-workspace-app/.venv/lib/python3.12/site-packages/fastapi/routing.py", line 1800, in _handle_selected
    await original_route.handle(scope, receive, send)
          │              │      │      │        └ <function wrap_app_handling_exceptions.<locals>.wrapped_app.<locals>.sender at 0x117ee72e0>
          │              │      │      └ <function BaseHTTPMiddleware.__call__.<locals>.call_next.<locals>.receive_or_disconnect at 0x117ee6f20>
          │              │      └ {'type': 'http', 'asgi': {'version': '3.0', 'spec_version': '2.3'}, 'http_version': '1.1', 'server': ('127.0.0.1', 8000), 'cl...
          │              └ <function APIRoute.handle at 0x112c81f80>
          └ APIRoute(path='/kb/upload', name='kb_upload_endpoint', methods=['POST'])
  File "/Users/sunquanhu/Projects/study/ai/personal-workspace/personal-workspace-app/.venv/lib/python3.12/site-packages/fastapi/routing.py", line 1279, in handle
    await app(scope, receive, send)
          │   │      │        └ <function wrap_app_handling_exceptions.<locals>.wrapped_app.<locals>.sender at 0x117ee72e0>
          │   │      └ <function BaseHTTPMiddleware.__call__.<locals>.call_next.<locals>.receive_or_disconnect at 0x117ee6f20>
          │   └ {'type': 'http', 'asgi': {'version': '3.0', 'spec_version': '2.3'}, 'http_version': '1.1', 'server': ('127.0.0.1', 8000), 'cl...
          └ <function request_response.<locals>.app at 0x117ee7380>
  File "/Users/sunquanhu/Projects/study/ai/personal-workspace/personal-workspace-app/.venv/lib/python3.12/site-packages/fastapi/routing.py", line 158, in app
    await wrap_app_handling_exceptions(app, request)(scope, receive, send)
          │                            │    │        │      │        └ <function wrap_app_handling_exceptions.<locals>.wrapped_app.<locals>.sender at 0x117ee72e0>
          │                            │    │        │      └ <function BaseHTTPMiddleware.__call__.<locals>.call_next.<locals>.receive_or_disconnect at 0x117ee6f20>
          │                            │    │        └ {'type': 'http', 'asgi': {'version': '3.0', 'spec_version': '2.3'}, 'http_version': '1.1', 'server': ('127.0.0.1', 8000), 'cl...
          │                            │    └ <starlette.requests.Request object at 0x117da2990>
          │                            └ <function request_response.<locals>.app.<locals>.app at 0x117ee7420>
          └ <function wrap_app_handling_exceptions at 0x112c40fe0>
  File "/Users/sunquanhu/Projects/study/ai/personal-workspace/personal-workspace-app/.venv/lib/python3.12/site-packages/starlette/_exception_handler.py", line 53, in wrapped_app
    raise exc
  File "/Users/sunquanhu/Projects/study/ai/personal-workspace/personal-workspace-app/.venv/lib/python3.12/site-packages/starlette/_exception_handler.py", line 42, in wrapped_app
    await app(scope, receive, sender)
          │   │      │        └ <function wrap_app_handling_exceptions.<locals>.wrapped_app.<locals>.sender at 0x117ee7560>
          │   │      └ <function BaseHTTPMiddleware.__call__.<locals>.call_next.<locals>.receive_or_disconnect at 0x117ee6f20>
          │   └ {'type': 'http', 'asgi': {'version': '3.0', 'spec_version': '2.3'}, 'http_version': '1.1', 'server': ('127.0.0.1', 8000), 'cl...
          └ <function request_response.<locals>.app.<locals>.app at 0x117ee7420>
  File "/Users/sunquanhu/Projects/study/ai/personal-workspace/personal-workspace-app/.venv/lib/python3.12/site-packages/fastapi/routing.py", line 140, in app
    async with AsyncExitStack() as request_stack:
               │                   └ <contextlib.AsyncExitStack object at 0x11a414950>
               └ <class 'contextlib.AsyncExitStack'>
  File "/Users/sunquanhu/.pyenv/versions/3.12.2/lib/python3.12/contextlib.py", line 754, in __aexit__
    raise exc_details[1]
          └ (<class 'sqlalchemy.exc.StatementError'>, StatementError("(builtins.ValueError) could not convert string to float: 'client'")...
  File "/Users/sunquanhu/.pyenv/versions/3.12.2/lib/python3.12/contextlib.py", line 737, in __aexit__
    cb_suppress = await cb(*exc_details)
                        │   └ (<class 'sqlalchemy.exc.StatementError'>, StatementError("(builtins.ValueError) could not convert string to float: 'client'")...
                        └ <bound method _AsyncGeneratorContextManager.__aexit__ of <contextlib._AsyncGeneratorContextManager object at 0x117f3ef30>>
  File "/Users/sunquanhu/.pyenv/versions/3.12.2/lib/python3.12/contextlib.py", line 217, in __aexit__
    await anext(self.gen)
                │    └ <async_generator object get_db at 0x117fe9380>
                └ <contextlib._AsyncGeneratorContextManager object at 0x117f3ef30>

  File "/Users/sunquanhu/Projects/study/ai/personal-workspace/personal-workspace-app/src/personal_workspace_app/infrastructure/db/session.py", line 33, in get_db
    await session.commit()
          │       └ <function AsyncSession.commit at 0x113734220>
          └ <sqlalchemy.ext.asyncio.session.AsyncSession object at 0x117f3f860>

  File "/Users/sunquanhu/Projects/study/ai/personal-workspace/personal-workspace-app/.venv/lib/python3.12/site-packages/sqlalchemy/ext/asyncio/session.py", line 999, in commit
    await greenlet_spawn(self.sync_session.commit)
          │              │    │            └ <function Session.commit at 0x1136304a0>
          │              │    └ <sqlalchemy.orm.session.Session object at 0x117f3ef60>
          │              └ <sqlalchemy.ext.asyncio.session.AsyncSession object at 0x117f3f860>
          └ <function greenlet_spawn at 0x112d882c0>
  File "/Users/sunquanhu/Projects/study/ai/personal-workspace/personal-workspace-app/.venv/lib/python3.12/site-packages/sqlalchemy/util/_concurrency_py3k.py", line 203, in greenlet_spawn
    result = context.switch(value)
             │       │      └ None
             │       └ <method 'switch' of 'greenlet.greenlet' objects>
             └ <_AsyncIoGreenlet object at 0x117ddf3c0 (otid=0x600000ab2610) dead>
  File "/Users/sunquanhu/Projects/study/ai/personal-workspace/personal-workspace-app/.venv/lib/python3.12/site-packages/sqlalchemy/orm/session.py", line 2035, in commit
    trans.commit(_to_root=True)
    │     └ <function SessionTransaction.commit at 0x11362b420>
    └ <sqlalchemy.orm.session.SessionTransaction object at 0x117f512d0>
  File "<string>", line 2, in commit
  File "/Users/sunquanhu/Projects/study/ai/personal-workspace/personal-workspace-app/.venv/lib/python3.12/site-packages/sqlalchemy/orm/state_changes.py", line 137, in _go
    ret_value = fn(self, *arg, **kw)
                │  │      │      └ {'_to_root': True}
                │  │      └ ()
                │  └ <sqlalchemy.orm.session.SessionTransaction object at 0x117f512d0>
                └ <function SessionTransaction.commit at 0x11362b380>
  File "/Users/sunquanhu/Projects/study/ai/personal-workspace/personal-workspace-app/.venv/lib/python3.12/site-packages/sqlalchemy/orm/session.py", line 1316, in commit
    self._prepare_impl()
    │    └ <function SessionTransaction._prepare_impl at 0x11362b240>
    └ <sqlalchemy.orm.session.SessionTransaction object at 0x117f512d0>
  File "<string>", line 2, in _prepare_impl
  File "/Users/sunquanhu/Projects/study/ai/personal-workspace/personal-workspace-app/.venv/lib/python3.12/site-packages/sqlalchemy/orm/state_changes.py", line 137, in _go
    ret_value = fn(self, *arg, **kw)
                │  │      │      └ {}
                │  │      └ ()
                │  └ <sqlalchemy.orm.session.SessionTransaction object at 0x117f512d0>
                └ <function SessionTransaction._prepare_impl at 0x11362b1a0>
  File "/Users/sunquanhu/Projects/study/ai/personal-workspace/personal-workspace-app/.venv/lib/python3.12/site-packages/sqlalchemy/orm/session.py", line 1290, in _prepare_impl
    self.session.flush()
    │    │       └ <function Session.flush at 0x113633380>
    │    └ <sqlalchemy.orm.session.Session object at 0x117f3ef60>
    └ <sqlalchemy.orm.session.SessionTransaction object at 0x117f512d0>
  File "/Users/sunquanhu/Projects/study/ai/personal-workspace/personal-workspace-app/.venv/lib/python3.12/site-packages/sqlalchemy/orm/session.py", line 4353, in flush
    self._flush(objects)
    │    │      └ None
    │    └ <function Session._flush at 0x113633560>
    └ <sqlalchemy.orm.session.Session object at 0x117f3ef60>
  File "/Users/sunquanhu/Projects/study/ai/personal-workspace/personal-workspace-app/.venv/lib/python3.12/site-packages/sqlalchemy/orm/session.py", line 4488, in _flush
    with util.safe_reraise():
         │    └ <class 'sqlalchemy.util.langhelpers.safe_reraise'>
         └ <module 'sqlalchemy.util' from '/Users/sunquanhu/Projects/study/ai/personal-workspace/personal-workspace-app/.venv/lib/python...
  File "/Users/sunquanhu/Projects/study/ai/personal-workspace/personal-workspace-app/.venv/lib/python3.12/site-packages/sqlalchemy/util/langhelpers.py", line 122, in __exit__
    raise exc_value.with_traceback(exc_tb)
          │         │              └ <traceback object at 0x117db6480>
          │         └ <method 'with_traceback' of 'BaseException' objects>
          └ StatementError("(builtins.ValueError) could not convert string to float: 'client'")
  File "/Users/sunquanhu/Projects/study/ai/personal-workspace/personal-workspace-app/.venv/lib/python3.12/site-packages/sqlalchemy/orm/session.py", line 4449, in _flush
    flush_context.execute()
    │             └ <function UOWTransaction.execute at 0x1135b31a0>
    └ <sqlalchemy.orm.unitofwork.UOWTransaction object at 0x117c2f230>
  File "/Users/sunquanhu/Projects/study/ai/personal-workspace/personal-workspace-app/.venv/lib/python3.12/site-packages/sqlalchemy/orm/unitofwork.py", line 465, in execute
    rec.execute(self)
    │   │       └ <sqlalchemy.orm.unitofwork.UOWTransaction object at 0x117c2f230>
    │   └ <function SaveUpdateAll.execute at 0x1135b3ce0>
    └ SaveUpdateAll(Mapper[KnowledgeInfo(kb_doc_test)])
  File "/Users/sunquanhu/Projects/study/ai/personal-workspace/personal-workspace-app/.venv/lib/python3.12/site-packages/sqlalchemy/orm/unitofwork.py", line 641, in execute
    util.preloaded.orm_persistence.save_obj(
    │    │         │               └ <function save_obj at 0x113618040>
    │    │         └ <module 'sqlalchemy.orm.persistence' from '/Users/sunquanhu/Projects/study/ai/personal-workspace/personal-workspace-app/.venv...
    │    └ <module 'sqlalchemy.util.preloaded' from '/Users/sunquanhu/Projects/study/ai/personal-workspace/personal-workspace-app/.venv/...
    └ <module 'sqlalchemy.util' from '/Users/sunquanhu/Projects/study/ai/personal-workspace/personal-workspace-app/.venv/lib/python...
  File "/Users/sunquanhu/Projects/study/ai/personal-workspace/personal-workspace-app/.venv/lib/python3.12/site-packages/sqlalchemy/orm/persistence.py", line 94, in save_obj
    _emit_insert_statements(
    └ <function _emit_insert_statements at 0x113618e00>
  File "/Users/sunquanhu/Projects/study/ai/personal-workspace/personal-workspace-app/.venv/lib/python3.12/site-packages/sqlalchemy/orm/persistence.py", line 1144, in _emit_insert_statements
    result = connection.execute(
             │          └ <function Connection.execute at 0x1132828e0>
             └ <sqlalchemy.engine.base.Connection object at 0x117f3ee70>
  File "/Users/sunquanhu/Projects/study/ai/personal-workspace/personal-workspace-app/.venv/lib/python3.12/site-packages/sqlalchemy/engine/base.py", line 1421, in execute
    return meth(
           └ <bound method ClauseElement._execute_on_connection of <sqlalchemy.sql.dml.Insert object at 0x117d61eb0>>
  File "/Users/sunquanhu/Projects/study/ai/personal-workspace/personal-workspace-app/.venv/lib/python3.12/site-packages/sqlalchemy/sql/elements.py", line 526, in _execute_on_connection
    return connection._execute_clauseelement(
           │          └ <function Connection._execute_clauseelement at 0x113282c00>
           └ <sqlalchemy.engine.base.Connection object at 0x117f3ee70>
  File "/Users/sunquanhu/Projects/study/ai/personal-workspace/personal-workspace-app/.venv/lib/python3.12/site-packages/sqlalchemy/engine/base.py", line 1643, in _execute_clauseelement
    ret = self._execute_context(
          │    └ <function Connection._execute_context at 0x113282de0>
          └ <sqlalchemy.engine.base.Connection object at 0x117f3ee70>
  File "/Users/sunquanhu/Projects/study/ai/personal-workspace/personal-workspace-app/.venv/lib/python3.12/site-packages/sqlalchemy/engine/base.py", line 1823, in _execute_context
    self._handle_dbapi_exception(
    │    └ <function Connection._handle_dbapi_exception at 0x113283100>
    └ <sqlalchemy.engine.base.Connection object at 0x117f3ee70>
  File "/Users/sunquanhu/Projects/study/ai/personal-workspace/personal-workspace-app/.venv/lib/python3.12/site-packages/sqlalchemy/engine/base.py", line 2365, in _handle_dbapi_exception
    raise sqlalchemy_exception.with_traceback(exc_info[2]) from e
          │                    │              │                 └ ValueError("could not convert string to float: 'client'")
          │                    │              └ (<class 'ValueError'>, ValueError("could not convert string to float: 'client'"), <traceback object at 0x117db69c0>)
          │                    └ <method 'with_traceback' of 'BaseException' objects>
          └ StatementError("(builtins.ValueError) could not convert string to float: 'client'")
  File "/Users/sunquanhu/Projects/study/ai/personal-workspace/personal-workspace-app/.venv/lib/python3.12/site-packages/sqlalchemy/engine/base.py", line 1817, in _execute_context
    context = constructor(
              └ <bound method DefaultExecutionContext._init_compiled of <class 'sqlalchemy.dialects.postgresql.asyncpg.PGExecutionContext_asy...
  File "/Users/sunquanhu/Projects/study/ai/personal-workspace/personal-workspace-app/.venv/lib/python3.12/site-packages/sqlalchemy/engine/default.py", line 1496, in _init_compiled
    flattened_processors[key](compiled_params[key])
    │                         └ {'id': '0217ec2f-e2b3-44ff-827e-042f8439af35', 'kb_id': '111', 'doc_id': '111', 'text_content': 'ssss', 'embedding': 'client'...
    └ {'embedding': <function VECTOR.bind_processor.<locals>.process at 0x117e22840>, 'metadata': <function JSON._make_bind_process...
  File "/Users/sunquanhu/Projects/study/ai/personal-workspace/personal-workspace-app/.venv/lib/python3.12/site-packages/pgvector/sqlalchemy/vector.py", line 21, in process
    return Vector._to_db(value, self.dim)
           │      │      │      │    └ 1024
           │      │      │      └ VECTOR(dim=1024)
           │      │      └ 'client'
           │      └ <classmethod(<function Vector._to_db at 0x116a3ab60>)>
           └ <class 'pgvector.utils.vector.Vector'>
  File "/Users/sunquanhu/Projects/study/ai/personal-workspace/personal-workspace-app/.venv/lib/python3.12/site-packages/pgvector/utils/vector.py", line 49, in _to_db
    value = cls(value)
            │   └ 'client'
            └ <class 'pgvector.utils.vector.Vector'>
  File "/Users/sunquanhu/Projects/study/ai/personal-workspace/personal-workspace-app/.venv/lib/python3.12/site-packages/pgvector/utils/vector.py", line 9, in __init__
    value = np.asarray(value, dtype='>f4')
            │  │       └ 'client'
            │  └ <built-in function asarray>
            └ <module 'numpy' from '/Users/sunquanhu/Projects/study/ai/personal-workspace/personal-workspace-app/.venv/lib/python3.12/site-...

sqlalchemy.exc.StatementError: (builtins.ValueError) could not convert string to float: 'client'
[SQL: INSERT INTO kb_doc_test (id, kb_id, doc_id, text_content, embedding, metadata, chunk_index, create_at) VALUES ($1::VARCHAR, $2::VARCHAR, $3::VARCHAR, $4::VARCHAR, $5, $6::JSONB, $7::INTEGER, $8::TIMESTAMP WITH TIME ZONE) RETURNING kb_doc_test.fts_tokens, kb_doc_test.id]
[parameters: [{'text_content': 'ssss', 'doc_id': '111', 'chunk_index': 0, 'kb_id': '111', 'embedding': 'client', 'metadata': {'doc_id': '111', 'kb_id': '111'}, 'id': '0217ec2f-e2b3-44ff-827e-042f8439af35', 'create_at': None}, {'text_content': 'ssss', 'doc_id': '111', 'chunk_index': 1, 'kb_id': '111', 'embedding': 'async_client', 'metadata': {'doc_id': '111', 'kb_id': '111'}, 'id': '44a80e8c-74d5-46e1-be63-36e28e0cc9e8', 'create_at': None}, {'text_content': 'ssss', 'doc_id': '111', 'chunk_index': 2, 'kb_id': '111', 'embedding': 'model', 'metadata': {'doc_id': '111', 'kb_id': '111'}, 'id': '9a96db15-a8b0-4a96-9005-a7c7e02b8b43', 'create_at': None}, {'text_content': 'ssss', 'doc_id': '111', 'chunk_index': 3, 'kb_id': '111', 'embedding': 'dimensions', 'metadata': {'doc_id': '111', 'kb_id': '111'}, 'id': '4b567c14-3474-42ab-94dd-818910f23408', 'create_at': None}, {'text_content': 'ssss', 'doc_id': '111', 'chunk_index': 4, 'kb_id': '111', 'embedding': 'deployment', 'metadata': {'doc_id': '111', 'kb_id': '111'}, 'id': 'fe1c54a1-9907-4ad2-b443-968fa8328ec3', 'create_at': None}, {'text_content': 'ssss', 'doc_id': '111', 'chunk_index': 5, 'kb_id': '111', 'embedding': 'openai_api_version', 'metadata': {'doc_id': '111', 'kb_id': '111'}, 'id': '8eea5435-bb4a-4abd-8529-3725d2a99a03', 'create_at': None}, {'text_content': 'ssss', 'doc_id': '111', 'chunk_index': 6, 'kb_id': '111', 'embedding': 'openai_api_base', 'metadata': {'doc_id': '111', 'kb_id': '111'}, 'id': 'a690376f-e595-49dd-b0b3-5a795a4b724a', 'create_at': None}, {'text_content': 'ssss', 'doc_id': '111', 'chunk_index': 7, 'kb_id': '111', 'embedding': 'openai_api_type', 'metadata': {'doc_id': '111', 'kb_id': '111'}, 'id': '81832f31-4638-40d2-ae55-9af61d182c62', 'create_at': None}, {'text_content': 'ssss', 'doc_id': '111', 'chunk_index': 8, 'kb_id': '111', 'embedding': 'openai_proxy', 'metadata': {'doc_id': '111', 'kb_id': '111'}, 'id': 'e95be117-12ba-4ac3-90a5-b319ba4be644', 'create_at': None}, {'text_content': 'ssss', 'doc_id': '111', 'chunk_index': 9, 'kb_id': '111', 'embedding': 'embedding_ctx_length', 'metadata': {'doc_id': '111', 'kb_id': '111'}, 'id': 'd3fd9429-63d9-4313-a019-3c9e25ad7d92', 'create_at': None}, {'text_content': 'ssss', 'doc_id': '111', 'chunk_index': 10, 'kb_id': '111', 'embedding': 'openai_api_key', 'metadata': {'doc_id': '111', 'kb_id': '111'}, 'id': '9e01f51b-7cd9-4f68-be7a-590d2e02ec86', 'create_at': None}, {'text_content': 'ssss', 'doc_id': '111', 'chunk_index': 11, 'kb_id': '111', 'embedding': 'openai_organization', 'metadata': {'doc_id': '111', 'kb_id': '111'}, 'id': '8ab5066e-f615-4b5e-8216-b5cabe4646f8', 'create_at': None}, {'text_content': 'ssss', 'doc_id': '111', 'chunk_index': 12, 'kb_id': '111', 'embedding': 'allowed_special', 'metadata': {'doc_id': '111', 'kb_id': '111'}, 'id': '2696c1ac-e3bf-492b-8cc0-68037d2b82cf', 'create_at': None}, {'text_content': 'ssss', 'doc_id': '111', 'chunk_index': 13, 'kb_id': '111', 'embedding': 'disallowed_special', 'metadata': {'doc_id': '111', 'kb_id': '111'}, 'id': '0d9bd4d5-1f9b-4ca0-bc19-63ac0fff88cf', 'create_at': None}, {'text_content': 'ssss', 'doc_id': '111', 'chunk_index': 14, 'kb_id': '111', 'embedding': 'chunk_size', 'metadata': {'doc_id': '111', 'kb_id': '111'}, 'id': '9d85c949-111e-4740-b069-55a9e43ba8f1', 'create_at': None}, {'text_content': 'ssss', 'doc_id': '111', 'chunk_index': 15, 'kb_id': '111', 'embedding': 'max_retries', 'metadata': {'doc_id': '111', 'kb_id': '111'}, 'id': 'ad4b2dce-72cc-4a71-9169-f951dc794a2f', 'create_at': None}, {'text_content': 'ssss', 'doc_id': '111', 'chunk_index': 16, 'kb_id': '111', 'embedding': 'request_timeout', 'metadata': {'doc_id': '111', 'kb_id': '111'}, 'id': '1b94427b-bf6e-4102-9dc6-8500713c6841', 'create_at': None}, {'text_content': 'ssss', 'doc_id': '111', 'chunk_index': 17, 'kb_id': '111', 'embedding': 'headers', 'metadata': {'doc_id': '111', 'kb_id': '111'}, 'id': '6eb6e99b-d129-4e4a-b7c1-a7268bccf943', 'create_at': None}, {'text_content': 'ssss', 'doc_id': '111', 'chunk_index': 18, 'kb_id': '111', 'embedding': 'tiktoken_enabled', 'metadata': {'doc_id': '111', 'kb_id': '111'}, 'id': '9fe7b93d-bb5c-4dfe-9884-9c62f9fe64ca', 'create_at': None}, {'text_content': 'ssss', 'doc_id': '111', 'chunk_index': 19, 'kb_id': '111', 'embedding': 'tiktoken_model_name', 'metadata': {'doc_id': '111', 'kb_id': '111'}, 'id': '628aae65-133e-4c8a-be7d-80f4b290c173', 'create_at': None}, {'text_content': 'ssss', 'doc_id': '111', 'chunk_index': 20, 'kb_id': '111', 'embedding': 'show_progress_bar', 'metadata': {'doc_id': '111', 'kb_id': '111'}, 'id': '00faee9d-7495-4b7e-85a2-c19253e8d868', 'create_at': None}, {'text_content': 'ssss', 'doc_id': '111', 'chunk_index': 21, 'kb_id': '111', 'embedding': 'model_kwargs', 'metadata': {'doc_id': '111', 'kb_id': '111'}, 'id': 'f319c52d-db1c-435c-8bfd-75cf1c76bccd', 'create_at': None}, {'text_content': 'ssss', 'doc_id': '111', 'chunk_index': 22, 'kb_id': '111', 'embedding': 'skip_empty', 'metadata': {'doc_id': '111', 'kb_id': '111'}, 'id': '04031372-02b1-4ecc-80d8-0f83fff8c2ae', 'create_at': None}, {'text_content': 'ssss', 'doc_id': '111', 'chunk_index': 23, 'kb_id': '111', 'embedding': 'default_headers', 'metadata': {'doc_id': '111', 'kb_id': '111'}, 'id': 'f758cecc-9cfa-4107-ab54-bba449a456f4', 'create_at': None}, {'text_content': 'ssss', 'doc_id': '111', 'chunk_index': 24, 'kb_id': '111', 'embedding': 'default_query', 'metadata': {'doc_id': '111', 'kb_id': '111'}, 'id': 'ddbc4fe4-04a0-4270-8410-e961075ee7a7', 'create_at': None}, {'text_content': 'ssss', 'doc_id': '111', 'chunk_index': 25, 'kb_id': '111', 'embedding': 'retry_min_seconds', 'metadata': {'doc_id': '111', 'kb_id': '111'}, 'id': 'b5a746da-be79-419b-99c5-0c42fb1b0dea', 'create_at': None}, {'text_content': 'ssss', 'doc_id': '111', 'chunk_index': 26, 'kb_id': '111', 'embedding': 'retry_max_seconds', 'metadata': {'doc_id': '111', 'kb_id': '111'}, 'id': '289fc73a-6468-4926-9ce9-bba9f4bd1269', 'create_at': None}, {'text_content': 'ssss', 'doc_id': '111', 'chunk_index': 27, 'kb_id': '111', 'embedding': 'http_client', 'metadata': {'doc_id': '111', 'kb_id': '111'}, 'id': '8af6d116-2f7a-4494-8fa6-26ed398c86ab', 'create_at': None}, {'text_content': 'ssss', 'doc_id': '111', 'chunk_index': 28, 'kb_id': '111', 'embedding': 'http_async_client', 'metadata': {'doc_id': '111', 'kb_id': '111'}, 'id': '05266aa2-719d-4c97-9318-748fb4c0e6d4', 'create_at': None}, {'text_content': 'ssss', 'doc_id': '111', 'chunk_index': 29, 'kb_id': '111', 'embedding': 'check_embedding_ctx_length', 'metadata': {'doc_id': '111', 'kb_id': '111'}, 'id': '8e17a1c3-05e7-4ce8-8dc3-409e7a17bc73', 'create_at': None}]]
2026-09-09 19:55:05.445 | ERROR    | [04bb3e90106e4a46bdb35d105eb4f82f] | logging:callHandlers:1762 - 【系统未知异常】Path: /api/v1/kb/upload | Error: (builtins.ValueError) could not convert string to float: 'client'
[SQL: INSERT INTO kb_doc_test (id, kb_id, doc_id, text_content, embedding, metadata, chunk_index, create_at) VALUES ($1::VARCHAR, $2::VARCHAR, $3::VARCHAR, $4::VARCHAR, $5, $6::JSONB, $7::INTEGER, $8::TIMESTAMP WITH TIME ZONE) RETURNING kb_doc_test.fts_tokens, kb_doc_test.id]
[parameters: [{'metadata': {'doc_id': '111', 'kb_id': '111'}, 'embedding': 'client', 'doc_id': '111', 'text_content': 'ssss', 'kb_id': '111', 'id': '3fd8e186-5187-4d8c-a586-d3830052b0c0', 'chunk_index': 0, 'create_at': None}, {'metadata': {'doc_id': '111', 'kb_id': '111'}, 'embedding': 'async_client', 'doc_id': '111', 'text_content': 'ssss', 'kb_id': '111', 'id': 'fcb6fbb0-df81-48e3-81f0-bc9822d13aee', 'chunk_index': 1, 'create_at': None}, {'metadata': {'doc_id': '111', 'kb_id': '111'}, 'embedding': 'model', 'doc_id': '111', 'text_content': 'ssss', 'kb_id': '111', 'id': '17b42359-4749-403e-82d1-baea04e91c4b', 'chunk_index': 2, 'create_at': None}, {'metadata': {'doc_id': '111', 'kb_id': '111'}, 'embedding': 'dimensions', 'doc_id': '111', 'text_content': 'ssss', 'kb_id': '111', 'id': '96b8a44c-e622-4b30-9f43-8a6965b57e22', 'chunk_index': 3, 'create_at': None}, {'metadata': {'doc_id': '111', 'kb_id': '111'}, 'embedding': 'deployment', 'doc_id': '111', 'text_content': 'ssss', 'kb_id': '111', 'id': 'c5b6a7ba-3168-40b3-a67f-f6580f698caa', 'chunk_index': 4, 'create_at': None}, {'metadata': {'doc_id': '111', 'kb_id': '111'}, 'embedding': 'openai_api_version', 'doc_id': '111', 'text_content': 'ssss', 'kb_id': '111', 'id': '22b90d56-a6e1-4c2a-bf96-f34ba7e6e395', 'chunk_index': 5, 'create_at': None}, {'metadata': {'doc_id': '111', 'kb_id': '111'}, 'embedding': 'openai_api_base', 'doc_id': '111', 'text_content': 'ssss', 'kb_id': '111', 'id': 'd54e6f51-9e5d-4f08-bb4e-2d49e7fcee3f', 'chunk_index': 6, 'create_at': None}, {'metadata': {'doc_id': '111', 'kb_id': '111'}, 'embedding': 'openai_api_type', 'doc_id': '111', 'text_content': 'ssss', 'kb_id': '111', 'id': '652b13da-667a-414b-8925-427c5e3a6440', 'chunk_index': 7, 'create_at': None}, {'metadata': {'doc_id': '111', 'kb_id': '111'}, 'embedding': 'openai_proxy', 'doc_id': '111', 'text_content': 'ssss', 'kb_id': '111', 'id': '97c29d8f-2fff-45f6-82d2-28939065e4be', 'chunk_index': 8, 'create_at': None}, {'metadata': {'doc_id': '111', 'kb_id': '111'}, 'embedding': 'embedding_ctx_length', 'doc_id': '111', 'text_content': 'ssss', 'kb_id': '111', 'id': '70de1d2a-1640-4dab-88c8-4fe38404d554', 'chunk_index': 9, 'create_at': None}, {'metadata': {'doc_id': '111', 'kb_id': '111'}, 'embedding': 'openai_api_key', 'doc_id': '111', 'text_content': 'ssss', 'kb_id': '111', 'id': '0100cb5e-6911-4aab-a506-5c54dc6a3637', 'chunk_index': 10, 'create_at': None}, {'metadata': {'doc_id': '111', 'kb_id': '111'}, 'embedding': 'openai_organization', 'doc_id': '111', 'text_content': 'ssss', 'kb_id': '111', 'id': '0c3aa28f-927e-46c6-97fb-509b226fc8bf', 'chunk_index': 11, 'create_at': None}, {'metadata': {'doc_id': '111', 'kb_id': '111'}, 'embedding': 'allowed_special', 'doc_id': '111', 'text_content': 'ssss', 'kb_id': '111', 'id': '5740b916-ce66-4cca-b7d0-189dc5d5b4a5', 'chunk_index': 12, 'create_at': None}, {'metadata': {'doc_id': '111', 'kb_id': '111'}, 'embedding': 'disallowed_special', 'doc_id': '111', 'text_content': 'ssss', 'kb_id': '111', 'id': '328d3673-e0a0-47c8-a44d-df7767f1dc14', 'chunk_index': 13, 'create_at': None}, {'metadata': {'doc_id': '111', 'kb_id': '111'}, 'embedding': 'chunk_size', 'doc_id': '111', 'text_content': 'ssss', 'kb_id': '111', 'id': 'cb107014-0fd5-42bb-a323-d7f799ff1dda', 'chunk_index': 14, 'create_at': None}, {'metadata': {'doc_id': '111', 'kb_id': '111'}, 'embedding': 'max_retries', 'doc_id': '111', 'text_content': 'ssss', 'kb_id': '111', 'id': '82df16c7-70b4-408d-8c55-fb0f8262a66d', 'chunk_index': 15, 'create_at': None}, {'metadata': {'doc_id': '111', 'kb_id': '111'}, 'embedding': 'request_timeout', 'doc_id': '111', 'text_content': 'ssss', 'kb_id': '111', 'id': '16157ea3-2b9d-486e-abd6-0a1788d145b0', 'chunk_index': 16, 'create_at': None}, {'metadata': {'doc_id': '111', 'kb_id': '111'}, 'embedding': 'headers', 'doc_id': '111', 'text_content': 'ssss', 'kb_id': '111', 'id': '906ab2ee-3d86-487b-8137-df10b486c14e', 'chunk_index': 17, 'create_at': None}, {'metadata': {'doc_id': '111', 'kb_id': '111'}, 'embedding': 'tiktoken_enabled', 'doc_id': '111', 'text_content': 'ssss', 'kb_id': '111', 'id': 'cdca0fd3-06c0-4fa9-9db1-510753fc8aef', 'chunk_index': 18, 'create_at': None}, {'metadata': {'doc_id': '111', 'kb_id': '111'}, 'embedding': 'tiktoken_model_name', 'doc_id': '111', 'text_content': 'ssss', 'kb_id': '111', 'id': '7dfafac1-6263-4f3e-b9be-5794dc1dd40b', 'chunk_index': 19, 'create_at': None}, {'metadata': {'doc_id': '111', 'kb_id': '111'}, 'embedding': 'show_progress_bar', 'doc_id': '111', 'text_content': 'ssss', 'kb_id': '111', 'id': '7f8d4dae-9a4d-4dc6-a952-7829ab47e34d', 'chunk_index': 20, 'create_at': None}, {'metadata': {'doc_id': '111', 'kb_id': '111'}, 'embedding': 'model_kwargs', 'doc_id': '111', 'text_content': 'ssss', 'kb_id': '111', 'id': '583521d5-c0e1-4ea5-b8eb-3bafb0cdb96e', 'chunk_index': 21, 'create_at': None}, {'metadata': {'doc_id': '111', 'kb_id': '111'}, 'embedding': 'skip_empty', 'doc_id': '111', 'text_content': 'ssss', 'kb_id': '111', 'id': '816fd3c0-2ee6-4f5f-8785-1ac9a4545ac9', 'chunk_index': 22, 'create_at': None}, {'metadata': {'doc_id': '111', 'kb_id': '111'}, 'embedding': 'default_headers', 'doc_id': '111', 'text_content': 'ssss', 'kb_id': '111', 'id': 'f50d7f37-5fc1-4591-ba0d-303a91595805', 'chunk_index': 23, 'create_at': None}, {'metadata': {'doc_id': '111', 'kb_id': '111'}, 'embedding': 'default_query', 'doc_id': '111', 'text_content': 'ssss', 'kb_id': '111', 'id': 'a7ea9011-3333-4344-bd5d-b845297f451d', 'chunk_index': 24, 'create_at': None}, {'metadata': {'doc_id': '111', 'kb_id': '111'}, 'embedding': 'retry_min_seconds', 'doc_id': '111', 'text_content': 'ssss', 'kb_id': '111', 'id': 'b68c616d-60cb-42a5-9fa0-dc7d3b0e4a99', 'chunk_index': 25, 'create_at': None}, {'metadata': {'doc_id': '111', 'kb_id': '111'}, 'embedding': 'retry_max_seconds', 'doc_id': '111', 'text_content': 'ssss', 'kb_id': '111', 'id': '0cd61613-3ce6-4cb9-bf8c-2d42a60c5c35', 'chunk_index': 26, 'create_at': None}, {'metadata': {'doc_id': '111', 'kb_id': '111'}, 'embedding': 'http_client', 'doc_id': '111', 'text_content': 'ssss', 'kb_id': '111', 'id': 'cca4d324-4803-40e5-891c-3f1016658a8e', 'chunk_index': 27, 'create_at': None}, {'metadata': {'doc_id': '111', 'kb_id': '111'}, 'embedding': 'http_async_client', 'doc_id': '111', 'text_content': 'ssss', 'kb_id': '111', 'id': '9c22c69c-ac80-4f97-823c-8545f905673a', 'chunk_index': 28, 'create_at': None}, {'metadata': {'doc_id': '111', 'kb_id': '111'}, 'embedding': 'check_embedding_ctx_length', 'doc_id': '111', 'text_content': 'ssss', 'kb_id': '111', 'id': '588015e1-a35d-46f5-8e3b-83c8e8cf7e0f', 'chunk_index': 29, 'create_at': None}]]
Traceback (most recent call last):

  File "/Users/sunquanhu/Projects/study/ai/personal-workspace/personal-workspace-app/.venv/lib/python3.12/site-packages/sqlalchemy/engine/base.py", line 1817, in _execute_context
    context = constructor(
              └ <bound method DefaultExecutionContext._init_compiled of <class 'sqlalchemy.dialects.postgresql.asyncpg.PGExecutionContext_asy...
  File "/Users/sunquanhu/Projects/study/ai/personal-workspace/personal-workspace-app/.venv/lib/python3.12/site-packages/sqlalchemy/engine/default.py", line 1496, in _init_compiled
    flattened_processors[key](compiled_params[key])
    │                         └ {'id': '3fd8e186-5187-4d8c-a586-d3830052b0c0', 'kb_id': '111', 'doc_id': '111', 'text_content': 'ssss', 'embedding': 'client'...
    └ {'embedding': <function VECTOR.bind_processor.<locals>.process at 0x10a6868e0>, 'metadata': <function JSON._make_bind_process...
  File "/Users/sunquanhu/Projects/study/ai/personal-workspace/personal-workspace-app/.venv/lib/python3.12/site-packages/pgvector/sqlalchemy/vector.py", line 21, in process
    return Vector._to_db(value, self.dim)
           │      │      │      │    └ 1024
           │      │      │      └ VECTOR(dim=1024)
           │      │      └ 'client'
           │      └ <classmethod(<function Vector._to_db at 0x1071eab60>)>
           └ <class 'pgvector.utils.vector.Vector'>
  File "/Users/sunquanhu/Projects/study/ai/personal-workspace/personal-workspace-app/.venv/lib/python3.12/site-packages/pgvector/utils/vector.py", line 49, in _to_db
    value = cls(value)
            │   └ 'client'
            └ <class 'pgvector.utils.vector.Vector'>
  File "/Users/sunquanhu/Projects/study/ai/personal-workspace/personal-workspace-app/.venv/lib/python3.12/site-packages/pgvector/utils/vector.py", line 9, in __init__
    value = np.asarray(value, dtype='>f4')
            │  │       └ 'client'
            │  └ <built-in function asarray>
            └ <module 'numpy' from '/Users/sunquanhu/Projects/study/ai/personal-workspace/personal-workspace-app/.venv/lib/python3.12/site-...

ValueError: could not convert string to float: 'client'


The above exception was the direct cause of the following exception:


Traceback (most recent call last):

  File "/Users/sunquanhu/.pyenv/versions/3.12.2/lib/python3.12/runpy.py", line 198, in _run_module_as_main
    return _run_code(code, main_globals, None,
           │         │     └ {'__name__': '__main__', '__doc__': None, '__package__': '', '__loader__': <_frozen_importlib_external.SourceFileLoader objec...
           │         └ <code object <module> at 0x1007f5c50, file "/private/var/folders/7v/223c2ym14gb3wzg9l33myc380000gn/T/debugpy69653884798475276...
           └ <function _run_code at 0x10081a020>
  File "/Users/sunquanhu/.pyenv/versions/3.12.2/lib/python3.12/runpy.py", line 88, in _run_code
    exec(code, run_globals)
         │     └ {'__name__': '__main__', '__doc__': None, '__package__': '', '__loader__': <_frozen_importlib_external.SourceFileLoader objec...
         └ <code object <module> at 0x1007f5c50, file "/private/var/folders/7v/223c2ym14gb3wzg9l33myc380000gn/T/debugpy69653884798475276...

  File "/private/var/folders/7v/223c2ym14gb3wzg9l33myc380000gn/T/debugpy6965388479847527625/debugpy/adapter/../../debugpy/launcher/../../debugpy/__main__.py", line 71, in <module>
    cli.main()
    │   └ <function main at 0x1023cfce0>
    └ <module 'debugpy.server.cli' from '/private/var/folders/7v/223c2ym14gb3wzg9l33myc380000gn/T/debugpy6965388479847527625/debugp...

  File "/private/var/folders/7v/223c2ym14gb3wzg9l33myc380000gn/T/debugpy6965388479847527625/debugpy/adapter/../../debugpy/launcher/../../debugpy/../debugpy/server/cli.py", line 542, in main
    run()
    └ <function run_file at 0x1023cfa60>

  File "/private/var/folders/7v/223c2ym14gb3wzg9l33myc380000gn/T/debugpy6965388479847527625/debugpy/adapter/../../debugpy/launcher/../../debugpy/../debugpy/server/cli.py", line 361, in run_file
    runpy.run_path(target, run_name="__main__")
    │     │        └ '/Users/sunquanhu/Projects/study/ai/personal-workspace/personal-workspace-app/src/personal_workspace_app/__main__.py'
    │     └ <function run_path at 0x1019dc040>
    └ <module '_pydevd_bundle.pydevd_runpy' from '/private/var/folders/7v/223c2ym14gb3wzg9l33myc380000gn/T/debugpy69653884798475276...

  File "/private/var/folders/7v/223c2ym14gb3wzg9l33myc380000gn/T/debugpy6965388479847527625/debugpy/_vendored/pydevd/_pydevd_bundle/pydevd_runpy.py", line 310, in run_path
    return _run_module_code(code, init_globals, run_name, pkg_name=pkg_name, script_name=fname)
           │                │     │             │                  │                     └ '/Users/sunquanhu/Projects/study/ai/personal-workspace/personal-workspace-app/src/personal_workspace_app/__main__.py'
           │                │     │             │                  └ ''
           │                │     │             └ '__main__'
           │                │     └ None
           │                └ <code object <module> at 0x1024325b0, file "/Users/sunquanhu/Projects/study/ai/personal-workspace/personal-workspace-app/src/...
           └ <function _run_module_code at 0x1019a3c40>

  File "/private/var/folders/7v/223c2ym14gb3wzg9l33myc380000gn/T/debugpy6965388479847527625/debugpy/_vendored/pydevd/_pydevd_bundle/pydevd_runpy.py", line 127, in _run_module_code
    _run_code(code, mod_globals, init_globals, mod_name, mod_spec, pkg_name, script_name)
    │         │     │            │             │         │         │         └ '/Users/sunquanhu/Projects/study/ai/personal-workspace/personal-workspace-app/src/personal_workspace_app/__main__.py'
    │         │     │            │             │         │         └ ''
    │         │     │            │             │         └ None
    │         │     │            │             └ '__main__'
    │         │     │            └ None
    │         │     └ {'__name__': '__main__', '__doc__': None, '__package__': '', '__loader__': None, '__spec__': None, '__file__': '/Users/sunqua...
    │         └ <code object <module> at 0x1024325b0, file "/Users/sunquanhu/Projects/study/ai/personal-workspace/personal-workspace-app/src/...
    └ <function _run_code at 0x1019a37e0>

  File "/private/var/folders/7v/223c2ym14gb3wzg9l33myc380000gn/T/debugpy6965388479847527625/debugpy/_vendored/pydevd/_pydevd_bundle/pydevd_runpy.py", line 118, in _run_code
    exec(code, run_globals)
         │     └ {'__name__': '__main__', '__doc__': None, '__package__': '', '__loader__': None, '__spec__': None, '__file__': '/Users/sunqua...
         └ <code object <module> at 0x1024325b0, file "/Users/sunquanhu/Projects/study/ai/personal-workspace/personal-workspace-app/src/...

  File "/Users/sunquanhu/Projects/study/ai/personal-workspace/personal-workspace-app/src/personal_workspace_app/__main__.py", line 37, in <module>
    uvicorn.run(app, host="0.0.0.0", port=8000, reload=False, loop="asyncio")
    │       │   └ <fastapi.applications.FastAPI object at 0x10842e810>
    │       └ <function run at 0x1027240e0>
    └ <module 'uvicorn' from '/Users/sunquanhu/Projects/study/ai/personal-workspace/personal-workspace-app/.venv/lib/python3.12/sit...

  File "/Users/sunquanhu/Projects/study/ai/personal-workspace/personal-workspace-app/.venv/lib/python3.12/site-packages/uvicorn/main.py", line 621, in run
    server.run()
    │      └ <function Server.run at 0x1027254e0>
    └ <uvicorn.server.Server object at 0x10819c350>
  File "/Users/sunquanhu/Projects/study/ai/personal-workspace/personal-workspace-app/.venv/lib/python3.12/site-packages/uvicorn/server.py", line 77, in run
    return asyncio_run(self.serve(sockets=sockets), loop_factory=self.config.get_loop_factory())
           │           │    │             │                      │    │      └ <function Config.get_loop_factory at 0x102665620>
           │           │    │             │                      │    └ <uvicorn.config.Config object at 0x1080c05f0>
           │           │    │             │                      └ <uvicorn.server.Server object at 0x10819c350>
           │           │    │             └ None
           │           │    └ <function Server.serve at 0x102725580>
           │           └ <uvicorn.server.Server object at 0x10819c350>
           └ <function run at 0x10252e980>
  File "/Users/sunquanhu/.pyenv/versions/3.12.2/lib/python3.12/asyncio/runners.py", line 194, in run
    return runner.run(main)
           │      │   └ <coroutine object Server.serve at 0x108415d20>
           │      └ <function Runner.run at 0x102592de0>
           └ <asyncio.runners.Runner object at 0x10842e8a0>
  File "/Users/sunquanhu/.pyenv/versions/3.12.2/lib/python3.12/asyncio/runners.py", line 118, in run
    return self._loop.run_until_complete(task)
           │    │     │                  └ <Task pending name='Task-1' coro=<Server.serve() running at /Users/sunquanhu/Projects/study/ai/personal-workspace/personal-wo...
           │    │     └ <function BaseEventLoop.run_until_complete at 0x102590a40>
           │    └ <_UnixSelectorEventLoop running=True closed=False debug=False>
           └ <asyncio.runners.Runner object at 0x10842e8a0>
  File "/Users/sunquanhu/.pyenv/versions/3.12.2/lib/python3.12/asyncio/base_events.py", line 672, in run_until_complete
    self.run_forever()
    │    └ <function BaseEventLoop.run_forever at 0x1025909a0>
    └ <_UnixSelectorEventLoop running=True closed=False debug=False>
  File "/Users/sunquanhu/.pyenv/versions/3.12.2/lib/python3.12/asyncio/base_events.py", line 639, in run_forever
    self._run_once()
    │    └ <function BaseEventLoop._run_once at 0x1025927a0>
    └ <_UnixSelectorEventLoop running=True closed=False debug=False>
  File "/Users/sunquanhu/.pyenv/versions/3.12.2/lib/python3.12/asyncio/base_events.py", line 1985, in _run_once
    handle._run()
    │      └ <function Handle._run at 0x102516b60>
    └ <Handle Task.task_wakeup(<Future finished result=None>)>
  File "/Users/sunquanhu/.pyenv/versions/3.12.2/lib/python3.12/asyncio/events.py", line 88, in _run
    self._context.run(self._callback, *self._args)
    │    │            │    │           │    └ <member '_args' of 'Handle' objects>
    │    │            │    │           └ <Handle Task.task_wakeup(<Future finished result=None>)>
    │    │            │    └ <member '_callback' of 'Handle' objects>
    │    │            └ <Handle Task.task_wakeup(<Future finished result=None>)>
    │    └ <member '_context' of 'Handle' objects>
    └ <Handle Task.task_wakeup(<Future finished result=None>)>
  File "/Users/sunquanhu/Projects/study/ai/personal-workspace/personal-workspace-app/.venv/lib/python3.12/site-packages/uvicorn/protocols/http/httptools_impl.py", line 422, in run_asgi
    result = await app(  # type: ignore[func-returns-value]
                   └ <uvicorn.middleware.proxy_headers.ProxyHeadersMiddleware object at 0x1084563c0>
  File "/Users/sunquanhu/Projects/study/ai/personal-workspace/personal-workspace-app/.venv/lib/python3.12/site-packages/uvicorn/middleware/proxy_headers.py", line 63, in __call__
    return await self.app(scope, receive, send)
                 │    │   │      │        └ <bound method RequestResponseCycle.send of <uvicorn.protocols.http.httptools_impl.RequestResponseCycle object at 0x1084bbdd0>>
                 │    │   │      └ <bound method RequestResponseCycle.receive of <uvicorn.protocols.http.httptools_impl.RequestResponseCycle object at 0x1084bbd...
                 │    │   └ {'type': 'http', 'asgi': {'version': '3.0', 'spec_version': '2.3'}, 'http_version': '1.1', 'server': ('127.0.0.1', 8000), 'cl...
                 │    └ <fastapi.applications.FastAPI object at 0x10842e810>
                 └ <uvicorn.middleware.proxy_headers.ProxyHeadersMiddleware object at 0x1084563c0>
  File "/Users/sunquanhu/Projects/study/ai/personal-workspace/personal-workspace-app/.venv/lib/python3.12/site-packages/fastapi/applications.py", line 1163, in __call__
    await super().__call__(scope, receive, send)
                           │      │        └ <bound method RequestResponseCycle.send of <uvicorn.protocols.http.httptools_impl.RequestResponseCycle object at 0x1084bbdd0>>
                           │      └ <bound method RequestResponseCycle.receive of <uvicorn.protocols.http.httptools_impl.RequestResponseCycle object at 0x1084bbd...
                           └ {'type': 'http', 'asgi': {'version': '3.0', 'spec_version': '2.3'}, 'http_version': '1.1', 'server': ('127.0.0.1', 8000), 'cl...
  File "/Users/sunquanhu/Projects/study/ai/personal-workspace/personal-workspace-app/.venv/lib/python3.12/site-packages/starlette/applications.py", line 96, in __call__
    await self.middleware_stack(scope, receive, send)
          │    │                │      │        └ <bound method RequestResponseCycle.send of <uvicorn.protocols.http.httptools_impl.RequestResponseCycle object at 0x1084bbdd0>>
          │    │                │      └ <bound method RequestResponseCycle.receive of <uvicorn.protocols.http.httptools_impl.RequestResponseCycle object at 0x1084bbd...
          │    │                └ {'type': 'http', 'asgi': {'version': '3.0', 'spec_version': '2.3'}, 'http_version': '1.1', 'server': ('127.0.0.1', 8000), 'cl...
          │    └ <starlette.middleware.errors.ServerErrorMiddleware object at 0x1084bb800>
          └ <fastapi.applications.FastAPI object at 0x10842e810>
> File "/Users/sunquanhu/Projects/study/ai/personal-workspace/personal-workspace-app/.venv/lib/python3.12/site-packages/starlette/middleware/errors.py", line 164, in __call__
    await self.app(scope, receive, _send)
          │    │   │      │        └ <function ServerErrorMiddleware.__call__.<locals>._send at 0x1084e80e0>
          │    │   │      └ <bound method RequestResponseCycle.receive of <uvicorn.protocols.http.httptools_impl.RequestResponseCycle object at 0x1084bbd...
          │    │   └ {'type': 'http', 'asgi': {'version': '3.0', 'spec_version': '2.3'}, 'http_version': '1.1', 'server': ('127.0.0.1', 8000), 'cl...
          │    └ <personal_workspace_app.core.trace_middleware.TraceAndLogMiddleware object at 0x1084bb830>
          └ <starlette.middleware.errors.ServerErrorMiddleware object at 0x1084bb800>
  File "/Users/sunquanhu/Projects/study/ai/personal-workspace/personal-workspace-app/.venv/lib/python3.12/site-packages/starlette/middleware/base.py", line 198, in __call__
    raise app_exc
          └ StatementError("(builtins.ValueError) could not convert string to float: 'client'")
  File "/Users/sunquanhu/Projects/study/ai/personal-workspace/personal-workspace-app/.venv/lib/python3.12/site-packages/starlette/middleware/base.py", line 144, in coro
    await self.app(scope, receive_or_disconnect, send_no_error)
          │    │   │      │                      └ <function BaseHTTPMiddleware.__call__.<locals>.call_next.<locals>.send_no_error at 0x1084eb740>
          │    │   │      └ <function BaseHTTPMiddleware.__call__.<locals>.call_next.<locals>.receive_or_disconnect at 0x10842b100>
          │    │   └ {'type': 'http', 'asgi': {'version': '3.0', 'spec_version': '2.3'}, 'http_version': '1.1', 'server': ('127.0.0.1', 8000), 'cl...
          │    └ <starlette.middleware.exceptions.ExceptionMiddleware object at 0x1081631a0>
          └ <personal_workspace_app.core.trace_middleware.TraceAndLogMiddleware object at 0x1084bb830>
  File "/Users/sunquanhu/Projects/study/ai/personal-workspace/personal-workspace-app/.venv/lib/python3.12/site-packages/starlette/middleware/exceptions.py", line 63, in __call__
    await wrap_app_handling_exceptions(self.app, conn)(scope, receive, send)
          │                            │    │    │     │      │        └ <function BaseHTTPMiddleware.__call__.<locals>.call_next.<locals>.send_no_error at 0x1084eb740>
          │                            │    │    │     │      └ <function BaseHTTPMiddleware.__call__.<locals>.call_next.<locals>.receive_or_disconnect at 0x10842b100>
          │                            │    │    │     └ {'type': 'http', 'asgi': {'version': '3.0', 'spec_version': '2.3'}, 'http_version': '1.1', 'server': ('127.0.0.1', 8000), 'cl...
          │                            │    │    └ <starlette.requests.Request object at 0x108163110>
          │                            │    └ <fastapi.middleware.asyncexitstack.AsyncExitStackMiddleware object at 0x1084bb7d0>
          │                            └ <starlette.middleware.exceptions.ExceptionMiddleware object at 0x1081631a0>
          └ <function wrap_app_handling_exceptions at 0x1033ecfe0>
  File "/Users/sunquanhu/Projects/study/ai/personal-workspace/personal-workspace-app/.venv/lib/python3.12/site-packages/starlette/_exception_handler.py", line 53, in wrapped_app
    raise exc
  File "/Users/sunquanhu/Projects/study/ai/personal-workspace/personal-workspace-app/.venv/lib/python3.12/site-packages/starlette/_exception_handler.py", line 42, in wrapped_app
    await app(scope, receive, sender)
          │   │      │        └ <function wrap_app_handling_exceptions.<locals>.wrapped_app.<locals>.sender at 0x10854a200>
          │   │      └ <function BaseHTTPMiddleware.__call__.<locals>.call_next.<locals>.receive_or_disconnect at 0x10842b100>
          │   └ {'type': 'http', 'asgi': {'version': '3.0', 'spec_version': '2.3'}, 'http_version': '1.1', 'server': ('127.0.0.1', 8000), 'cl...
          └ <fastapi.middleware.asyncexitstack.AsyncExitStackMiddleware object at 0x1084bb7d0>
  File "/Users/sunquanhu/Projects/study/ai/personal-workspace/personal-workspace-app/.venv/lib/python3.12/site-packages/fastapi/middleware/asyncexitstack.py", line 18, in __call__
    await self.app(scope, receive, send)
          │    │   │      │        └ <function wrap_app_handling_exceptions.<locals>.wrapped_app.<locals>.sender at 0x10854a200>
          │    │   │      └ <function BaseHTTPMiddleware.__call__.<locals>.call_next.<locals>.receive_or_disconnect at 0x10842b100>
          │    │   └ {'type': 'http', 'asgi': {'version': '3.0', 'spec_version': '2.3'}, 'http_version': '1.1', 'server': ('127.0.0.1', 8000), 'cl...
          │    └ <fastapi.routing.APIRouter object at 0x10842e990>
          └ <fastapi.middleware.asyncexitstack.AsyncExitStackMiddleware object at 0x1084bb7d0>
  File "/Users/sunquanhu/Projects/study/ai/personal-workspace/personal-workspace-app/.venv/lib/python3.12/site-packages/starlette/routing.py", line 670, in __call__
    await self.middleware_stack(scope, receive, send)
          │    │                │      │        └ <function wrap_app_handling_exceptions.<locals>.wrapped_app.<locals>.sender at 0x10854a200>
          │    │                │      └ <function BaseHTTPMiddleware.__call__.<locals>.call_next.<locals>.receive_or_disconnect at 0x10842b100>
          │    │                └ {'type': 'http', 'asgi': {'version': '3.0', 'spec_version': '2.3'}, 'http_version': '1.1', 'server': ('127.0.0.1', 8000), 'cl...
          │    └ <bound method APIRouter.app of <fastapi.routing.APIRouter object at 0x10842e990>>
          └ <fastapi.routing.APIRouter object at 0x10842e990>
  File "/Users/sunquanhu/Projects/study/ai/personal-workspace/personal-workspace-app/.venv/lib/python3.12/site-packages/fastapi/routing.py", line 2734, in app
    await route.handle(scope, receive, send)
          │     │      │      │        └ <function wrap_app_handling_exceptions.<locals>.wrapped_app.<locals>.sender at 0x10854a200>
          │     │      │      └ <function BaseHTTPMiddleware.__call__.<locals>.call_next.<locals>.receive_or_disconnect at 0x10842b100>
          │     │      └ {'type': 'http', 'asgi': {'version': '3.0', 'spec_version': '2.3'}, 'http_version': '1.1', 'server': ('127.0.0.1', 8000), 'cl...
          │     └ <function _IncludedRouter.handle at 0x10342fe20>
          └ _IncludedRouter(original_router=<fastapi.routing.APIRouter object at 0x106a7cd10>, include_context=_RouterIncludeContext(incl...
  File "/Users/sunquanhu/Projects/study/ai/personal-workspace/personal-workspace-app/.venv/lib/python3.12/site-packages/fastapi/routing.py", line 1780, in handle
    await self.original_router.handle(scope, receive, send)
          │    │               │      │      │        └ <function wrap_app_handling_exceptions.<locals>.wrapped_app.<locals>.sender at 0x10854a200>
          │    │               │      │      └ <function BaseHTTPMiddleware.__call__.<locals>.call_next.<locals>.receive_or_disconnect at 0x10842b100>
          │    │               │      └ {'type': 'http', 'asgi': {'version': '3.0', 'spec_version': '2.3'}, 'http_version': '1.1', 'server': ('127.0.0.1', 8000), 'cl...
          │    │               └ <function APIRouter.handle at 0x103451ee0>
          │    └ <fastapi.routing.APIRouter object at 0x106a7cd10>
          └ _IncludedRouter(original_router=<fastapi.routing.APIRouter object at 0x106a7cd10>, include_context=_RouterIncludeContext(incl...
  File "/Users/sunquanhu/Projects/study/ai/personal-workspace/personal-workspace-app/.venv/lib/python3.12/site-packages/fastapi/routing.py", line 2789, in handle
    await included_router._handle_selected(scope, receive, send)
          │               │                │      │        └ <function wrap_app_handling_exceptions.<locals>.wrapped_app.<locals>.sender at 0x10854a200>
          │               │                │      └ <function BaseHTTPMiddleware.__call__.<locals>.call_next.<locals>.receive_or_disconnect at 0x10842b100>
          │               │                └ {'type': 'http', 'asgi': {'version': '3.0', 'spec_version': '2.3'}, 'http_version': '1.1', 'server': ('127.0.0.1', 8000), 'cl...
          │               └ <function _IncludedRouter._handle_selected at 0x10342fec0>
          └ _IncludedRouter(original_router=<fastapi.routing.APIRouter object at 0x106a7cd10>, include_context=_RouterIncludeContext(incl...
  File "/Users/sunquanhu/Projects/study/ai/personal-workspace/personal-workspace-app/.venv/lib/python3.12/site-packages/fastapi/routing.py", line 1800, in _handle_selected
    await original_route.handle(scope, receive, send)
          │              │      │      │        └ <function wrap_app_handling_exceptions.<locals>.wrapped_app.<locals>.sender at 0x10854a200>
          │              │      │      └ <function BaseHTTPMiddleware.__call__.<locals>.call_next.<locals>.receive_or_disconnect at 0x10842b100>
          │              │      └ {'type': 'http', 'asgi': {'version': '3.0', 'spec_version': '2.3'}, 'http_version': '1.1', 'server': ('127.0.0.1', 8000), 'cl...
          │              └ <function APIRoute.handle at 0x10342df80>
          └ APIRoute(path='/kb/upload', name='kb_upload_endpoint', methods=['POST'])
  File "/Users/sunquanhu/Projects/study/ai/personal-workspace/personal-workspace-app/.venv/lib/python3.12/site-packages/fastapi/routing.py", line 1279, in handle
    await app(scope, receive, send)
          │   │      │        └ <function wrap_app_handling_exceptions.<locals>.wrapped_app.<locals>.sender at 0x10854a200>
          │   │      └ <function BaseHTTPMiddleware.__call__.<locals>.call_next.<locals>.receive_or_disconnect at 0x10842b100>
          │   └ {'type': 'http', 'asgi': {'version': '3.0', 'spec_version': '2.3'}, 'http_version': '1.1', 'server': ('127.0.0.1', 8000), 'cl...
          └ <function request_response.<locals>.app at 0x10854a660>
  File "/Users/sunquanhu/Projects/study/ai/personal-workspace/personal-workspace-app/.venv/lib/python3.12/site-packages/fastapi/routing.py", line 158, in app
    await wrap_app_handling_exceptions(app, request)(scope, receive, send)
          │                            │    │        │      │        └ <function wrap_app_handling_exceptions.<locals>.wrapped_app.<locals>.sender at 0x10854a200>
          │                            │    │        │      └ <function BaseHTTPMiddleware.__call__.<locals>.call_next.<locals>.receive_or_disconnect at 0x10842b100>
          │                            │    │        └ {'type': 'http', 'asgi': {'version': '3.0', 'spec_version': '2.3'}, 'http_version': '1.1', 'server': ('127.0.0.1', 8000), 'cl...
          │                            │    └ <starlette.requests.Request object at 0x108532600>
          │                            └ <function request_response.<locals>.app.<locals>.app at 0x10854a480>
          └ <function wrap_app_handling_exceptions at 0x1033ecfe0>
  File "/Users/sunquanhu/Projects/study/ai/personal-workspace/personal-workspace-app/.venv/lib/python3.12/site-packages/starlette/_exception_handler.py", line 53, in wrapped_app
    raise exc
  File "/Users/sunquanhu/Projects/study/ai/personal-workspace/personal-workspace-app/.venv/lib/python3.12/site-packages/starlette/_exception_handler.py", line 42, in wrapped_app
    await app(scope, receive, sender)
          │   │      │        └ <function wrap_app_handling_exceptions.<locals>.wrapped_app.<locals>.sender at 0x10854a7a0>
          │   │      └ <function BaseHTTPMiddleware.__call__.<locals>.call_next.<locals>.receive_or_disconnect at 0x10842b100>
          │   └ {'type': 'http', 'asgi': {'version': '3.0', 'spec_version': '2.3'}, 'http_version': '1.1', 'server': ('127.0.0.1', 8000), 'cl...
          └ <function request_response.<locals>.app.<locals>.app at 0x10854a480>
  File "/Users/sunquanhu/Projects/study/ai/personal-workspace/personal-workspace-app/.venv/lib/python3.12/site-packages/fastapi/routing.py", line 140, in app
    async with AsyncExitStack() as request_stack:
               │                   └ <contextlib.AsyncExitStack object at 0x108532810>
               └ <class 'contextlib.AsyncExitStack'>
  File "/Users/sunquanhu/.pyenv/versions/3.12.2/lib/python3.12/contextlib.py", line 754, in __aexit__
    raise exc_details[1]
          └ (<class 'sqlalchemy.exc.StatementError'>, StatementError("(builtins.ValueError) could not convert string to float: 'client'")...
  File "/Users/sunquanhu/.pyenv/versions/3.12.2/lib/python3.12/contextlib.py", line 737, in __aexit__
    cb_suppress = await cb(*exc_details)
                        │   └ (<class 'sqlalchemy.exc.StatementError'>, StatementError("(builtins.ValueError) could not convert string to float: 'client'")...
                        └ <bound method _AsyncGeneratorContextManager.__aexit__ of <contextlib._AsyncGeneratorContextManager object at 0x108532c30>>
  File "/Users/sunquanhu/.pyenv/versions/3.12.2/lib/python3.12/contextlib.py", line 217, in __aexit__
    await anext(self.gen)
                │    └ <async_generator object get_db at 0x108545a80>
                └ <contextlib._AsyncGeneratorContextManager object at 0x108532c30>

  File "/Users/sunquanhu/Projects/study/ai/personal-workspace/personal-workspace-app/src/personal_workspace_app/infrastructure/db/session.py", line 33, in get_db
    await session.commit()
          │       └ <function AsyncSession.commit at 0x103ee0220>
          └ <sqlalchemy.ext.asyncio.session.AsyncSession object at 0x10842f680>

  File "/Users/sunquanhu/Projects/study/ai/personal-workspace/personal-workspace-app/.venv/lib/python3.12/site-packages/sqlalchemy/ext/asyncio/session.py", line 999, in commit
    await greenlet_spawn(self.sync_session.commit)
          │              │    │            └ <function Session.commit at 0x103ddc4a0>
          │              │    └ <sqlalchemy.orm.session.Session object at 0x108533050>
          │              └ <sqlalchemy.ext.asyncio.session.AsyncSession object at 0x10842f680>
          └ <function greenlet_spawn at 0x1035342c0>
  File "/Users/sunquanhu/Projects/study/ai/personal-workspace/personal-workspace-app/.venv/lib/python3.12/site-packages/sqlalchemy/util/_concurrency_py3k.py", line 203, in greenlet_spawn
    result = context.switch(value)
             │       │      └ None
             │       └ <method 'switch' of 'greenlet.greenlet' objects>
             └ <_AsyncIoGreenlet object at 0x108411080 (otid=0x60000263c300) dead>
  File "/Users/sunquanhu/Projects/study/ai/personal-workspace/personal-workspace-app/.venv/lib/python3.12/site-packages/sqlalchemy/orm/session.py", line 2035, in commit
    trans.commit(_to_root=True)
    │     └ <function SessionTransaction.commit at 0x103dd7420>
    └ <sqlalchemy.orm.session.SessionTransaction object at 0x108554a90>
  File "<string>", line 2, in commit
  File "/Users/sunquanhu/Projects/study/ai/personal-workspace/personal-workspace-app/.venv/lib/python3.12/site-packages/sqlalchemy/orm/state_changes.py", line 137, in _go
    ret_value = fn(self, *arg, **kw)
                │  │      │      └ {'_to_root': True}
                │  │      └ ()
                │  └ <sqlalchemy.orm.session.SessionTransaction object at 0x108554a90>
                └ <function SessionTransaction.commit at 0x103dd7380>
  File "/Users/sunquanhu/Projects/study/ai/personal-workspace/personal-workspace-app/.venv/lib/python3.12/site-packages/sqlalchemy/orm/session.py", line 1316, in commit
    self._prepare_impl()
    │    └ <function SessionTransaction._prepare_impl at 0x103dd7240>
    └ <sqlalchemy.orm.session.SessionTransaction object at 0x108554a90>
  File "<string>", line 2, in _prepare_impl
  File "/Users/sunquanhu/Projects/study/ai/personal-workspace/personal-workspace-app/.venv/lib/python3.12/site-packages/sqlalchemy/orm/state_changes.py", line 137, in _go
    ret_value = fn(self, *arg, **kw)
                │  │      │      └ {}
                │  │      └ ()
                │  └ <sqlalchemy.orm.session.SessionTransaction object at 0x108554a90>
                └ <function SessionTransaction._prepare_impl at 0x103dd71a0>
  File "/Users/sunquanhu/Projects/study/ai/personal-workspace/personal-workspace-app/.venv/lib/python3.12/site-packages/sqlalchemy/orm/session.py", line 1290, in _prepare_impl
    self.session.flush()
    │    │       └ <function Session.flush at 0x103ddf380>
    │    └ <sqlalchemy.orm.session.Session object at 0x108533050>
    └ <sqlalchemy.orm.session.SessionTransaction object at 0x108554a90>
  File "/Users/sunquanhu/Projects/study/ai/personal-workspace/personal-workspace-app/.venv/lib/python3.12/site-packages/sqlalchemy/orm/session.py", line 4353, in flush
    self._flush(objects)
    │    │      └ None
    │    └ <function Session._flush at 0x103ddf560>
    └ <sqlalchemy.orm.session.Session object at 0x108533050>
  File "/Users/sunquanhu/Projects/study/ai/personal-workspace/personal-workspace-app/.venv/lib/python3.12/site-packages/sqlalchemy/orm/session.py", line 4488, in _flush
    with util.safe_reraise():
         │    └ <class 'sqlalchemy.util.langhelpers.safe_reraise'>
         └ <module 'sqlalchemy.util' from '/Users/sunquanhu/Projects/study/ai/personal-workspace/personal-workspace-app/.venv/lib/python...
  File "/Users/sunquanhu/Projects/study/ai/personal-workspace/personal-workspace-app/.venv/lib/python3.12/site-packages/sqlalchemy/util/langhelpers.py", line 122, in __exit__
    raise exc_value.with_traceback(exc_tb)
          │         │              └ <traceback object at 0x1085a9800>
          │         └ <method 'with_traceback' of 'BaseException' objects>
          └ StatementError("(builtins.ValueError) could not convert string to float: 'client'")
  File "/Users/sunquanhu/Projects/study/ai/personal-workspace/personal-workspace-app/.venv/lib/python3.12/site-packages/sqlalchemy/orm/session.py", line 4449, in _flush
    flush_context.execute()
    │             └ <function UOWTransaction.execute at 0x103d631a0>
    └ <sqlalchemy.orm.unitofwork.UOWTransaction object at 0x1085328a0>
  File "/Users/sunquanhu/Projects/study/ai/personal-workspace/personal-workspace-app/.venv/lib/python3.12/site-packages/sqlalchemy/orm/unitofwork.py", line 465, in execute
    rec.execute(self)
    │   │       └ <sqlalchemy.orm.unitofwork.UOWTransaction object at 0x1085328a0>
    │   └ <function SaveUpdateAll.execute at 0x103d63ce0>
    └ SaveUpdateAll(Mapper[KnowledgeInfo(kb_doc_test)])
  File "/Users/sunquanhu/Projects/study/ai/personal-workspace/personal-workspace-app/.venv/lib/python3.12/site-packages/sqlalchemy/orm/unitofwork.py", line 641, in execute
    util.preloaded.orm_persistence.save_obj(
    │    │         │               └ <function save_obj at 0x103dc0040>
    │    │         └ <module 'sqlalchemy.orm.persistence' from '/Users/sunquanhu/Projects/study/ai/personal-workspace/personal-workspace-app/.venv...
    │    └ <module 'sqlalchemy.util.preloaded' from '/Users/sunquanhu/Projects/study/ai/personal-workspace/personal-workspace-app/.venv/...
    └ <module 'sqlalchemy.util' from '/Users/sunquanhu/Projects/study/ai/personal-workspace/personal-workspace-app/.venv/lib/python...
  File "/Users/sunquanhu/Projects/study/ai/personal-workspace/personal-workspace-app/.venv/lib/python3.12/site-packages/sqlalchemy/orm/persistence.py", line 94, in save_obj
    _emit_insert_statements(
    └ <function _emit_insert_statements at 0x103dc0e00>
  File "/Users/sunquanhu/Projects/study/ai/personal-workspace/personal-workspace-app/.venv/lib/python3.12/site-packages/sqlalchemy/orm/persistence.py", line 1144, in _emit_insert_statements
    result = connection.execute(
             │          └ <function Connection.execute at 0x103a2e8e0>
             └ <sqlalchemy.engine.base.Connection object at 0x1085319d0>
  File "/Users/sunquanhu/Projects/study/ai/personal-workspace/personal-workspace-app/.venv/lib/python3.12/site-packages/sqlalchemy/engine/base.py", line 1421, in execute
    return meth(
           └ <bound method ClauseElement._execute_on_connection of <sqlalchemy.sql.dml.Insert object at 0x108572bd0>>
  File "/Users/sunquanhu/Projects/study/ai/personal-workspace/personal-workspace-app/.venv/lib/python3.12/site-packages/sqlalchemy/sql/elements.py", line 526, in _execute_on_connection
    return connection._execute_clauseelement(
           │          └ <function Connection._execute_clauseelement at 0x103a2ec00>
           └ <sqlalchemy.engine.base.Connection object at 0x1085319d0>
  File "/Users/sunquanhu/Projects/study/ai/personal-workspace/personal-workspace-app/.venv/lib/python3.12/site-packages/sqlalchemy/engine/base.py", line 1643, in _execute_clauseelement
    ret = self._execute_context(
          │    └ <function Connection._execute_context at 0x103a2ede0>
          └ <sqlalchemy.engine.base.Connection object at 0x1085319d0>
  File "/Users/sunquanhu/Projects/study/ai/personal-workspace/personal-workspace-app/.venv/lib/python3.12/site-packages/sqlalchemy/engine/base.py", line 1823, in _execute_context
    self._handle_dbapi_exception(
    │    └ <function Connection._handle_dbapi_exception at 0x103a2f100>
    └ <sqlalchemy.engine.base.Connection object at 0x1085319d0>
  File "/Users/sunquanhu/Projects/study/ai/personal-workspace/personal-workspace-app/.venv/lib/python3.12/site-packages/sqlalchemy/engine/base.py", line 2365, in _handle_dbapi_exception
    raise sqlalchemy_exception.with_traceback(exc_info[2]) from e
          │                    │              │                 └ ValueError("could not convert string to float: 'client'")
          │                    │              └ (<class 'ValueError'>, ValueError("could not convert string to float: 'client'"), <traceback object at 0x10859f280>)
          │                    └ <method 'with_traceback' of 'BaseException' objects>
          └ StatementError("(builtins.ValueError) could not convert string to float: 'client'")
  File "/Users/sunquanhu/Projects/study/ai/personal-workspace/personal-workspace-app/.venv/lib/python3.12/site-packages/sqlalchemy/engine/base.py", line 1817, in _execute_context
    context = constructor(
              └ <bound method DefaultExecutionContext._init_compiled of <class 'sqlalchemy.dialects.postgresql.asyncpg.PGExecutionContext_asy...
  File "/Users/sunquanhu/Projects/study/ai/personal-workspace/personal-workspace-app/.venv/lib/python3.12/site-packages/sqlalchemy/engine/default.py", line 1496, in _init_compiled
    flattened_processors[key](compiled_params[key])
    │                         └ {'id': '3fd8e186-5187-4d8c-a586-d3830052b0c0', 'kb_id': '111', 'doc_id': '111', 'text_content': 'ssss', 'embedding': 'client'...
    └ {'embedding': <function VECTOR.bind_processor.<locals>.process at 0x10a6868e0>, 'metadata': <function JSON._make_bind_process...
  File "/Users/sunquanhu/Projects/study/ai/personal-workspace/personal-workspace-app/.venv/lib/python3.12/site-packages/pgvector/sqlalchemy/vector.py", line 21, in process
    return Vector._to_db(value, self.dim)
           │      │      │      │    └ 1024
           │      │      │      └ VECTOR(dim=1024)
           │      │      └ 'client'
           │      └ <classmethod(<function Vector._to_db at 0x1071eab60>)>
           └ <class 'pgvector.utils.vector.Vector'>
  File "/Users/sunquanhu/Projects/study/ai/personal-workspace/personal-workspace-app/.venv/lib/python3.12/site-packages/pgvector/utils/vector.py", line 49, in _to_db
    value = cls(value)
            │   └ 'client'
            └ <class 'pgvector.utils.vector.Vector'>
  File "/Users/sunquanhu/Projects/study/ai/personal-workspace/personal-workspace-app/.venv/lib/python3.12/site-packages/pgvector/utils/vector.py", line 9, in __init__
    value = np.asarray(value, dtype='>f4')
            │  │       └ 'client'
            │  └ <built-in function asarray>
            └ <module 'numpy' from '/Users/sunquanhu/Projects/study/ai/personal-workspace/personal-workspace-app/.venv/lib/python3.12/site-...

sqlalchemy.exc.StatementError: (builtins.ValueError) could not convert string to float: 'client'
[SQL: INSERT INTO kb_doc_test (id, kb_id, doc_id, text_content, embedding, metadata, chunk_index, create_at) VALUES ($1::VARCHAR, $2::VARCHAR, $3::VARCHAR, $4::VARCHAR, $5, $6::JSONB, $7::INTEGER, $8::TIMESTAMP WITH TIME ZONE) RETURNING kb_doc_test.fts_tokens, kb_doc_test.id]
[parameters: [{'metadata': {'doc_id': '111', 'kb_id': '111'}, 'embedding': 'client', 'doc_id': '111', 'text_content': 'ssss', 'kb_id': '111', 'id': '3fd8e186-5187-4d8c-a586-d3830052b0c0', 'chunk_index': 0, 'create_at': None}, {'metadata': {'doc_id': '111', 'kb_id': '111'}, 'embedding': 'async_client', 'doc_id': '111', 'text_content': 'ssss', 'kb_id': '111', 'id': 'fcb6fbb0-df81-48e3-81f0-bc9822d13aee', 'chunk_index': 1, 'create_at': None}, {'metadata': {'doc_id': '111', 'kb_id': '111'}, 'embedding': 'model', 'doc_id': '111', 'text_content': 'ssss', 'kb_id': '111', 'id': '17b42359-4749-403e-82d1-baea04e91c4b', 'chunk_index': 2, 'create_at': None}, {'metadata': {'doc_id': '111', 'kb_id': '111'}, 'embedding': 'dimensions', 'doc_id': '111', 'text_content': 'ssss', 'kb_id': '111', 'id': '96b8a44c-e622-4b30-9f43-8a6965b57e22', 'chunk_index': 3, 'create_at': None}, {'metadata': {'doc_id': '111', 'kb_id': '111'}, 'embedding': 'deployment', 'doc_id': '111', 'text_content': 'ssss', 'kb_id': '111', 'id': 'c5b6a7ba-3168-40b3-a67f-f6580f698caa', 'chunk_index': 4, 'create_at': None}, {'metadata': {'doc_id': '111', 'kb_id': '111'}, 'embedding': 'openai_api_version', 'doc_id': '111', 'text_content': 'ssss', 'kb_id': '111', 'id': '22b90d56-a6e1-4c2a-bf96-f34ba7e6e395', 'chunk_index': 5, 'create_at': None}, {'metadata': {'doc_id': '111', 'kb_id': '111'}, 'embedding': 'openai_api_base', 'doc_id': '111', 'text_content': 'ssss', 'kb_id': '111', 'id': 'd54e6f51-9e5d-4f08-bb4e-2d49e7fcee3f', 'chunk_index': 6, 'create_at': None}, {'metadata': {'doc_id': '111', 'kb_id': '111'}, 'embedding': 'openai_api_type', 'doc_id': '111', 'text_content': 'ssss', 'kb_id': '111', 'id': '652b13da-667a-414b-8925-427c5e3a6440', 'chunk_index': 7, 'create_at': None}, {'metadata': {'doc_id': '111', 'kb_id': '111'}, 'embedding': 'openai_proxy', 'doc_id': '111', 'text_content': 'ssss', 'kb_id': '111', 'id': '97c29d8f-2fff-45f6-82d2-28939065e4be', 'chunk_index': 8, 'create_at': None}, {'metadata': {'doc_id': '111', 'kb_id': '111'}, 'embedding': 'embedding_ctx_length', 'doc_id': '111', 'text_content': 'ssss', 'kb_id': '111', 'id': '70de1d2a-1640-4dab-88c8-4fe38404d554', 'chunk_index': 9, 'create_at': None}, {'metadata': {'doc_id': '111', 'kb_id': '111'}, 'embedding': 'openai_api_key', 'doc_id': '111', 'text_content': 'ssss', 'kb_id': '111', 'id': '0100cb5e-6911-4aab-a506-5c54dc6a3637', 'chunk_index': 10, 'create_at': None}, {'metadata': {'doc_id': '111', 'kb_id': '111'}, 'embedding': 'openai_organization', 'doc_id': '111', 'text_content': 'ssss', 'kb_id': '111', 'id': '0c3aa28f-927e-46c6-97fb-509b226fc8bf', 'chunk_index': 11, 'create_at': None}, {'metadata': {'doc_id': '111', 'kb_id': '111'}, 'embedding': 'allowed_special', 'doc_id': '111', 'text_content': 'ssss', 'kb_id': '111', 'id': '5740b916-ce66-4cca-b7d0-189dc5d5b4a5', 'chunk_index': 12, 'create_at': None}, {'metadata': {'doc_id': '111', 'kb_id': '111'}, 'embedding': 'disallowed_special', 'doc_id': '111', 'text_content': 'ssss', 'kb_id': '111', 'id': '328d3673-e0a0-47c8-a44d-df7767f1dc14', 'chunk_index': 13, 'create_at': None}, {'metadata': {'doc_id': '111', 'kb_id': '111'}, 'embedding': 'chunk_size', 'doc_id': '111', 'text_content': 'ssss', 'kb_id': '111', 'id': 'cb107014-0fd5-42bb-a323-d7f799ff1dda', 'chunk_index': 14, 'create_at': None}, {'metadata': {'doc_id': '111', 'kb_id': '111'}, 'embedding': 'max_retries', 'doc_id': '111', 'text_content': 'ssss', 'kb_id': '111', 'id': '82df16c7-70b4-408d-8c55-fb0f8262a66d', 'chunk_index': 15, 'create_at': None}, {'metadata': {'doc_id': '111', 'kb_id': '111'}, 'embedding': 'request_timeout', 'doc_id': '111', 'text_content': 'ssss', 'kb_id': '111', 'id': '16157ea3-2b9d-486e-abd6-0a1788d145b0', 'chunk_index': 16, 'create_at': None}, {'metadata': {'doc_id': '111', 'kb_id': '111'}, 'embedding': 'headers', 'doc_id': '111', 'text_content': 'ssss', 'kb_id': '111', 'id': '906ab2ee-3d86-487b-8137-df10b486c14e', 'chunk_index': 17, 'create_at': None}, {'metadata': {'doc_id': '111', 'kb_id': '111'}, 'embedding': 'tiktoken_enabled', 'doc_id': '111', 'text_content': 'ssss', 'kb_id': '111', 'id': 'cdca0fd3-06c0-4fa9-9db1-510753fc8aef', 'chunk_index': 18, 'create_at': None}, {'metadata': {'doc_id': '111', 'kb_id': '111'}, 'embedding': 'tiktoken_model_name', 'doc_id': '111', 'text_content': 'ssss', 'kb_id': '111', 'id': '7dfafac1-6263-4f3e-b9be-5794dc1dd40b', 'chunk_index': 19, 'create_at': None}, {'metadata': {'doc_id': '111', 'kb_id': '111'}, 'embedding': 'show_progress_bar', 'doc_id': '111', 'text_content': 'ssss', 'kb_id': '111', 'id': '7f8d4dae-9a4d-4dc6-a952-7829ab47e34d', 'chunk_index': 20, 'create_at': None}, {'metadata': {'doc_id': '111', 'kb_id': '111'}, 'embedding': 'model_kwargs', 'doc_id': '111', 'text_content': 'ssss', 'kb_id': '111', 'id': '583521d5-c0e1-4ea5-b8eb-3bafb0cdb96e', 'chunk_index': 21, 'create_at': None}, {'metadata': {'doc_id': '111', 'kb_id': '111'}, 'embedding': 'skip_empty', 'doc_id': '111', 'text_content': 'ssss', 'kb_id': '111', 'id': '816fd3c0-2ee6-4f5f-8785-1ac9a4545ac9', 'chunk_index': 22, 'create_at': None}, {'metadata': {'doc_id': '111', 'kb_id': '111'}, 'embedding': 'default_headers', 'doc_id': '111', 'text_content': 'ssss', 'kb_id': '111', 'id': 'f50d7f37-5fc1-4591-ba0d-303a91595805', 'chunk_index': 23, 'create_at': None}, {'metadata': {'doc_id': '111', 'kb_id': '111'}, 'embedding': 'default_query', 'doc_id': '111', 'text_content': 'ssss', 'kb_id': '111', 'id': 'a7ea9011-3333-4344-bd5d-b845297f451d', 'chunk_index': 24, 'create_at': None}, {'metadata': {'doc_id': '111', 'kb_id': '111'}, 'embedding': 'retry_min_seconds', 'doc_id': '111', 'text_content': 'ssss', 'kb_id': '111', 'id': 'b68c616d-60cb-42a5-9fa0-dc7d3b0e4a99', 'chunk_index': 25, 'create_at': None}, {'metadata': {'doc_id': '111', 'kb_id': '111'}, 'embedding': 'retry_max_seconds', 'doc_id': '111', 'text_content': 'ssss', 'kb_id': '111', 'id': '0cd61613-3ce6-4cb9-bf8c-2d42a60c5c35', 'chunk_index': 26, 'create_at': None}, {'metadata': {'doc_id': '111', 'kb_id': '111'}, 'embedding': 'http_client', 'doc_id': '111', 'text_content': 'ssss', 'kb_id': '111', 'id': 'cca4d324-4803-40e5-891c-3f1016658a8e', 'chunk_index': 27, 'create_at': None}, {'metadata': {'doc_id': '111', 'kb_id': '111'}, 'embedding': 'http_async_client', 'doc_id': '111', 'text_content': 'ssss', 'kb_id': '111', 'id': '9c22c69c-ac80-4f97-823c-8545f905673a', 'chunk_index': 28, 'create_at': None}, {'metadata': {'doc_id': '111', 'kb_id': '111'}, 'embedding': 'check_embedding_ctx_length', 'doc_id': '111', 'text_content': 'ssss', 'kb_id': '111', 'id': '588015e1-a35d-46f5-8e3b-83c8e8cf7e0f', 'chunk_index': 29, 'create_at': None}]]
2026-09-09 19:55:50.721 | ERROR    | [1772bc076ab74abb95e3f5b5d425e3d7] | logging:callHandlers:1762 - 【系统未知异常】Path: /api/v1/kb/upload | Error: (builtins.ValueError) could not convert string to float: 'client'
[SQL: INSERT INTO kb_doc_test (id, kb_id, doc_id, text_content, embedding, metadata, chunk_index, create_at) VALUES ($1::VARCHAR, $2::VARCHAR, $3::VARCHAR, $4::VARCHAR, $5, $6::JSONB, $7::INTEGER, $8::TIMESTAMP WITH TIME ZONE) RETURNING kb_doc_test.fts_tokens, kb_doc_test.id]
[parameters: [{'metadata': {'doc_id': '111', 'kb_id': '111'}, 'embedding': 'client', 'doc_id': '111', 'text_content': 'ssss', 'kb_id': '111', 'id': '6a435e8e-fd67-4a8b-9c9e-1fcbbae1752a', 'chunk_index': 0, 'create_at': None}, {'metadata': {'doc_id': '111', 'kb_id': '111'}, 'embedding': 'async_client', 'doc_id': '111', 'text_content': 'ssss', 'kb_id': '111', 'id': 'e784b806-e015-4157-9177-758c9a949c75', 'chunk_index': 1, 'create_at': None}, {'metadata': {'doc_id': '111', 'kb_id': '111'}, 'embedding': 'model', 'doc_id': '111', 'text_content': 'ssss', 'kb_id': '111', 'id': '551bd408-9202-41ae-9e47-a4f8bd54fa44', 'chunk_index': 2, 'create_at': None}, {'metadata': {'doc_id': '111', 'kb_id': '111'}, 'embedding': 'dimensions', 'doc_id': '111', 'text_content': 'ssss', 'kb_id': '111', 'id': 'aa69cbd0-8101-4065-afde-0435584f0f40', 'chunk_index': 3, 'create_at': None}, {'metadata': {'doc_id': '111', 'kb_id': '111'}, 'embedding': 'deployment', 'doc_id': '111', 'text_content': 'ssss', 'kb_id': '111', 'id': 'f89f046c-20c3-46cd-8e62-007815955a7e', 'chunk_index': 4, 'create_at': None}, {'metadata': {'doc_id': '111', 'kb_id': '111'}, 'embedding': 'openai_api_version', 'doc_id': '111', 'text_content': 'ssss', 'kb_id': '111', 'id': '281765c6-aec8-421f-9234-7abfd33388ff', 'chunk_index': 5, 'create_at': None}, {'metadata': {'doc_id': '111', 'kb_id': '111'}, 'embedding': 'openai_api_base', 'doc_id': '111', 'text_content': 'ssss', 'kb_id': '111', 'id': 'c12e2abe-0014-463f-990e-5ed8c1fbad31', 'chunk_index': 6, 'create_at': None}, {'metadata': {'doc_id': '111', 'kb_id': '111'}, 'embedding': 'openai_api_type', 'doc_id': '111', 'text_content': 'ssss', 'kb_id': '111', 'id': '35b8b918-4d9c-4dc3-a86c-547d3ff26a69', 'chunk_index': 7, 'create_at': None}, {'metadata': {'doc_id': '111', 'kb_id': '111'}, 'embedding': 'openai_proxy', 'doc_id': '111', 'text_content': 'ssss', 'kb_id': '111', 'id': '6bdcb2ac-f9c5-4900-832d-a93749933682', 'chunk_index': 8, 'create_at': None}, {'metadata': {'doc_id': '111', 'kb_id': '111'}, 'embedding': 'embedding_ctx_length', 'doc_id': '111', 'text_content': 'ssss', 'kb_id': '111', 'id': 'bb19bc0c-ad94-4edc-9109-a3910ccf24f5', 'chunk_index': 9, 'create_at': None}, {'metadata': {'doc_id': '111', 'kb_id': '111'}, 'embedding': 'openai_api_key', 'doc_id': '111', 'text_content': 'ssss', 'kb_id': '111', 'id': '1035f336-d4d0-4dd5-b6fb-794b80c02748', 'chunk_index': 10, 'create_at': None}, {'metadata': {'doc_id': '111', 'kb_id': '111'}, 'embedding': 'openai_organization', 'doc_id': '111', 'text_content': 'ssss', 'kb_id': '111', 'id': '7d781bda-35f2-4ef9-a733-99c66ddf4b3c', 'chunk_index': 11, 'create_at': None}, {'metadata': {'doc_id': '111', 'kb_id': '111'}, 'embedding': 'allowed_special', 'doc_id': '111', 'text_content': 'ssss', 'kb_id': '111', 'id': 'fac93bbc-a653-4dca-8013-8a57a6117d69', 'chunk_index': 12, 'create_at': None}, {'metadata': {'doc_id': '111', 'kb_id': '111'}, 'embedding': 'disallowed_special', 'doc_id': '111', 'text_content': 'ssss', 'kb_id': '111', 'id': '3d0030b6-9340-4262-b42a-1313620319c0', 'chunk_index': 13, 'create_at': None}, {'metadata': {'doc_id': '111', 'kb_id': '111'}, 'embedding': 'chunk_size', 'doc_id': '111', 'text_content': 'ssss', 'kb_id': '111', 'id': '4d29008c-e333-401b-ae9e-3502659b55b7', 'chunk_index': 14, 'create_at': None}, {'metadata': {'doc_id': '111', 'kb_id': '111'}, 'embedding': 'max_retries', 'doc_id': '111', 'text_content': 'ssss', 'kb_id': '111', 'id': 'be38f86b-6664-459d-818d-cb8d8e5bfa73', 'chunk_index': 15, 'create_at': None}, {'metadata': {'doc_id': '111', 'kb_id': '111'}, 'embedding': 'request_timeout', 'doc_id': '111', 'text_content': 'ssss', 'kb_id': '111', 'id': '253f352a-7a96-4fcb-b09d-ac3d828079da', 'chunk_index': 16, 'create_at': None}, {'metadata': {'doc_id': '111', 'kb_id': '111'}, 'embedding': 'headers', 'doc_id': '111', 'text_content': 'ssss', 'kb_id': '111', 'id': '2a964b9d-fcf8-4948-a19b-a9af92806fa3', 'chunk_index': 17, 'create_at': None}, {'metadata': {'doc_id': '111', 'kb_id': '111'}, 'embedding': 'tiktoken_enabled', 'doc_id': '111', 'text_content': 'ssss', 'kb_id': '111', 'id': 'd4752ad8-3e1d-4b1d-9bf3-12f1e3b09209', 'chunk_index': 18, 'create_at': None}, {'metadata': {'doc_id': '111', 'kb_id': '111'}, 'embedding': 'tiktoken_model_name', 'doc_id': '111', 'text_content': 'ssss', 'kb_id': '111', 'id': 'b8088fa1-5633-4322-a037-1bd1d1d2aa9e', 'chunk_index': 19, 'create_at': None}, {'metadata': {'doc_id': '111', 'kb_id': '111'}, 'embedding': 'show_progress_bar', 'doc_id': '111', 'text_content': 'ssss', 'kb_id': '111', 'id': 'f2d0c561-20b6-43b1-b6f2-06d00d3ee0e1', 'chunk_index': 20, 'create_at': None}, {'metadata': {'doc_id': '111', 'kb_id': '111'}, 'embedding': 'model_kwargs', 'doc_id': '111', 'text_content': 'ssss', 'kb_id': '111', 'id': '2046b6f9-c308-4136-b3cc-9f8e06768473', 'chunk_index': 21, 'create_at': None}, {'metadata': {'doc_id': '111', 'kb_id': '111'}, 'embedding': 'skip_empty', 'doc_id': '111', 'text_content': 'ssss', 'kb_id': '111', 'id': '40549cdf-b81d-460c-afd6-bbfbe8bd6e14', 'chunk_index': 22, 'create_at': None}, {'metadata': {'doc_id': '111', 'kb_id': '111'}, 'embedding': 'default_headers', 'doc_id': '111', 'text_content': 'ssss', 'kb_id': '111', 'id': '4f088236-f0df-41fd-b627-998a33b88f92', 'chunk_index': 23, 'create_at': None}, {'metadata': {'doc_id': '111', 'kb_id': '111'}, 'embedding': 'default_query', 'doc_id': '111', 'text_content': 'ssss', 'kb_id': '111', 'id': 'e7e773bc-485c-4f93-a98d-26f7bbe7d19b', 'chunk_index': 24, 'create_at': None}, {'metadata': {'doc_id': '111', 'kb_id': '111'}, 'embedding': 'retry_min_seconds', 'doc_id': '111', 'text_content': 'ssss', 'kb_id': '111', 'id': '3ace8e1a-e5a3-401e-99a2-9a3eab6acf85', 'chunk_index': 25, 'create_at': None}, {'metadata': {'doc_id': '111', 'kb_id': '111'}, 'embedding': 'retry_max_seconds', 'doc_id': '111', 'text_content': 'ssss', 'kb_id': '111', 'id': 'ed79fcd9-a830-4650-8a20-93d5277b3be4', 'chunk_index': 26, 'create_at': None}, {'metadata': {'doc_id': '111', 'kb_id': '111'}, 'embedding': 'http_client', 'doc_id': '111', 'text_content': 'ssss', 'kb_id': '111', 'id': '066124a0-35af-4801-97ba-fb86a9590bfd', 'chunk_index': 27, 'create_at': None}, {'metadata': {'doc_id': '111', 'kb_id': '111'}, 'embedding': 'http_async_client', 'doc_id': '111', 'text_content': 'ssss', 'kb_id': '111', 'id': '3810635d-977a-4313-b798-02457c76ab6c', 'chunk_index': 28, 'create_at': None}, {'metadata': {'doc_id': '111', 'kb_id': '111'}, 'embedding': 'check_embedding_ctx_length', 'doc_id': '111', 'text_content': 'ssss', 'kb_id': '111', 'id': '4939e613-c62b-4739-8fc9-a3a957fcf0a9', 'chunk_index': 29, 'create_at': None}]]
Traceback (most recent call last):

  File "/Users/sunquanhu/Projects/study/ai/personal-workspace/personal-workspace-app/.venv/lib/python3.12/site-packages/sqlalchemy/engine/base.py", line 1817, in _execute_context
    context = constructor(
              └ <bound method DefaultExecutionContext._init_compiled of <class 'sqlalchemy.dialects.postgresql.asyncpg.PGExecutionContext_asy...
  File "/Users/sunquanhu/Projects/study/ai/personal-workspace/personal-workspace-app/.venv/lib/python3.12/site-packages/sqlalchemy/engine/default.py", line 1496, in _init_compiled
    flattened_processors[key](compiled_params[key])
    │                         └ {'id': '6a435e8e-fd67-4a8b-9c9e-1fcbbae1752a', 'kb_id': '111', 'doc_id': '111', 'text_content': 'ssss', 'embedding': 'client'...
    └ {'embedding': <function VECTOR.bind_processor.<locals>.process at 0x10a6868e0>, 'metadata': <function JSON._make_bind_process...
  File "/Users/sunquanhu/Projects/study/ai/personal-workspace/personal-workspace-app/.venv/lib/python3.12/site-packages/pgvector/sqlalchemy/vector.py", line 21, in process
    return Vector._to_db(value, self.dim)
           │      │      │      │    └ 1024
           │      │      │      └ VECTOR(dim=1024)
           │      │      └ 'client'
           │      └ <classmethod(<function Vector._to_db at 0x1071eab60>)>
           └ <class 'pgvector.utils.vector.Vector'>
  File "/Users/sunquanhu/Projects/study/ai/personal-workspace/personal-workspace-app/.venv/lib/python3.12/site-packages/pgvector/utils/vector.py", line 49, in _to_db
    value = cls(value)
            │   └ 'client'
            └ <class 'pgvector.utils.vector.Vector'>
  File "/Users/sunquanhu/Projects/study/ai/personal-workspace/personal-workspace-app/.venv/lib/python3.12/site-packages/pgvector/utils/vector.py", line 9, in __init__
    value = np.asarray(value, dtype='>f4')
            │  │       └ 'client'
            │  └ <built-in function asarray>
            └ <module 'numpy' from '/Users/sunquanhu/Projects/study/ai/personal-workspace/personal-workspace-app/.venv/lib/python3.12/site-...

ValueError: could not convert string to float: 'client'


The above exception was the direct cause of the following exception:


Traceback (most recent call last):

  File "/Users/sunquanhu/.pyenv/versions/3.12.2/lib/python3.12/runpy.py", line 198, in _run_module_as_main
    return _run_code(code, main_globals, None,
           │         │     └ {'__name__': '__main__', '__doc__': None, '__package__': '', '__loader__': <_frozen_importlib_external.SourceFileLoader objec...
           │         └ <code object <module> at 0x1007f5c50, file "/private/var/folders/7v/223c2ym14gb3wzg9l33myc380000gn/T/debugpy69653884798475276...
           └ <function _run_code at 0x10081a020>
  File "/Users/sunquanhu/.pyenv/versions/3.12.2/lib/python3.12/runpy.py", line 88, in _run_code
    exec(code, run_globals)
         │     └ {'__name__': '__main__', '__doc__': None, '__package__': '', '__loader__': <_frozen_importlib_external.SourceFileLoader objec...
         └ <code object <module> at 0x1007f5c50, file "/private/var/folders/7v/223c2ym14gb3wzg9l33myc380000gn/T/debugpy69653884798475276...

  File "/private/var/folders/7v/223c2ym14gb3wzg9l33myc380000gn/T/debugpy6965388479847527625/debugpy/adapter/../../debugpy/launcher/../../debugpy/__main__.py", line 71, in <module>
    cli.main()
    │   └ <function main at 0x1023cfce0>
    └ <module 'debugpy.server.cli' from '/private/var/folders/7v/223c2ym14gb3wzg9l33myc380000gn/T/debugpy6965388479847527625/debugp...

  File "/private/var/folders/7v/223c2ym14gb3wzg9l33myc380000gn/T/debugpy6965388479847527625/debugpy/adapter/../../debugpy/launcher/../../debugpy/../debugpy/server/cli.py", line 542, in main
    run()
    └ <function run_file at 0x1023cfa60>

  File "/private/var/folders/7v/223c2ym14gb3wzg9l33myc380000gn/T/debugpy6965388479847527625/debugpy/adapter/../../debugpy/launcher/../../debugpy/../debugpy/server/cli.py", line 361, in run_file
    runpy.run_path(target, run_name="__main__")
    │     │        └ '/Users/sunquanhu/Projects/study/ai/personal-workspace/personal-workspace-app/src/personal_workspace_app/__main__.py'
    │     └ <function run_path at 0x1019dc040>
    └ <module '_pydevd_bundle.pydevd_runpy' from '/private/var/folders/7v/223c2ym14gb3wzg9l33myc380000gn/T/debugpy69653884798475276...

  File "/private/var/folders/7v/223c2ym14gb3wzg9l33myc380000gn/T/debugpy6965388479847527625/debugpy/_vendored/pydevd/_pydevd_bundle/pydevd_runpy.py", line 310, in run_path
    return _run_module_code(code, init_globals, run_name, pkg_name=pkg_name, script_name=fname)
           │                │     │             │                  │                     └ '/Users/sunquanhu/Projects/study/ai/personal-workspace/personal-workspace-app/src/personal_workspace_app/__main__.py'
           │                │     │             │                  └ ''
           │                │     │             └ '__main__'
           │                │     └ None
           │                └ <code object <module> at 0x1024325b0, file "/Users/sunquanhu/Projects/study/ai/personal-workspace/personal-workspace-app/src/...
           └ <function _run_module_code at 0x1019a3c40>

  File "/private/var/folders/7v/223c2ym14gb3wzg9l33myc380000gn/T/debugpy6965388479847527625/debugpy/_vendored/pydevd/_pydevd_bundle/pydevd_runpy.py", line 127, in _run_module_code
    _run_code(code, mod_globals, init_globals, mod_name, mod_spec, pkg_name, script_name)
    │         │     │            │             │         │         │         └ '/Users/sunquanhu/Projects/study/ai/personal-workspace/personal-workspace-app/src/personal_workspace_app/__main__.py'
    │         │     │            │             │         │         └ ''
    │         │     │            │             │         └ None
    │         │     │            │             └ '__main__'
    │         │     │            └ None
    │         │     └ {'__name__': '__main__', '__doc__': None, '__package__': '', '__loader__': None, '__spec__': None, '__file__': '/Users/sunqua...
    │         └ <code object <module> at 0x1024325b0, file "/Users/sunquanhu/Projects/study/ai/personal-workspace/personal-workspace-app/src/...
    └ <function _run_code at 0x1019a37e0>

  File "/private/var/folders/7v/223c2ym14gb3wzg9l33myc380000gn/T/debugpy6965388479847527625/debugpy/_vendored/pydevd/_pydevd_bundle/pydevd_runpy.py", line 118, in _run_code
    exec(code, run_globals)
         │     └ {'__name__': '__main__', '__doc__': None, '__package__': '', '__loader__': None, '__spec__': None, '__file__': '/Users/sunqua...
         └ <code object <module> at 0x1024325b0, file "/Users/sunquanhu/Projects/study/ai/personal-workspace/personal-workspace-app/src/...

  File "/Users/sunquanhu/Projects/study/ai/personal-workspace/personal-workspace-app/src/personal_workspace_app/__main__.py", line 37, in <module>
    uvicorn.run(app, host="0.0.0.0", port=8000, reload=False, loop="asyncio")
    │       │   └ <fastapi.applications.FastAPI object at 0x10842e810>
    │       └ <function run at 0x1027240e0>
    └ <module 'uvicorn' from '/Users/sunquanhu/Projects/study/ai/personal-workspace/personal-workspace-app/.venv/lib/python3.12/sit...

  File "/Users/sunquanhu/Projects/study/ai/personal-workspace/personal-workspace-app/.venv/lib/python3.12/site-packages/uvicorn/main.py", line 621, in run
    server.run()
    │      └ <function Server.run at 0x1027254e0>
    └ <uvicorn.server.Server object at 0x10819c350>
  File "/Users/sunquanhu/Projects/study/ai/personal-workspace/personal-workspace-app/.venv/lib/python3.12/site-packages/uvicorn/server.py", line 77, in run
    return asyncio_run(self.serve(sockets=sockets), loop_factory=self.config.get_loop_factory())
           │           │    │             │                      │    │      └ <function Config.get_loop_factory at 0x102665620>
           │           │    │             │                      │    └ <uvicorn.config.Config object at 0x1080c05f0>
           │           │    │             │                      └ <uvicorn.server.Server object at 0x10819c350>
           │           │    │             └ None
           │           │    └ <function Server.serve at 0x102725580>
           │           └ <uvicorn.server.Server object at 0x10819c350>
           └ <function run at 0x10252e980>
  File "/Users/sunquanhu/.pyenv/versions/3.12.2/lib/python3.12/asyncio/runners.py", line 194, in run
    return runner.run(main)
           │      │   └ <coroutine object Server.serve at 0x108415d20>
           │      └ <function Runner.run at 0x102592de0>
           └ <asyncio.runners.Runner object at 0x10842e8a0>
  File "/Users/sunquanhu/.pyenv/versions/3.12.2/lib/python3.12/asyncio/runners.py", line 118, in run
    return self._loop.run_until_complete(task)
           │    │     │                  └ <Task pending name='Task-1' coro=<Server.serve() running at /Users/sunquanhu/Projects/study/ai/personal-workspace/personal-wo...
           │    │     └ <function BaseEventLoop.run_until_complete at 0x102590a40>
           │    └ <_UnixSelectorEventLoop running=True closed=False debug=False>
           └ <asyncio.runners.Runner object at 0x10842e8a0>
  File "/Users/sunquanhu/.pyenv/versions/3.12.2/lib/python3.12/asyncio/base_events.py", line 672, in run_until_complete
    self.run_forever()
    │    └ <function BaseEventLoop.run_forever at 0x1025909a0>
    └ <_UnixSelectorEventLoop running=True closed=False debug=False>
  File "/Users/sunquanhu/.pyenv/versions/3.12.2/lib/python3.12/asyncio/base_events.py", line 639, in run_forever
    self._run_once()
    │    └ <function BaseEventLoop._run_once at 0x1025927a0>
    └ <_UnixSelectorEventLoop running=True closed=False debug=False>
  File "/Users/sunquanhu/.pyenv/versions/3.12.2/lib/python3.12/asyncio/base_events.py", line 1985, in _run_once
    handle._run()
    │      └ <function Handle._run at 0x102516b60>
    └ <Handle Task.task_wakeup(<Future finished result=None>)>
  File "/Users/sunquanhu/.pyenv/versions/3.12.2/lib/python3.12/asyncio/events.py", line 88, in _run
    self._context.run(self._callback, *self._args)
    │    │            │    │           │    └ <member '_args' of 'Handle' objects>
    │    │            │    │           └ <Handle Task.task_wakeup(<Future finished result=None>)>
    │    │            │    └ <member '_callback' of 'Handle' objects>
    │    │            └ <Handle Task.task_wakeup(<Future finished result=None>)>
    │    └ <member '_context' of 'Handle' objects>
    └ <Handle Task.task_wakeup(<Future finished result=None>)>
  File "/Users/sunquanhu/Projects/study/ai/personal-workspace/personal-workspace-app/.venv/lib/python3.12/site-packages/uvicorn/protocols/http/httptools_impl.py", line 422, in run_asgi
    result = await app(  # type: ignore[func-returns-value]
                   └ <uvicorn.middleware.proxy_headers.ProxyHeadersMiddleware object at 0x1084563c0>
  File "/Users/sunquanhu/Projects/study/ai/personal-workspace/personal-workspace-app/.venv/lib/python3.12/site-packages/uvicorn/middleware/proxy_headers.py", line 63, in __call__
    return await self.app(scope, receive, send)
                 │    │   │      │        └ <bound method RequestResponseCycle.send of <uvicorn.protocols.http.httptools_impl.RequestResponseCycle object at 0x10a7a3d40>>
                 │    │   │      └ <bound method RequestResponseCycle.receive of <uvicorn.protocols.http.httptools_impl.RequestResponseCycle object at 0x10a7a3d...
                 │    │   └ {'type': 'http', 'asgi': {'version': '3.0', 'spec_version': '2.3'}, 'http_version': '1.1', 'server': ('127.0.0.1', 8000), 'cl...
                 │    └ <fastapi.applications.FastAPI object at 0x10842e810>
                 └ <uvicorn.middleware.proxy_headers.ProxyHeadersMiddleware object at 0x1084563c0>
  File "/Users/sunquanhu/Projects/study/ai/personal-workspace/personal-workspace-app/.venv/lib/python3.12/site-packages/fastapi/applications.py", line 1163, in __call__
    await super().__call__(scope, receive, send)
                           │      │        └ <bound method RequestResponseCycle.send of <uvicorn.protocols.http.httptools_impl.RequestResponseCycle object at 0x10a7a3d40>>
                           │      └ <bound method RequestResponseCycle.receive of <uvicorn.protocols.http.httptools_impl.RequestResponseCycle object at 0x10a7a3d...
                           └ {'type': 'http', 'asgi': {'version': '3.0', 'spec_version': '2.3'}, 'http_version': '1.1', 'server': ('127.0.0.1', 8000), 'cl...
  File "/Users/sunquanhu/Projects/study/ai/personal-workspace/personal-workspace-app/.venv/lib/python3.12/site-packages/starlette/applications.py", line 96, in __call__
    await self.middleware_stack(scope, receive, send)
          │    │                │      │        └ <bound method RequestResponseCycle.send of <uvicorn.protocols.http.httptools_impl.RequestResponseCycle object at 0x10a7a3d40>>
          │    │                │      └ <bound method RequestResponseCycle.receive of <uvicorn.protocols.http.httptools_impl.RequestResponseCycle object at 0x10a7a3d...
          │    │                └ {'type': 'http', 'asgi': {'version': '3.0', 'spec_version': '2.3'}, 'http_version': '1.1', 'server': ('127.0.0.1', 8000), 'cl...
          │    └ <starlette.middleware.errors.ServerErrorMiddleware object at 0x1084bb800>
          └ <fastapi.applications.FastAPI object at 0x10842e810>
> File "/Users/sunquanhu/Projects/study/ai/personal-workspace/personal-workspace-app/.venv/lib/python3.12/site-packages/starlette/middleware/errors.py", line 164, in __call__
    await self.app(scope, receive, _send)
          │    │   │      │        └ <function ServerErrorMiddleware.__call__.<locals>._send at 0x10842b240>
          │    │   │      └ <bound method RequestResponseCycle.receive of <uvicorn.protocols.http.httptools_impl.RequestResponseCycle object at 0x10a7a3d...
          │    │   └ {'type': 'http', 'asgi': {'version': '3.0', 'spec_version': '2.3'}, 'http_version': '1.1', 'server': ('127.0.0.1', 8000), 'cl...
          │    └ <personal_workspace_app.core.trace_middleware.TraceAndLogMiddleware object at 0x1084bb830>
          └ <starlette.middleware.errors.ServerErrorMiddleware object at 0x1084bb800>
  File "/Users/sunquanhu/Projects/study/ai/personal-workspace/personal-workspace-app/.venv/lib/python3.12/site-packages/starlette/middleware/base.py", line 198, in __call__
    raise app_exc
          └ StatementError("(builtins.ValueError) could not convert string to float: 'client'")
  File "/Users/sunquanhu/Projects/study/ai/personal-workspace/personal-workspace-app/.venv/lib/python3.12/site-packages/starlette/middleware/base.py", line 144, in coro
    await self.app(scope, receive_or_disconnect, send_no_error)
          │    │   │      │                      └ <function BaseHTTPMiddleware.__call__.<locals>.call_next.<locals>.send_no_error at 0x10a74afc0>
          │    │   │      └ <function BaseHTTPMiddleware.__call__.<locals>.call_next.<locals>.receive_or_disconnect at 0x10a74af20>
          │    │   └ {'type': 'http', 'asgi': {'version': '3.0', 'spec_version': '2.3'}, 'http_version': '1.1', 'server': ('127.0.0.1', 8000), 'cl...
          │    └ <starlette.middleware.exceptions.ExceptionMiddleware object at 0x1081631a0>
          └ <personal_workspace_app.core.trace_middleware.TraceAndLogMiddleware object at 0x1084bb830>
  File "/Users/sunquanhu/Projects/study/ai/personal-workspace/personal-workspace-app/.venv/lib/python3.12/site-packages/starlette/middleware/exceptions.py", line 63, in __call__
    await wrap_app_handling_exceptions(self.app, conn)(scope, receive, send)
          │                            │    │    │     │      │        └ <function BaseHTTPMiddleware.__call__.<locals>.call_next.<locals>.send_no_error at 0x10a74afc0>
          │                            │    │    │     │      └ <function BaseHTTPMiddleware.__call__.<locals>.call_next.<locals>.receive_or_disconnect at 0x10a74af20>
          │                            │    │    │     └ {'type': 'http', 'asgi': {'version': '3.0', 'spec_version': '2.3'}, 'http_version': '1.1', 'server': ('127.0.0.1', 8000), 'cl...
          │                            │    │    └ <starlette.requests.Request object at 0x10a7a3530>
          │                            │    └ <fastapi.middleware.asyncexitstack.AsyncExitStackMiddleware object at 0x1084bb7d0>
          │                            └ <starlette.middleware.exceptions.ExceptionMiddleware object at 0x1081631a0>
          └ <function wrap_app_handling_exceptions at 0x1033ecfe0>
  File "/Users/sunquanhu/Projects/study/ai/personal-workspace/personal-workspace-app/.venv/lib/python3.12/site-packages/starlette/_exception_handler.py", line 53, in wrapped_app
    raise exc
  File "/Users/sunquanhu/Projects/study/ai/personal-workspace/personal-workspace-app/.venv/lib/python3.12/site-packages/starlette/_exception_handler.py", line 42, in wrapped_app
    await app(scope, receive, sender)
          │   │      │        └ <function wrap_app_handling_exceptions.<locals>.wrapped_app.<locals>.sender at 0x10a74b380>
          │   │      └ <function BaseHTTPMiddleware.__call__.<locals>.call_next.<locals>.receive_or_disconnect at 0x10a74af20>
          │   └ {'type': 'http', 'asgi': {'version': '3.0', 'spec_version': '2.3'}, 'http_version': '1.1', 'server': ('127.0.0.1', 8000), 'cl...
          └ <fastapi.middleware.asyncexitstack.AsyncExitStackMiddleware object at 0x1084bb7d0>
  File "/Users/sunquanhu/Projects/study/ai/personal-workspace/personal-workspace-app/.venv/lib/python3.12/site-packages/fastapi/middleware/asyncexitstack.py", line 18, in __call__
    await self.app(scope, receive, send)
          │    │   │      │        └ <function wrap_app_handling_exceptions.<locals>.wrapped_app.<locals>.sender at 0x10a74b380>
          │    │   │      └ <function BaseHTTPMiddleware.__call__.<locals>.call_next.<locals>.receive_or_disconnect at 0x10a74af20>
          │    │   └ {'type': 'http', 'asgi': {'version': '3.0', 'spec_version': '2.3'}, 'http_version': '1.1', 'server': ('127.0.0.1', 8000), 'cl...
          │    └ <fastapi.routing.APIRouter object at 0x10842e990>
          └ <fastapi.middleware.asyncexitstack.AsyncExitStackMiddleware object at 0x1084bb7d0>
  File "/Users/sunquanhu/Projects/study/ai/personal-workspace/personal-workspace-app/.venv/lib/python3.12/site-packages/starlette/routing.py", line 670, in __call__
    await self.middleware_stack(scope, receive, send)
          │    │                │      │        └ <function wrap_app_handling_exceptions.<locals>.wrapped_app.<locals>.sender at 0x10a74b380>
          │    │                │      └ <function BaseHTTPMiddleware.__call__.<locals>.call_next.<locals>.receive_or_disconnect at 0x10a74af20>
          │    │                └ {'type': 'http', 'asgi': {'version': '3.0', 'spec_version': '2.3'}, 'http_version': '1.1', 'server': ('127.0.0.1', 8000), 'cl...
          │    └ <bound method APIRouter.app of <fastapi.routing.APIRouter object at 0x10842e990>>
          └ <fastapi.routing.APIRouter object at 0x10842e990>
  File "/Users/sunquanhu/Projects/study/ai/personal-workspace/personal-workspace-app/.venv/lib/python3.12/site-packages/fastapi/routing.py", line 2734, in app
    await route.handle(scope, receive, send)
          │     │      │      │        └ <function wrap_app_handling_exceptions.<locals>.wrapped_app.<locals>.sender at 0x10a74b380>
          │     │      │      └ <function BaseHTTPMiddleware.__call__.<locals>.call_next.<locals>.receive_or_disconnect at 0x10a74af20>
          │     │      └ {'type': 'http', 'asgi': {'version': '3.0', 'spec_version': '2.3'}, 'http_version': '1.1', 'server': ('127.0.0.1', 8000), 'cl...
          │     └ <function _IncludedRouter.handle at 0x10342fe20>
          └ _IncludedRouter(original_router=<fastapi.routing.APIRouter object at 0x106a7cd10>, include_context=_RouterIncludeContext(incl...
  File "/Users/sunquanhu/Projects/study/ai/personal-workspace/personal-workspace-app/.venv/lib/python3.12/site-packages/fastapi/routing.py", line 1780, in handle
    await self.original_router.handle(scope, receive, send)
          │    │               │      │      │        └ <function wrap_app_handling_exceptions.<locals>.wrapped_app.<locals>.sender at 0x10a74b380>
          │    │               │      │      └ <function BaseHTTPMiddleware.__call__.<locals>.call_next.<locals>.receive_or_disconnect at 0x10a74af20>
          │    │               │      └ {'type': 'http', 'asgi': {'version': '3.0', 'spec_version': '2.3'}, 'http_version': '1.1', 'server': ('127.0.0.1', 8000), 'cl...
          │    │               └ <function APIRouter.handle at 0x103451ee0>
          │    └ <fastapi.routing.APIRouter object at 0x106a7cd10>
          └ _IncludedRouter(original_router=<fastapi.routing.APIRouter object at 0x106a7cd10>, include_context=_RouterIncludeContext(incl...
  File "/Users/sunquanhu/Projects/study/ai/personal-workspace/personal-workspace-app/.venv/lib/python3.12/site-packages/fastapi/routing.py", line 2789, in handle
    await included_router._handle_selected(scope, receive, send)
          │               │                │      │        └ <function wrap_app_handling_exceptions.<locals>.wrapped_app.<locals>.sender at 0x10a74b380>
          │               │                │      └ <function BaseHTTPMiddleware.__call__.<locals>.call_next.<locals>.receive_or_disconnect at 0x10a74af20>
          │               │                └ {'type': 'http', 'asgi': {'version': '3.0', 'spec_version': '2.3'}, 'http_version': '1.1', 'server': ('127.0.0.1', 8000), 'cl...
          │               └ <function _IncludedRouter._handle_selected at 0x10342fec0>
          └ _IncludedRouter(original_router=<fastapi.routing.APIRouter object at 0x106a7cd10>, include_context=_RouterIncludeContext(incl...
  File "/Users/sunquanhu/Projects/study/ai/personal-workspace/personal-workspace-app/.venv/lib/python3.12/site-packages/fastapi/routing.py", line 1800, in _handle_selected
    await original_route.handle(scope, receive, send)
          │              │      │      │        └ <function wrap_app_handling_exceptions.<locals>.wrapped_app.<locals>.sender at 0x10a74b380>
          │              │      │      └ <function BaseHTTPMiddleware.__call__.<locals>.call_next.<locals>.receive_or_disconnect at 0x10a74af20>
          │              │      └ {'type': 'http', 'asgi': {'version': '3.0', 'spec_version': '2.3'}, 'http_version': '1.1', 'server': ('127.0.0.1', 8000), 'cl...
          │              └ <function APIRoute.handle at 0x10342df80>
          └ APIRoute(path='/kb/upload', name='kb_upload_endpoint', methods=['POST'])
  File "/Users/sunquanhu/Projects/study/ai/personal-workspace/personal-workspace-app/.venv/lib/python3.12/site-packages/fastapi/routing.py", line 1279, in handle
    await app(scope, receive, send)
          │   │      │        └ <function wrap_app_handling_exceptions.<locals>.wrapped_app.<locals>.sender at 0x10a74b380>
          │   │      └ <function BaseHTTPMiddleware.__call__.<locals>.call_next.<locals>.receive_or_disconnect at 0x10a74af20>
          │   └ {'type': 'http', 'asgi': {'version': '3.0', 'spec_version': '2.3'}, 'http_version': '1.1', 'server': ('127.0.0.1', 8000), 'cl...
          └ <function request_response.<locals>.app at 0x10a684540>
  File "/Users/sunquanhu/Projects/study/ai/personal-workspace/personal-workspace-app/.venv/lib/python3.12/site-packages/fastapi/routing.py", line 158, in app
    await wrap_app_handling_exceptions(app, request)(scope, receive, send)
          │                            │    │        │      │        └ <function wrap_app_handling_exceptions.<locals>.wrapped_app.<locals>.sender at 0x10a74b380>
          │                            │    │        │      └ <function BaseHTTPMiddleware.__call__.<locals>.call_next.<locals>.receive_or_disconnect at 0x10a74af20>
          │                            │    │        └ {'type': 'http', 'asgi': {'version': '3.0', 'spec_version': '2.3'}, 'http_version': '1.1', 'server': ('127.0.0.1', 8000), 'cl...
          │                            │    └ <starlette.requests.Request object at 0x108532900>
          │                            └ <function request_response.<locals>.app.<locals>.app at 0x10a74b4c0>
          └ <function wrap_app_handling_exceptions at 0x1033ecfe0>
  File "/Users/sunquanhu/Projects/study/ai/personal-workspace/personal-workspace-app/.venv/lib/python3.12/site-packages/starlette/_exception_handler.py", line 53, in wrapped_app
    raise exc
  File "/Users/sunquanhu/Projects/study/ai/personal-workspace/personal-workspace-app/.venv/lib/python3.12/site-packages/starlette/_exception_handler.py", line 42, in wrapped_app
    await app(scope, receive, sender)
          │   │      │        └ <function wrap_app_handling_exceptions.<locals>.wrapped_app.<locals>.sender at 0x10a74b600>
          │   │      └ <function BaseHTTPMiddleware.__call__.<locals>.call_next.<locals>.receive_or_disconnect at 0x10a74af20>
          │   └ {'type': 'http', 'asgi': {'version': '3.0', 'spec_version': '2.3'}, 'http_version': '1.1', 'server': ('127.0.0.1', 8000), 'cl...
          └ <function request_response.<locals>.app.<locals>.app at 0x10a74b4c0>
  File "/Users/sunquanhu/Projects/study/ai/personal-workspace/personal-workspace-app/.venv/lib/python3.12/site-packages/fastapi/routing.py", line 140, in app
    async with AsyncExitStack() as request_stack:
               │                   └ <contextlib.AsyncExitStack object at 0x10a9d4620>
               └ <class 'contextlib.AsyncExitStack'>
  File "/Users/sunquanhu/.pyenv/versions/3.12.2/lib/python3.12/contextlib.py", line 754, in __aexit__
    raise exc_details[1]
          └ (<class 'sqlalchemy.exc.StatementError'>, StatementError("(builtins.ValueError) could not convert string to float: 'client'")...
  File "/Users/sunquanhu/.pyenv/versions/3.12.2/lib/python3.12/contextlib.py", line 737, in __aexit__
    cb_suppress = await cb(*exc_details)
                        │   └ (<class 'sqlalchemy.exc.StatementError'>, StatementError("(builtins.ValueError) could not convert string to float: 'client'")...
                        └ <bound method _AsyncGeneratorContextManager.__aexit__ of <contextlib._AsyncGeneratorContextManager object at 0x10a7a2ea0>>
  File "/Users/sunquanhu/.pyenv/versions/3.12.2/lib/python3.12/contextlib.py", line 217, in __aexit__
    await anext(self.gen)
                │    └ <async_generator object get_db at 0x10a854ac0>
                └ <contextlib._AsyncGeneratorContextManager object at 0x10a7a2ea0>

  File "/Users/sunquanhu/Projects/study/ai/personal-workspace/personal-workspace-app/src/personal_workspace_app/infrastructure/db/session.py", line 33, in get_db
    await session.commit()
          │       └ <function AsyncSession.commit at 0x103ee0220>
          └ <sqlalchemy.ext.asyncio.session.AsyncSession object at 0x10a7a3620>

  File "/Users/sunquanhu/Projects/study/ai/personal-workspace/personal-workspace-app/.venv/lib/python3.12/site-packages/sqlalchemy/ext/asyncio/session.py", line 999, in commit
    await greenlet_spawn(self.sync_session.commit)
          │              │    │            └ <function Session.commit at 0x103ddc4a0>
          │              │    └ <sqlalchemy.orm.session.Session object at 0x10a7a3650>
          │              └ <sqlalchemy.ext.asyncio.session.AsyncSession object at 0x10a7a3620>
          └ <function greenlet_spawn at 0x1035342c0>
  File "/Users/sunquanhu/Projects/study/ai/personal-workspace/personal-workspace-app/.venv/lib/python3.12/site-packages/sqlalchemy/util/_concurrency_py3k.py", line 203, in greenlet_spawn
    result = context.switch(value)
             │       │      └ None
             │       └ <method 'switch' of 'greenlet.greenlet' objects>
             └ <_AsyncIoGreenlet object at 0x1084fc1c0 (otid=0x60000263c300) dead>
  File "/Users/sunquanhu/Projects/study/ai/personal-workspace/personal-workspace-app/.venv/lib/python3.12/site-packages/sqlalchemy/orm/session.py", line 2035, in commit
    trans.commit(_to_root=True)
    │     └ <function SessionTransaction.commit at 0x103dd7420>
    └ <sqlalchemy.orm.session.SessionTransaction object at 0x10a7d0a50>
  File "<string>", line 2, in commit
  File "/Users/sunquanhu/Projects/study/ai/personal-workspace/personal-workspace-app/.venv/lib/python3.12/site-packages/sqlalchemy/orm/state_changes.py", line 137, in _go
    ret_value = fn(self, *arg, **kw)
                │  │      │      └ {'_to_root': True}
                │  │      └ ()
                │  └ <sqlalchemy.orm.session.SessionTransaction object at 0x10a7d0a50>
                └ <function SessionTransaction.commit at 0x103dd7380>
  File "/Users/sunquanhu/Projects/study/ai/personal-workspace/personal-workspace-app/.venv/lib/python3.12/site-packages/sqlalchemy/orm/session.py", line 1316, in commit
    self._prepare_impl()
    │    └ <function SessionTransaction._prepare_impl at 0x103dd7240>
    └ <sqlalchemy.orm.session.SessionTransaction object at 0x10a7d0a50>
  File "<string>", line 2, in _prepare_impl
  File "/Users/sunquanhu/Projects/study/ai/personal-workspace/personal-workspace-app/.venv/lib/python3.12/site-packages/sqlalchemy/orm/state_changes.py", line 137, in _go
    ret_value = fn(self, *arg, **kw)
                │  │      │      └ {}
                │  │      └ ()
                │  └ <sqlalchemy.orm.session.SessionTransaction object at 0x10a7d0a50>
                └ <function SessionTransaction._prepare_impl at 0x103dd71a0>
  File "/Users/sunquanhu/Projects/study/ai/personal-workspace/personal-workspace-app/.venv/lib/python3.12/site-packages/sqlalchemy/orm/session.py", line 1290, in _prepare_impl
    self.session.flush()
    │    │       └ <function Session.flush at 0x103ddf380>
    │    └ <sqlalchemy.orm.session.Session object at 0x10a7a3650>
    └ <sqlalchemy.orm.session.SessionTransaction object at 0x10a7d0a50>
  File "/Users/sunquanhu/Projects/study/ai/personal-workspace/personal-workspace-app/.venv/lib/python3.12/site-packages/sqlalchemy/orm/session.py", line 4353, in flush
    self._flush(objects)
    │    │      └ None
    │    └ <function Session._flush at 0x103ddf560>
    └ <sqlalchemy.orm.session.Session object at 0x10a7a3650>
  File "/Users/sunquanhu/Projects/study/ai/personal-workspace/personal-workspace-app/.venv/lib/python3.12/site-packages/sqlalchemy/orm/session.py", line 4488, in _flush
    with util.safe_reraise():
         │    └ <class 'sqlalchemy.util.langhelpers.safe_reraise'>
         └ <module 'sqlalchemy.util' from '/Users/sunquanhu/Projects/study/ai/personal-workspace/personal-workspace-app/.venv/lib/python...
  File "/Users/sunquanhu/Projects/study/ai/personal-workspace/personal-workspace-app/.venv/lib/python3.12/site-packages/sqlalchemy/util/langhelpers.py", line 122, in __exit__
    raise exc_value.with_traceback(exc_tb)
          │         │              └ <traceback object at 0x10a9bc580>
          │         └ <method 'with_traceback' of 'BaseException' objects>
          └ StatementError("(builtins.ValueError) could not convert string to float: 'client'")
  File "/Users/sunquanhu/Projects/study/ai/personal-workspace/personal-workspace-app/.venv/lib/python3.12/site-packages/sqlalchemy/orm/session.py", line 4449, in _flush
    flush_context.execute()
    │             └ <function UOWTransaction.execute at 0x103d631a0>
    └ <sqlalchemy.orm.unitofwork.UOWTransaction object at 0x108570500>
  File "/Users/sunquanhu/Projects/study/ai/personal-workspace/personal-workspace-app/.venv/lib/python3.12/site-packages/sqlalchemy/orm/unitofwork.py", line 465, in execute
    rec.execute(self)
    │   │       └ <sqlalchemy.orm.unitofwork.UOWTransaction object at 0x108570500>
    │   └ <function SaveUpdateAll.execute at 0x103d63ce0>
    └ SaveUpdateAll(Mapper[KnowledgeInfo(kb_doc_test)])
  File "/Users/sunquanhu/Projects/study/ai/personal-workspace/personal-workspace-app/.venv/lib/python3.12/site-packages/sqlalchemy/orm/unitofwork.py", line 641, in execute
    util.preloaded.orm_persistence.save_obj(
    │    │         │               └ <function save_obj at 0x103dc0040>
    │    │         └ <module 'sqlalchemy.orm.persistence' from '/Users/sunquanhu/Projects/study/ai/personal-workspace/personal-workspace-app/.venv...
    │    └ <module 'sqlalchemy.util.preloaded' from '/Users/sunquanhu/Projects/study/ai/personal-workspace/personal-workspace-app/.venv/...
    └ <module 'sqlalchemy.util' from '/Users/sunquanhu/Projects/study/ai/personal-workspace/personal-workspace-app/.venv/lib/python...
  File "/Users/sunquanhu/Projects/study/ai/personal-workspace/personal-workspace-app/.venv/lib/python3.12/site-packages/sqlalchemy/orm/persistence.py", line 94, in save_obj
    _emit_insert_statements(
    └ <function _emit_insert_statements at 0x103dc0e00>
  File "/Users/sunquanhu/Projects/study/ai/personal-workspace/personal-workspace-app/.venv/lib/python3.12/site-packages/sqlalchemy/orm/persistence.py", line 1144, in _emit_insert_statements
    result = connection.execute(
             │          └ <function Connection.execute at 0x103a2e8e0>
             └ <sqlalchemy.engine.base.Connection object at 0x10a7a3500>
  File "/Users/sunquanhu/Projects/study/ai/personal-workspace/personal-workspace-app/.venv/lib/python3.12/site-packages/sqlalchemy/engine/base.py", line 1421, in execute
    return meth(
           └ <bound method ClauseElement._execute_on_connection of <sqlalchemy.sql.dml.Insert object at 0x10848bc20>>
  File "/Users/sunquanhu/Projects/study/ai/personal-workspace/personal-workspace-app/.venv/lib/python3.12/site-packages/sqlalchemy/sql/elements.py", line 526, in _execute_on_connection
    return connection._execute_clauseelement(
           │          └ <function Connection._execute_clauseelement at 0x103a2ec00>
           └ <sqlalchemy.engine.base.Connection object at 0x10a7a3500>
  File "/Users/sunquanhu/Projects/study/ai/personal-workspace/personal-workspace-app/.venv/lib/python3.12/site-packages/sqlalchemy/engine/base.py", line 1643, in _execute_clauseelement
    ret = self._execute_context(
          │    └ <function Connection._execute_context at 0x103a2ede0>
          └ <sqlalchemy.engine.base.Connection object at 0x10a7a3500>
  File "/Users/sunquanhu/Projects/study/ai/personal-workspace/personal-workspace-app/.venv/lib/python3.12/site-packages/sqlalchemy/engine/base.py", line 1823, in _execute_context
    self._handle_dbapi_exception(
    │    └ <function Connection._handle_dbapi_exception at 0x103a2f100>
    └ <sqlalchemy.engine.base.Connection object at 0x10a7a3500>
  File "/Users/sunquanhu/Projects/study/ai/personal-workspace/personal-workspace-app/.venv/lib/python3.12/site-packages/sqlalchemy/engine/base.py", line 2365, in _handle_dbapi_exception
    raise sqlalchemy_exception.with_traceback(exc_info[2]) from e
          │                    │              │                 └ ValueError("could not convert string to float: 'client'")
          │                    │              └ (<class 'ValueError'>, ValueError("could not convert string to float: 'client'"), <traceback object at 0x10a9bc440>)
          │                    └ <method 'with_traceback' of 'BaseException' objects>
          └ StatementError("(builtins.ValueError) could not convert string to float: 'client'")
  File "/Users/sunquanhu/Projects/study/ai/personal-workspace/personal-workspace-app/.venv/lib/python3.12/site-packages/sqlalchemy/engine/base.py", line 1817, in _execute_context
    context = constructor(
              └ <bound method DefaultExecutionContext._init_compiled of <class 'sqlalchemy.dialects.postgresql.asyncpg.PGExecutionContext_asy...
  File "/Users/sunquanhu/Projects/study/ai/personal-workspace/personal-workspace-app/.venv/lib/python3.12/site-packages/sqlalchemy/engine/default.py", line 1496, in _init_compiled
    flattened_processors[key](compiled_params[key])
    │                         └ {'id': '6a435e8e-fd67-4a8b-9c9e-1fcbbae1752a', 'kb_id': '111', 'doc_id': '111', 'text_content': 'ssss', 'embedding': 'client'...
    └ {'embedding': <function VECTOR.bind_processor.<locals>.process at 0x10a6868e0>, 'metadata': <function JSON._make_bind_process...
  File "/Users/sunquanhu/Projects/study/ai/personal-workspace/personal-workspace-app/.venv/lib/python3.12/site-packages/pgvector/sqlalchemy/vector.py", line 21, in process
    return Vector._to_db(value, self.dim)
           │      │      │      │    └ 1024
           │      │      │      └ VECTOR(dim=1024)
           │      │      └ 'client'
           │      └ <classmethod(<function Vector._to_db at 0x1071eab60>)>
           └ <class 'pgvector.utils.vector.Vector'>
  File "/Users/sunquanhu/Projects/study/ai/personal-workspace/personal-workspace-app/.venv/lib/python3.12/site-packages/pgvector/utils/vector.py", line 49, in _to_db
    value = cls(value)
            │   └ 'client'
            └ <class 'pgvector.utils.vector.Vector'>
  File "/Users/sunquanhu/Projects/study/ai/personal-workspace/personal-workspace-app/.venv/lib/python3.12/site-packages/pgvector/utils/vector.py", line 9, in __init__
    value = np.asarray(value, dtype='>f4')
            │  │       └ 'client'
            │  └ <built-in function asarray>
            └ <module 'numpy' from '/Users/sunquanhu/Projects/study/ai/personal-workspace/personal-workspace-app/.venv/lib/python3.12/site-...

sqlalchemy.exc.StatementError: (builtins.ValueError) could not convert string to float: 'client'
[SQL: INSERT INTO kb_doc_test (id, kb_id, doc_id, text_content, embedding, metadata, chunk_index, create_at) VALUES ($1::VARCHAR, $2::VARCHAR, $3::VARCHAR, $4::VARCHAR, $5, $6::JSONB, $7::INTEGER, $8::TIMESTAMP WITH TIME ZONE) RETURNING kb_doc_test.fts_tokens, kb_doc_test.id]
[parameters: [{'metadata': {'doc_id': '111', 'kb_id': '111'}, 'embedding': 'client', 'doc_id': '111', 'text_content': 'ssss', 'kb_id': '111', 'id': '6a435e8e-fd67-4a8b-9c9e-1fcbbae1752a', 'chunk_index': 0, 'create_at': None}, {'metadata': {'doc_id': '111', 'kb_id': '111'}, 'embedding': 'async_client', 'doc_id': '111', 'text_content': 'ssss', 'kb_id': '111', 'id': 'e784b806-e015-4157-9177-758c9a949c75', 'chunk_index': 1, 'create_at': None}, {'metadata': {'doc_id': '111', 'kb_id': '111'}, 'embedding': 'model', 'doc_id': '111', 'text_content': 'ssss', 'kb_id': '111', 'id': '551bd408-9202-41ae-9e47-a4f8bd54fa44', 'chunk_index': 2, 'create_at': None}, {'metadata': {'doc_id': '111', 'kb_id': '111'}, 'embedding': 'dimensions', 'doc_id': '111', 'text_content': 'ssss', 'kb_id': '111', 'id': 'aa69cbd0-8101-4065-afde-0435584f0f40', 'chunk_index': 3, 'create_at': None}, {'metadata': {'doc_id': '111', 'kb_id': '111'}, 'embedding': 'deployment', 'doc_id': '111', 'text_content': 'ssss', 'kb_id': '111', 'id': 'f89f046c-20c3-46cd-8e62-007815955a7e', 'chunk_index': 4, 'create_at': None}, {'metadata': {'doc_id': '111', 'kb_id': '111'}, 'embedding': 'openai_api_version', 'doc_id': '111', 'text_content': 'ssss', 'kb_id': '111', 'id': '281765c6-aec8-421f-9234-7abfd33388ff', 'chunk_index': 5, 'create_at': None}, {'metadata': {'doc_id': '111', 'kb_id': '111'}, 'embedding': 'openai_api_base', 'doc_id': '111', 'text_content': 'ssss', 'kb_id': '111', 'id': 'c12e2abe-0014-463f-990e-5ed8c1fbad31', 'chunk_index': 6, 'create_at': None}, {'metadata': {'doc_id': '111', 'kb_id': '111'}, 'embedding': 'openai_api_type', 'doc_id': '111', 'text_content': 'ssss', 'kb_id': '111', 'id': '35b8b918-4d9c-4dc3-a86c-547d3ff26a69', 'chunk_index': 7, 'create_at': None}, {'metadata': {'doc_id': '111', 'kb_id': '111'}, 'embedding': 'openai_proxy', 'doc_id': '111', 'text_content': 'ssss', 'kb_id': '111', 'id': '6bdcb2ac-f9c5-4900-832d-a93749933682', 'chunk_index': 8, 'create_at': None}, {'metadata': {'doc_id': '111', 'kb_id': '111'}, 'embedding': 'embedding_ctx_length', 'doc_id': '111', 'text_content': 'ssss', 'kb_id': '111', 'id': 'bb19bc0c-ad94-4edc-9109-a3910ccf24f5', 'chunk_index': 9, 'create_at': None}, {'metadata': {'doc_id': '111', 'kb_id': '111'}, 'embedding': 'openai_api_key', 'doc_id': '111', 'text_content': 'ssss', 'kb_id': '111', 'id': '1035f336-d4d0-4dd5-b6fb-794b80c02748', 'chunk_index': 10, 'create_at': None}, {'metadata': {'doc_id': '111', 'kb_id': '111'}, 'embedding': 'openai_organization', 'doc_id': '111', 'text_content': 'ssss', 'kb_id': '111', 'id': '7d781bda-35f2-4ef9-a733-99c66ddf4b3c', 'chunk_index': 11, 'create_at': None}, {'metadata': {'doc_id': '111', 'kb_id': '111'}, 'embedding': 'allowed_special', 'doc_id': '111', 'text_content': 'ssss', 'kb_id': '111', 'id': 'fac93bbc-a653-4dca-8013-8a57a6117d69', 'chunk_index': 12, 'create_at': None}, {'metadata': {'doc_id': '111', 'kb_id': '111'}, 'embedding': 'disallowed_special', 'doc_id': '111', 'text_content': 'ssss', 'kb_id': '111', 'id': '3d0030b6-9340-4262-b42a-1313620319c0', 'chunk_index': 13, 'create_at': None}, {'metadata': {'doc_id': '111', 'kb_id': '111'}, 'embedding': 'chunk_size', 'doc_id': '111', 'text_content': 'ssss', 'kb_id': '111', 'id': '4d29008c-e333-401b-ae9e-3502659b55b7', 'chunk_index': 14, 'create_at': None}, {'metadata': {'doc_id': '111', 'kb_id': '111'}, 'embedding': 'max_retries', 'doc_id': '111', 'text_content': 'ssss', 'kb_id': '111', 'id': 'be38f86b-6664-459d-818d-cb8d8e5bfa73', 'chunk_index': 15, 'create_at': None}, {'metadata': {'doc_id': '111', 'kb_id': '111'}, 'embedding': 'request_timeout', 'doc_id': '111', 'text_content': 'ssss', 'kb_id': '111', 'id': '253f352a-7a96-4fcb-b09d-ac3d828079da', 'chunk_index': 16, 'create_at': None}, {'metadata': {'doc_id': '111', 'kb_id': '111'}, 'embedding': 'headers', 'doc_id': '111', 'text_content': 'ssss', 'kb_id': '111', 'id': '2a964b9d-fcf8-4948-a19b-a9af92806fa3', 'chunk_index': 17, 'create_at': None}, {'metadata': {'doc_id': '111', 'kb_id': '111'}, 'embedding': 'tiktoken_enabled', 'doc_id': '111', 'text_content': 'ssss', 'kb_id': '111', 'id': 'd4752ad8-3e1d-4b1d-9bf3-12f1e3b09209', 'chunk_index': 18, 'create_at': None}, {'metadata': {'doc_id': '111', 'kb_id': '111'}, 'embedding': 'tiktoken_model_name', 'doc_id': '111', 'text_content': 'ssss', 'kb_id': '111', 'id': 'b8088fa1-5633-4322-a037-1bd1d1d2aa9e', 'chunk_index': 19, 'create_at': None}, {'metadata': {'doc_id': '111', 'kb_id': '111'}, 'embedding': 'show_progress_bar', 'doc_id': '111', 'text_content': 'ssss', 'kb_id': '111', 'id': 'f2d0c561-20b6-43b1-b6f2-06d00d3ee0e1', 'chunk_index': 20, 'create_at': None}, {'metadata': {'doc_id': '111', 'kb_id': '111'}, 'embedding': 'model_kwargs', 'doc_id': '111', 'text_content': 'ssss', 'kb_id': '111', 'id': '2046b6f9-c308-4136-b3cc-9f8e06768473', 'chunk_index': 21, 'create_at': None}, {'metadata': {'doc_id': '111', 'kb_id': '111'}, 'embedding': 'skip_empty', 'doc_id': '111', 'text_content': 'ssss', 'kb_id': '111', 'id': '40549cdf-b81d-460c-afd6-bbfbe8bd6e14', 'chunk_index': 22, 'create_at': None}, {'metadata': {'doc_id': '111', 'kb_id': '111'}, 'embedding': 'default_headers', 'doc_id': '111', 'text_content': 'ssss', 'kb_id': '111', 'id': '4f088236-f0df-41fd-b627-998a33b88f92', 'chunk_index': 23, 'create_at': None}, {'metadata': {'doc_id': '111', 'kb_id': '111'}, 'embedding': 'default_query', 'doc_id': '111', 'text_content': 'ssss', 'kb_id': '111', 'id': 'e7e773bc-485c-4f93-a98d-26f7bbe7d19b', 'chunk_index': 24, 'create_at': None}, {'metadata': {'doc_id': '111', 'kb_id': '111'}, 'embedding': 'retry_min_seconds', 'doc_id': '111', 'text_content': 'ssss', 'kb_id': '111', 'id': '3ace8e1a-e5a3-401e-99a2-9a3eab6acf85', 'chunk_index': 25, 'create_at': None}, {'metadata': {'doc_id': '111', 'kb_id': '111'}, 'embedding': 'retry_max_seconds', 'doc_id': '111', 'text_content': 'ssss', 'kb_id': '111', 'id': 'ed79fcd9-a830-4650-8a20-93d5277b3be4', 'chunk_index': 26, 'create_at': None}, {'metadata': {'doc_id': '111', 'kb_id': '111'}, 'embedding': 'http_client', 'doc_id': '111', 'text_content': 'ssss', 'kb_id': '111', 'id': '066124a0-35af-4801-97ba-fb86a9590bfd', 'chunk_index': 27, 'create_at': None}, {'metadata': {'doc_id': '111', 'kb_id': '111'}, 'embedding': 'http_async_client', 'doc_id': '111', 'text_content': 'ssss', 'kb_id': '111', 'id': '3810635d-977a-4313-b798-02457c76ab6c', 'chunk_index': 28, 'create_at': None}, {'metadata': {'doc_id': '111', 'kb_id': '111'}, 'embedding': 'check_embedding_ctx_length', 'doc_id': '111', 'text_content': 'ssss', 'kb_id': '111', 'id': '4939e613-c62b-4739-8fc9-a3a957fcf0a9', 'chunk_index': 29, 'create_at': None}]]
2026-09-09 19:59:37.196 | ERROR    | [23978bf517cf454f9326611607268f28] | logging:callHandlers:1762 - 【系统未知异常】Path: /api/v1/kb/upload | Error: (builtins.ValueError) could not convert string to float: 'client'
[SQL: INSERT INTO kb_doc_test (id, kb_id, doc_id, text_content, embedding, metadata, chunk_index, create_at) VALUES ($1::VARCHAR, $2::VARCHAR, $3::VARCHAR, $4::VARCHAR, $5, $6::JSONB, $7::INTEGER, $8::TIMESTAMP WITH TIME ZONE) RETURNING kb_doc_test.fts_tokens, kb_doc_test.id]
[parameters: [{'kb_id': '111', 'doc_id': '111', 'chunk_index': 0, 'id': '2bd46c29-2206-4444-bade-90242d4aa50d', 'metadata': {'doc_id': '111', 'kb_id': '111'}, 'text_content': 'ssss', 'embedding': ('client', <openai.resources.embeddings.Embeddings object at 0x107c29340>), 'create_at': None}, {'kb_id': '111', 'doc_id': '111', 'chunk_index': 1, 'id': '63e23db6-0b1e-4eec-b547-c18be980dd6d', 'metadata': {'doc_id': '111', 'kb_id': '111'}, 'text_content': 'ssss', 'embedding': ('async_client', <openai.resources.embeddings.AsyncEmbeddings object at 0x10a731bb0>), 'create_at': None}, {'kb_id': '111', 'doc_id': '111', 'chunk_index': 2, 'id': '7932bd16-c8fd-4863-af1e-ac8162b38b5b', 'metadata': {'doc_id': '111', 'kb_id': '111'}, 'text_content': 'ssss', 'embedding': ('model', 'qwen3.7-text-embedding'), 'create_at': None}, {'kb_id': '111', 'doc_id': '111', 'chunk_index': 3, 'id': 'c494246c-8bd8-4a0b-84f3-516dbae43ae1', 'metadata': {'doc_id': '111', 'kb_id': '111'}, 'text_content': 'ssss', 'embedding': ('dimensions', 1024), 'create_at': None}, {'kb_id': '111', 'doc_id': '111', 'chunk_index': 4, 'id': '36a6f207-585f-4a8a-82da-0e41f476cc0c', 'metadata': {'doc_id': '111', 'kb_id': '111'}, 'text_content': 'ssss', 'embedding': ('deployment', 'text-embedding-ada-002'), 'create_at': None}, {'kb_id': '111', 'doc_id': '111', 'chunk_index': 5, 'id': '9d308fae-72e5-4135-b401-58d402de02b3', 'metadata': {'doc_id': '111', 'kb_id': '111'}, 'text_content': 'ssss', 'embedding': ('openai_api_version', None), 'create_at': None}, {'kb_id': '111', 'doc_id': '111', 'chunk_index': 6, 'id': 'f34d4f6d-a925-4a95-a2f5-b779b113804d', 'metadata': {'doc_id': '111', 'kb_id': '111'}, 'text_content': 'ssss', 'embedding': ('openai_api_base', 'https://ws-keazas2jpkiugg8q.cn-beijing.maas.aliyuncs.com/compatible-mode/v1'), 'create_at': None}, {'kb_id': '111', 'doc_id': '111', 'chunk_index': 7, 'id': '6fdb8cf2-83e8-46ec-afd2-a81cd9e0ed2d', 'metadata': {'doc_id': '111', 'kb_id': '111'}, 'text_content': 'ssss', 'embedding': ('openai_api_type', None), 'create_at': None}, {'kb_id': '111', 'doc_id': '111', 'chunk_index': 8, 'id': '3f8bc27a-bd51-469e-8180-84fad67dd9b9', 'metadata': {'doc_id': '111', 'kb_id': '111'}, 'text_content': 'ssss', 'embedding': ('openai_proxy', None), 'create_at': None}, {'kb_id': '111', 'doc_id': '111', 'chunk_index': 9, 'id': '7328667d-01c2-47d6-971d-73580ad4164c', 'metadata': {'doc_id': '111', 'kb_id': '111'}, 'text_content': 'ssss', 'embedding': ('embedding_ctx_length', 8191), 'create_at': None}, {'kb_id': '111', 'doc_id': '111', 'chunk_index': 10, 'id': 'd5148648-063e-445b-a788-762fd4dc2ead', 'metadata': {'doc_id': '111', 'kb_id': '111'}, 'text_content': 'ssss', 'embedding': ('openai_api_key', SecretStr('**********')), 'create_at': None}, {'kb_id': '111', 'doc_id': '111', 'chunk_index': 11, 'id': '54a24c5f-e9cb-40cf-959d-9b0e501dcca5', 'metadata': {'doc_id': '111', 'kb_id': '111'}, 'text_content': 'ssss', 'embedding': ('openai_organization', None), 'create_at': None}, {'kb_id': '111', 'doc_id': '111', 'chunk_index': 12, 'id': '2b6002e5-0997-4e05-834f-5c1da47fdc58', 'metadata': {'doc_id': '111', 'kb_id': '111'}, 'text_content': 'ssss', 'embedding': ('allowed_special', None), 'create_at': None}, {'kb_id': '111', 'doc_id': '111', 'chunk_index': 13, 'id': 'aeb845e8-4151-4604-b1e5-61df5e5f978f', 'metadata': {'doc_id': '111', 'kb_id': '111'}, 'text_content': 'ssss', 'embedding': ('disallowed_special', None), 'create_at': None}, {'kb_id': '111', 'doc_id': '111', 'chunk_index': 14, 'id': '3675c974-b0b7-48c0-b50a-65e902d5b349', 'metadata': {'doc_id': '111', 'kb_id': '111'}, 'text_content': 'ssss', 'embedding': ('chunk_size', 1000), 'create_at': None}, {'kb_id': '111', 'doc_id': '111', 'chunk_index': 15, 'id': '44d91abc-24c2-47ee-b4b0-898441e712ca', 'metadata': {'doc_id': '111', 'kb_id': '111'}, 'text_content': 'ssss', 'embedding': ('max_retries', 2), 'create_at': None}, {'kb_id': '111', 'doc_id': '111', 'chunk_index': 16, 'id': '06b56cfd-4363-48e8-afbf-bb5f3ec98a9d', 'metadata': {'doc_id': '111', 'kb_id': '111'}, 'text_content': 'ssss', 'embedding': ('request_timeout', None), 'create_at': None}, {'kb_id': '111', 'doc_id': '111', 'chunk_index': 17, 'id': '3dca9a73-6ca2-48f2-9f0b-7cdf0aaf4405', 'metadata': {'doc_id': '111', 'kb_id': '111'}, 'text_content': 'ssss', 'embedding': ('headers', None), 'create_at': None}, {'kb_id': '111', 'doc_id': '111', 'chunk_index': 18, 'id': '7d0fd34d-056c-45c9-b4b0-6a607276d9d9', 'metadata': {'doc_id': '111', 'kb_id': '111'}, 'text_content': 'ssss', 'embedding': ('tiktoken_enabled', True), 'create_at': None}, {'kb_id': '111', 'doc_id': '111', 'chunk_index': 19, 'id': '3000c528-541d-4246-a7dc-9a1d1c4d076a', 'metadata': {'doc_id': '111', 'kb_id': '111'}, 'text_content': 'ssss', 'embedding': ('tiktoken_model_name', None), 'create_at': None}, {'kb_id': '111', 'doc_id': '111', 'chunk_index': 20, 'id': '450165aa-ef74-46c9-b2a1-05eaf05535aa', 'metadata': {'doc_id': '111', 'kb_id': '111'}, 'text_content': 'ssss', 'embedding': ('show_progress_bar', False), 'create_at': None}, {'kb_id': '111', 'doc_id': '111', 'chunk_index': 21, 'id': '6c48922b-ba62-4db7-a4e8-844101f51407', 'metadata': {'doc_id': '111', 'kb_id': '111'}, 'text_content': 'ssss', 'embedding': ('model_kwargs', {}), 'create_at': None}, {'kb_id': '111', 'doc_id': '111', 'chunk_index': 22, 'id': '8d0359ca-02f1-4609-b2fc-2411c3fdd309', 'metadata': {'doc_id': '111', 'kb_id': '111'}, 'text_content': 'ssss', 'embedding': ('skip_empty', False), 'create_at': None}, {'kb_id': '111', 'doc_id': '111', 'chunk_index': 23, 'id': 'e030d3bb-6d6f-43a5-a520-14ac83b4f6c6', 'metadata': {'doc_id': '111', 'kb_id': '111'}, 'text_content': 'ssss', 'embedding': ('default_headers', None), 'create_at': None}, {'kb_id': '111', 'doc_id': '111', 'chunk_index': 24, 'id': '108e2443-58f2-4206-a67d-7e446c053f6d', 'metadata': {'doc_id': '111', 'kb_id': '111'}, 'text_content': 'ssss', 'embedding': ('default_query', None), 'create_at': None}, {'kb_id': '111', 'doc_id': '111', 'chunk_index': 25, 'id': '3cff521b-655d-4bf0-9a55-3d5464287bb8', 'metadata': {'doc_id': '111', 'kb_id': '111'}, 'text_content': 'ssss', 'embedding': ('retry_min_seconds', 4), 'create_at': None}, {'kb_id': '111', 'doc_id': '111', 'chunk_index': 26, 'id': '73320b2c-642f-4f54-a59e-46f719041f38', 'metadata': {'doc_id': '111', 'kb_id': '111'}, 'text_content': 'ssss', 'embedding': ('retry_max_seconds', 20), 'create_at': None}, {'kb_id': '111', 'doc_id': '111', 'chunk_index': 27, 'id': '8a1a6c0e-8bb9-47ef-9a47-1a3d5e5b62a5', 'metadata': {'doc_id': '111', 'kb_id': '111'}, 'text_content': 'ssss', 'embedding': ('http_client', None), 'create_at': None}, {'kb_id': '111', 'doc_id': '111', 'chunk_index': 28, 'id': 'e3585842-d5f1-425f-b79b-5caa824c2626', 'metadata': {'doc_id': '111', 'kb_id': '111'}, 'text_content': 'ssss', 'embedding': ('http_async_client', None), 'create_at': None}, {'kb_id': '111', 'doc_id': '111', 'chunk_index': 29, 'id': '84bfc9b6-39fc-470a-bba4-82cf40d4204f', 'metadata': {'doc_id': '111', 'kb_id': '111'}, 'text_content': 'ssss', 'embedding': ('check_embedding_ctx_length', False), 'create_at': None}]]
Traceback (most recent call last):

  File "/Users/sunquanhu/Projects/study/ai/personal-workspace/personal-workspace-app/.venv/lib/python3.12/site-packages/sqlalchemy/engine/base.py", line 1817, in _execute_context
    context = constructor(
              └ <bound method DefaultExecutionContext._init_compiled of <class 'sqlalchemy.dialects.postgresql.asyncpg.PGExecutionContext_asy...
  File "/Users/sunquanhu/Projects/study/ai/personal-workspace/personal-workspace-app/.venv/lib/python3.12/site-packages/sqlalchemy/engine/default.py", line 1496, in _init_compiled
    flattened_processors[key](compiled_params[key])
    │                         └ {'id': '2bd46c29-2206-4444-bade-90242d4aa50d', 'kb_id': '111', 'doc_id': '111', 'text_content': 'ssss', 'embedding': ('client...
    └ {'embedding': <function VECTOR.bind_processor.<locals>.process at 0x10aa32840>, 'metadata': <function JSON._make_bind_process...
  File "/Users/sunquanhu/Projects/study/ai/personal-workspace/personal-workspace-app/.venv/lib/python3.12/site-packages/pgvector/sqlalchemy/vector.py", line 21, in process
    return Vector._to_db(value, self.dim)
           │      │      │      │    └ 1024
           │      │      │      └ VECTOR(dim=1024)
           │      │      └ ('client', <openai.resources.embeddings.Embeddings object at 0x107c29340>)
           │      └ <classmethod(<function Vector._to_db at 0x109636b60>)>
           └ <class 'pgvector.utils.vector.Vector'>
  File "/Users/sunquanhu/Projects/study/ai/personal-workspace/personal-workspace-app/.venv/lib/python3.12/site-packages/pgvector/utils/vector.py", line 49, in _to_db
    value = cls(value)
            │   └ ('client', <openai.resources.embeddings.Embeddings object at 0x107c29340>)
            └ <class 'pgvector.utils.vector.Vector'>
  File "/Users/sunquanhu/Projects/study/ai/personal-workspace/personal-workspace-app/.venv/lib/python3.12/site-packages/pgvector/utils/vector.py", line 9, in __init__
    value = np.asarray(value, dtype='>f4')
            │  │       └ ('client', <openai.resources.embeddings.Embeddings object at 0x107c29340>)
            │  └ <built-in function asarray>
            └ <module 'numpy' from '/Users/sunquanhu/Projects/study/ai/personal-workspace/personal-workspace-app/.venv/lib/python3.12/site-...

ValueError: could not convert string to float: 'client'


The above exception was the direct cause of the following exception:


Traceback (most recent call last):

  File "/Users/sunquanhu/.pyenv/versions/3.12.2/lib/python3.12/runpy.py", line 198, in _run_module_as_main
    return _run_code(code, main_globals, None,
           │         │     └ {'__name__': '__main__', '__doc__': None, '__package__': '', '__loader__': <_frozen_importlib_external.SourceFileLoader objec...
           │         └ <code object <module> at 0x102cf1c50, file "/private/var/folders/7v/223c2ym14gb3wzg9l33myc380000gn/T/debugpy69653884798475276...
           └ <function _run_code at 0x102d16020>
  File "/Users/sunquanhu/.pyenv/versions/3.12.2/lib/python3.12/runpy.py", line 88, in _run_code
    exec(code, run_globals)
         │     └ {'__name__': '__main__', '__doc__': None, '__package__': '', '__loader__': <_frozen_importlib_external.SourceFileLoader objec...
         └ <code object <module> at 0x102cf1c50, file "/private/var/folders/7v/223c2ym14gb3wzg9l33myc380000gn/T/debugpy69653884798475276...

  File "/private/var/folders/7v/223c2ym14gb3wzg9l33myc380000gn/T/debugpy6965388479847527625/debugpy/adapter/../../debugpy/launcher/../../debugpy/__main__.py", line 71, in <module>
    cli.main()
    │   └ <function main at 0x1048d7ce0>
    └ <module 'debugpy.server.cli' from '/private/var/folders/7v/223c2ym14gb3wzg9l33myc380000gn/T/debugpy6965388479847527625/debugp...

  File "/private/var/folders/7v/223c2ym14gb3wzg9l33myc380000gn/T/debugpy6965388479847527625/debugpy/adapter/../../debugpy/launcher/../../debugpy/../debugpy/server/cli.py", line 542, in main
    run()
    └ <function run_file at 0x1048d7a60>

  File "/private/var/folders/7v/223c2ym14gb3wzg9l33myc380000gn/T/debugpy6965388479847527625/debugpy/adapter/../../debugpy/launcher/../../debugpy/../debugpy/server/cli.py", line 361, in run_file
    runpy.run_path(target, run_name="__main__")
    │     │        └ '/Users/sunquanhu/Projects/study/ai/personal-workspace/personal-workspace-app/src/personal_workspace_app/__main__.py'
    │     └ <function run_path at 0x103edc040>
    └ <module '_pydevd_bundle.pydevd_runpy' from '/private/var/folders/7v/223c2ym14gb3wzg9l33myc380000gn/T/debugpy69653884798475276...

  File "/private/var/folders/7v/223c2ym14gb3wzg9l33myc380000gn/T/debugpy6965388479847527625/debugpy/_vendored/pydevd/_pydevd_bundle/pydevd_runpy.py", line 310, in run_path
    return _run_module_code(code, init_globals, run_name, pkg_name=pkg_name, script_name=fname)
           │                │     │             │                  │                     └ '/Users/sunquanhu/Projects/study/ai/personal-workspace/personal-workspace-app/src/personal_workspace_app/__main__.py'
           │                │     │             │                  └ ''
           │                │     │             └ '__main__'
           │                │     └ None
           │                └ <code object <module> at 0x10493a5b0, file "/Users/sunquanhu/Projects/study/ai/personal-workspace/personal-workspace-app/src/...
           └ <function _run_module_code at 0x103ea3c40>

  File "/private/var/folders/7v/223c2ym14gb3wzg9l33myc380000gn/T/debugpy6965388479847527625/debugpy/_vendored/pydevd/_pydevd_bundle/pydevd_runpy.py", line 127, in _run_module_code
    _run_code(code, mod_globals, init_globals, mod_name, mod_spec, pkg_name, script_name)
    │         │     │            │             │         │         │         └ '/Users/sunquanhu/Projects/study/ai/personal-workspace/personal-workspace-app/src/personal_workspace_app/__main__.py'
    │         │     │            │             │         │         └ ''
    │         │     │            │             │         └ None
    │         │     │            │             └ '__main__'
    │         │     │            └ None
    │         │     └ {'__name__': '__main__', '__doc__': None, '__package__': '', '__loader__': None, '__spec__': None, '__file__': '/Users/sunqua...
    │         └ <code object <module> at 0x10493a5b0, file "/Users/sunquanhu/Projects/study/ai/personal-workspace/personal-workspace-app/src/...
    └ <function _run_code at 0x103ea37e0>

  File "/private/var/folders/7v/223c2ym14gb3wzg9l33myc380000gn/T/debugpy6965388479847527625/debugpy/_vendored/pydevd/_pydevd_bundle/pydevd_runpy.py", line 118, in _run_code
    exec(code, run_globals)
         │     └ {'__name__': '__main__', '__doc__': None, '__package__': '', '__loader__': None, '__spec__': None, '__file__': '/Users/sunqua...
         └ <code object <module> at 0x10493a5b0, file "/Users/sunquanhu/Projects/study/ai/personal-workspace/personal-workspace-app/src/...

  File "/Users/sunquanhu/Projects/study/ai/personal-workspace/personal-workspace-app/src/personal_workspace_app/__main__.py", line 37, in <module>
    uvicorn.run(app, host="0.0.0.0", port=8000, reload=False, loop="asyncio")
    │       │   └ <fastapi.applications.FastAPI object at 0x1069fd880>
    │       └ <function run at 0x104c380e0>
    └ <module 'uvicorn' from '/Users/sunquanhu/Projects/study/ai/personal-workspace/personal-workspace-app/.venv/lib/python3.12/sit...

  File "/Users/sunquanhu/Projects/study/ai/personal-workspace/personal-workspace-app/.venv/lib/python3.12/site-packages/uvicorn/main.py", line 621, in run
    server.run()
    │      └ <function Server.run at 0x104c394e0>
    └ <uvicorn.server.Server object at 0x104b5e390>
  File "/Users/sunquanhu/Projects/study/ai/personal-workspace/personal-workspace-app/.venv/lib/python3.12/site-packages/uvicorn/server.py", line 77, in run
    return asyncio_run(self.serve(sockets=sockets), loop_factory=self.config.get_loop_factory())
           │           │    │             │                      │    │      └ <function Config.get_loop_factory at 0x104b75620>
           │           │    │             │                      │    └ <uvicorn.config.Config object at 0x10a8355b0>
           │           │    │             │                      └ <uvicorn.server.Server object at 0x104b5e390>
           │           │    │             └ None
           │           │    └ <function Server.serve at 0x104c39580>
           │           └ <uvicorn.server.Server object at 0x104b5e390>
           └ <function run at 0x104a3a980>
  File "/Users/sunquanhu/.pyenv/versions/3.12.2/lib/python3.12/asyncio/runners.py", line 194, in run
    return runner.run(main)
           │      │   └ <coroutine object Server.serve at 0x10a851d20>
           │      └ <function Runner.run at 0x104a9ade0>
           └ <asyncio.runners.Runner object at 0x10a47fdd0>
  File "/Users/sunquanhu/.pyenv/versions/3.12.2/lib/python3.12/asyncio/runners.py", line 118, in run
    return self._loop.run_until_complete(task)
           │    │     │                  └ <Task pending name='Task-1' coro=<Server.serve() running at /Users/sunquanhu/Projects/study/ai/personal-workspace/personal-wo...
           │    │     └ <function BaseEventLoop.run_until_complete at 0x104a98a40>
           │    └ <_UnixSelectorEventLoop running=True closed=False debug=False>
           └ <asyncio.runners.Runner object at 0x10a47fdd0>
  File "/Users/sunquanhu/.pyenv/versions/3.12.2/lib/python3.12/asyncio/base_events.py", line 672, in run_until_complete
    self.run_forever()
    │    └ <function BaseEventLoop.run_forever at 0x104a989a0>
    └ <_UnixSelectorEventLoop running=True closed=False debug=False>
  File "/Users/sunquanhu/.pyenv/versions/3.12.2/lib/python3.12/asyncio/base_events.py", line 639, in run_forever
    self._run_once()
    │    └ <function BaseEventLoop._run_once at 0x104a9a7a0>
    └ <_UnixSelectorEventLoop running=True closed=False debug=False>
  File "/Users/sunquanhu/.pyenv/versions/3.12.2/lib/python3.12/asyncio/base_events.py", line 1985, in _run_once
    handle._run()
    │      └ <function Handle._run at 0x104a22b60>
    └ <Handle Task.task_wakeup(<Future finished result=None>)>
  File "/Users/sunquanhu/.pyenv/versions/3.12.2/lib/python3.12/asyncio/events.py", line 88, in _run
    self._context.run(self._callback, *self._args)
    │    │            │    │           │    └ <member '_args' of 'Handle' objects>
    │    │            │    │           └ <Handle Task.task_wakeup(<Future finished result=None>)>
    │    │            │    └ <member '_callback' of 'Handle' objects>
    │    │            └ <Handle Task.task_wakeup(<Future finished result=None>)>
    │    └ <member '_context' of 'Handle' objects>
    └ <Handle Task.task_wakeup(<Future finished result=None>)>
  File "/Users/sunquanhu/Projects/study/ai/personal-workspace/personal-workspace-app/.venv/lib/python3.12/site-packages/uvicorn/protocols/http/httptools_impl.py", line 422, in run_asgi
    result = await app(  # type: ignore[func-returns-value]
                   └ <uvicorn.middleware.proxy_headers.ProxyHeadersMiddleware object at 0x10a78d6a0>
  File "/Users/sunquanhu/Projects/study/ai/personal-workspace/personal-workspace-app/.venv/lib/python3.12/site-packages/uvicorn/middleware/proxy_headers.py", line 63, in __call__
    return await self.app(scope, receive, send)
                 │    │   │      │        └ <bound method RequestResponseCycle.send of <uvicorn.protocols.http.httptools_impl.RequestResponseCycle object at 0x10a8f3f20>>
                 │    │   │      └ <bound method RequestResponseCycle.receive of <uvicorn.protocols.http.httptools_impl.RequestResponseCycle object at 0x10a8f3f...
                 │    │   └ {'type': 'http', 'asgi': {'version': '3.0', 'spec_version': '2.3'}, 'http_version': '1.1', 'server': ('127.0.0.1', 8000), 'cl...
                 │    └ <fastapi.applications.FastAPI object at 0x1069fd880>
                 └ <uvicorn.middleware.proxy_headers.ProxyHeadersMiddleware object at 0x10a78d6a0>
  File "/Users/sunquanhu/Projects/study/ai/personal-workspace/personal-workspace-app/.venv/lib/python3.12/site-packages/fastapi/applications.py", line 1163, in __call__
    await super().__call__(scope, receive, send)
                           │      │        └ <bound method RequestResponseCycle.send of <uvicorn.protocols.http.httptools_impl.RequestResponseCycle object at 0x10a8f3f20>>
                           │      └ <bound method RequestResponseCycle.receive of <uvicorn.protocols.http.httptools_impl.RequestResponseCycle object at 0x10a8f3f...
                           └ {'type': 'http', 'asgi': {'version': '3.0', 'spec_version': '2.3'}, 'http_version': '1.1', 'server': ('127.0.0.1', 8000), 'cl...
  File "/Users/sunquanhu/Projects/study/ai/personal-workspace/personal-workspace-app/.venv/lib/python3.12/site-packages/starlette/applications.py", line 96, in __call__
    await self.middleware_stack(scope, receive, send)
          │    │                │      │        └ <bound method RequestResponseCycle.send of <uvicorn.protocols.http.httptools_impl.RequestResponseCycle object at 0x10a8f3f20>>
          │    │                │      └ <bound method RequestResponseCycle.receive of <uvicorn.protocols.http.httptools_impl.RequestResponseCycle object at 0x10a8f3f...
          │    │                └ {'type': 'http', 'asgi': {'version': '3.0', 'spec_version': '2.3'}, 'http_version': '1.1', 'server': ('127.0.0.1', 8000), 'cl...
          │    └ <starlette.middleware.errors.ServerErrorMiddleware object at 0x10a8f39e0>
          └ <fastapi.applications.FastAPI object at 0x1069fd880>
> File "/Users/sunquanhu/Projects/study/ai/personal-workspace/personal-workspace-app/.venv/lib/python3.12/site-packages/starlette/middleware/errors.py", line 164, in __call__
    await self.app(scope, receive, _send)
          │    │   │      │        └ <function ServerErrorMiddleware.__call__.<locals>._send at 0x10a9240e0>
          │    │   │      └ <bound method RequestResponseCycle.receive of <uvicorn.protocols.http.httptools_impl.RequestResponseCycle object at 0x10a8f3f...
          │    │   └ {'type': 'http', 'asgi': {'version': '3.0', 'spec_version': '2.3'}, 'http_version': '1.1', 'server': ('127.0.0.1', 8000), 'cl...
          │    └ <personal_workspace_app.core.trace_middleware.TraceAndLogMiddleware object at 0x10a8f3980>
          └ <starlette.middleware.errors.ServerErrorMiddleware object at 0x10a8f39e0>
  File "/Users/sunquanhu/Projects/study/ai/personal-workspace/personal-workspace-app/.venv/lib/python3.12/site-packages/starlette/middleware/base.py", line 198, in __call__
    raise app_exc
          └ StatementError("(builtins.ValueError) could not convert string to float: 'client'")
  File "/Users/sunquanhu/Projects/study/ai/personal-workspace/personal-workspace-app/.venv/lib/python3.12/site-packages/starlette/middleware/base.py", line 144, in coro
    await self.app(scope, receive_or_disconnect, send_no_error)
          │    │   │      │                      └ <function BaseHTTPMiddleware.__call__.<locals>.call_next.<locals>.send_no_error at 0x10a86f240>
          │    │   │      └ <function BaseHTTPMiddleware.__call__.<locals>.call_next.<locals>.receive_or_disconnect at 0x10a86f1a0>
          │    │   └ {'type': 'http', 'asgi': {'version': '3.0', 'spec_version': '2.3'}, 'http_version': '1.1', 'server': ('127.0.0.1', 8000), 'cl...
          │    └ <starlette.middleware.exceptions.ExceptionMiddleware object at 0x10a8f39b0>
          └ <personal_workspace_app.core.trace_middleware.TraceAndLogMiddleware object at 0x10a8f3980>
  File "/Users/sunquanhu/Projects/study/ai/personal-workspace/personal-workspace-app/.venv/lib/python3.12/site-packages/starlette/middleware/exceptions.py", line 63, in __call__
    await wrap_app_handling_exceptions(self.app, conn)(scope, receive, send)
          │                            │    │    │     │      │        └ <function BaseHTTPMiddleware.__call__.<locals>.call_next.<locals>.send_no_error at 0x10a86f240>
          │                            │    │    │     │      └ <function BaseHTTPMiddleware.__call__.<locals>.call_next.<locals>.receive_or_disconnect at 0x10a86f1a0>
          │                            │    │    │     └ {'type': 'http', 'asgi': {'version': '3.0', 'spec_version': '2.3'}, 'http_version': '1.1', 'server': ('127.0.0.1', 8000), 'cl...
          │                            │    │    └ <starlette.requests.Request object at 0x10a928590>
          │                            │    └ <fastapi.middleware.asyncexitstack.AsyncExitStackMiddleware object at 0x10a709f10>
          │                            └ <starlette.middleware.exceptions.ExceptionMiddleware object at 0x10a8f39b0>
          └ <function wrap_app_handling_exceptions at 0x1058f8fe0>
  File "/Users/sunquanhu/Projects/study/ai/personal-workspace/personal-workspace-app/.venv/lib/python3.12/site-packages/starlette/_exception_handler.py", line 53, in wrapped_app
    raise exc
  File "/Users/sunquanhu/Projects/study/ai/personal-workspace/personal-workspace-app/.venv/lib/python3.12/site-packages/starlette/_exception_handler.py", line 42, in wrapped_app
    await app(scope, receive, sender)
          │   │      │        └ <function wrap_app_handling_exceptions.<locals>.wrapped_app.<locals>.sender at 0x10a98a200>
          │   │      └ <function BaseHTTPMiddleware.__call__.<locals>.call_next.<locals>.receive_or_disconnect at 0x10a86f1a0>
          │   └ {'type': 'http', 'asgi': {'version': '3.0', 'spec_version': '2.3'}, 'http_version': '1.1', 'server': ('127.0.0.1', 8000), 'cl...
          └ <fastapi.middleware.asyncexitstack.AsyncExitStackMiddleware object at 0x10a709f10>
  File "/Users/sunquanhu/Projects/study/ai/personal-workspace/personal-workspace-app/.venv/lib/python3.12/site-packages/fastapi/middleware/asyncexitstack.py", line 18, in __call__
    await self.app(scope, receive, send)
          │    │   │      │        └ <function wrap_app_handling_exceptions.<locals>.wrapped_app.<locals>.sender at 0x10a98a200>
          │    │   │      └ <function BaseHTTPMiddleware.__call__.<locals>.call_next.<locals>.receive_or_disconnect at 0x10a86f1a0>
          │    │   └ {'type': 'http', 'asgi': {'version': '3.0', 'spec_version': '2.3'}, 'http_version': '1.1', 'server': ('127.0.0.1', 8000), 'cl...
          │    └ <fastapi.routing.APIRouter object at 0x10a85a030>
          └ <fastapi.middleware.asyncexitstack.AsyncExitStackMiddleware object at 0x10a709f10>
  File "/Users/sunquanhu/Projects/study/ai/personal-workspace/personal-workspace-app/.venv/lib/python3.12/site-packages/starlette/routing.py", line 670, in __call__
    await self.middleware_stack(scope, receive, send)
          │    │                │      │        └ <function wrap_app_handling_exceptions.<locals>.wrapped_app.<locals>.sender at 0x10a98a200>
          │    │                │      └ <function BaseHTTPMiddleware.__call__.<locals>.call_next.<locals>.receive_or_disconnect at 0x10a86f1a0>
          │    │                └ {'type': 'http', 'asgi': {'version': '3.0', 'spec_version': '2.3'}, 'http_version': '1.1', 'server': ('127.0.0.1', 8000), 'cl...
          │    └ <bound method APIRouter.app of <fastapi.routing.APIRouter object at 0x10a85a030>>
          └ <fastapi.routing.APIRouter object at 0x10a85a030>
  File "/Users/sunquanhu/Projects/study/ai/personal-workspace/personal-workspace-app/.venv/lib/python3.12/site-packages/fastapi/routing.py", line 2734, in app
    await route.handle(scope, receive, send)
          │     │      │      │        └ <function wrap_app_handling_exceptions.<locals>.wrapped_app.<locals>.sender at 0x10a98a200>
          │     │      │      └ <function BaseHTTPMiddleware.__call__.<locals>.call_next.<locals>.receive_or_disconnect at 0x10a86f1a0>
          │     │      └ {'type': 'http', 'asgi': {'version': '3.0', 'spec_version': '2.3'}, 'http_version': '1.1', 'server': ('127.0.0.1', 8000), 'cl...
          │     └ <function _IncludedRouter.handle at 0x10593be20>
          └ _IncludedRouter(original_router=<fastapi.routing.APIRouter object at 0x108edce90>, include_context=_RouterIncludeContext(incl...
  File "/Users/sunquanhu/Projects/study/ai/personal-workspace/personal-workspace-app/.venv/lib/python3.12/site-packages/fastapi/routing.py", line 1780, in handle
    await self.original_router.handle(scope, receive, send)
          │    │               │      │      │        └ <function wrap_app_handling_exceptions.<locals>.wrapped_app.<locals>.sender at 0x10a98a200>
          │    │               │      │      └ <function BaseHTTPMiddleware.__call__.<locals>.call_next.<locals>.receive_or_disconnect at 0x10a86f1a0>
          │    │               │      └ {'type': 'http', 'asgi': {'version': '3.0', 'spec_version': '2.3'}, 'http_version': '1.1', 'server': ('127.0.0.1', 8000), 'cl...
          │    │               └ <function APIRouter.handle at 0x10595dee0>
          │    └ <fastapi.routing.APIRouter object at 0x108edce90>
          └ _IncludedRouter(original_router=<fastapi.routing.APIRouter object at 0x108edce90>, include_context=_RouterIncludeContext(incl...
  File "/Users/sunquanhu/Projects/study/ai/personal-workspace/personal-workspace-app/.venv/lib/python3.12/site-packages/fastapi/routing.py", line 2789, in handle
    await included_router._handle_selected(scope, receive, send)
          │               │                │      │        └ <function wrap_app_handling_exceptions.<locals>.wrapped_app.<locals>.sender at 0x10a98a200>
          │               │                │      └ <function BaseHTTPMiddleware.__call__.<locals>.call_next.<locals>.receive_or_disconnect at 0x10a86f1a0>
          │               │                └ {'type': 'http', 'asgi': {'version': '3.0', 'spec_version': '2.3'}, 'http_version': '1.1', 'server': ('127.0.0.1', 8000), 'cl...
          │               └ <function _IncludedRouter._handle_selected at 0x10593bec0>
          └ _IncludedRouter(original_router=<fastapi.routing.APIRouter object at 0x108edce90>, include_context=_RouterIncludeContext(incl...
  File "/Users/sunquanhu/Projects/study/ai/personal-workspace/personal-workspace-app/.venv/lib/python3.12/site-packages/fastapi/routing.py", line 1800, in _handle_selected
    await original_route.handle(scope, receive, send)
          │              │      │      │        └ <function wrap_app_handling_exceptions.<locals>.wrapped_app.<locals>.sender at 0x10a98a200>
          │              │      │      └ <function BaseHTTPMiddleware.__call__.<locals>.call_next.<locals>.receive_or_disconnect at 0x10a86f1a0>
          │              │      └ {'type': 'http', 'asgi': {'version': '3.0', 'spec_version': '2.3'}, 'http_version': '1.1', 'server': ('127.0.0.1', 8000), 'cl...
          │              └ <function APIRoute.handle at 0x105939f80>
          └ APIRoute(path='/kb/upload', name='kb_upload_endpoint', methods=['POST'])
  File "/Users/sunquanhu/Projects/study/ai/personal-workspace/personal-workspace-app/.venv/lib/python3.12/site-packages/fastapi/routing.py", line 1279, in handle
    await app(scope, receive, send)
          │   │      │        └ <function wrap_app_handling_exceptions.<locals>.wrapped_app.<locals>.sender at 0x10a98a200>
          │   │      └ <function BaseHTTPMiddleware.__call__.<locals>.call_next.<locals>.receive_or_disconnect at 0x10a86f1a0>
          │   └ {'type': 'http', 'asgi': {'version': '3.0', 'spec_version': '2.3'}, 'http_version': '1.1', 'server': ('127.0.0.1', 8000), 'cl...
          └ <function request_response.<locals>.app at 0x10a98a660>
  File "/Users/sunquanhu/Projects/study/ai/personal-workspace/personal-workspace-app/.venv/lib/python3.12/site-packages/fastapi/routing.py", line 158, in app
    await wrap_app_handling_exceptions(app, request)(scope, receive, send)
          │                            │    │        │      │        └ <function wrap_app_handling_exceptions.<locals>.wrapped_app.<locals>.sender at 0x10a98a200>
          │                            │    │        │      └ <function BaseHTTPMiddleware.__call__.<locals>.call_next.<locals>.receive_or_disconnect at 0x10a86f1a0>
          │                            │    │        └ {'type': 'http', 'asgi': {'version': '3.0', 'spec_version': '2.3'}, 'http_version': '1.1', 'server': ('127.0.0.1', 8000), 'cl...
          │                            │    └ <starlette.requests.Request object at 0x10a96e090>
          │                            └ <function request_response.<locals>.app.<locals>.app at 0x10a98a480>
          └ <function wrap_app_handling_exceptions at 0x1058f8fe0>
  File "/Users/sunquanhu/Projects/study/ai/personal-workspace/personal-workspace-app/.venv/lib/python3.12/site-packages/starlette/_exception_handler.py", line 53, in wrapped_app
    raise exc
  File "/Users/sunquanhu/Projects/study/ai/personal-workspace/personal-workspace-app/.venv/lib/python3.12/site-packages/starlette/_exception_handler.py", line 42, in wrapped_app
    await app(scope, receive, sender)
          │   │      │        └ <function wrap_app_handling_exceptions.<locals>.wrapped_app.<locals>.sender at 0x10a98a7a0>
          │   │      └ <function BaseHTTPMiddleware.__call__.<locals>.call_next.<locals>.receive_or_disconnect at 0x10a86f1a0>
          │   └ {'type': 'http', 'asgi': {'version': '3.0', 'spec_version': '2.3'}, 'http_version': '1.1', 'server': ('127.0.0.1', 8000), 'cl...
          └ <function request_response.<locals>.app.<locals>.app at 0x10a98a480>
  File "/Users/sunquanhu/Projects/study/ai/personal-workspace/personal-workspace-app/.venv/lib/python3.12/site-packages/fastapi/routing.py", line 140, in app
    async with AsyncExitStack() as request_stack:
               │                   └ <contextlib.AsyncExitStack object at 0x10a96e7b0>
               └ <class 'contextlib.AsyncExitStack'>
  File "/Users/sunquanhu/.pyenv/versions/3.12.2/lib/python3.12/contextlib.py", line 754, in __aexit__
    raise exc_details[1]
          └ (<class 'sqlalchemy.exc.StatementError'>, StatementError("(builtins.ValueError) could not convert string to float: 'client'")...
  File "/Users/sunquanhu/.pyenv/versions/3.12.2/lib/python3.12/contextlib.py", line 737, in __aexit__
    cb_suppress = await cb(*exc_details)
                        │   └ (<class 'sqlalchemy.exc.StatementError'>, StatementError("(builtins.ValueError) could not convert string to float: 'client'")...
                        └ <bound method _AsyncGeneratorContextManager.__aexit__ of <contextlib._AsyncGeneratorContextManager object at 0x10a96ede0>>
  File "/Users/sunquanhu/.pyenv/versions/3.12.2/lib/python3.12/contextlib.py", line 217, in __aexit__
    await anext(self.gen)
                │    └ <async_generator object get_db at 0x10a985a80>
                └ <contextlib._AsyncGeneratorContextManager object at 0x10a96ede0>

  File "/Users/sunquanhu/Projects/study/ai/personal-workspace/personal-workspace-app/src/personal_workspace_app/infrastructure/db/session.py", line 33, in get_db
    await session.commit()
          │       └ <function AsyncSession.commit at 0x1063ec220>
          └ <sqlalchemy.ext.asyncio.session.AsyncSession object at 0x10a96ec00>

  File "/Users/sunquanhu/Projects/study/ai/personal-workspace/personal-workspace-app/.venv/lib/python3.12/site-packages/sqlalchemy/ext/asyncio/session.py", line 999, in commit
    await greenlet_spawn(self.sync_session.commit)
          │              │    │            └ <function Session.commit at 0x1062e84a0>
          │              │    └ <sqlalchemy.orm.session.Session object at 0x10a96f050>
          │              └ <sqlalchemy.ext.asyncio.session.AsyncSession object at 0x10a96ec00>
          └ <function greenlet_spawn at 0x105a402c0>
  File "/Users/sunquanhu/Projects/study/ai/personal-workspace/personal-workspace-app/.venv/lib/python3.12/site-packages/sqlalchemy/util/_concurrency_py3k.py", line 203, in greenlet_spawn
    result = context.switch(value)
             │       │      └ None
             │       └ <method 'switch' of 'greenlet.greenlet' objects>
             └ <_AsyncIoGreenlet object at 0x106161d40 (otid=0x600002405920) dead>
  File "/Users/sunquanhu/Projects/study/ai/personal-workspace/personal-workspace-app/.venv/lib/python3.12/site-packages/sqlalchemy/orm/session.py", line 2035, in commit
    trans.commit(_to_root=True)
    │     └ <function SessionTransaction.commit at 0x1062e3420>
    └ <sqlalchemy.orm.session.SessionTransaction object at 0x10a976690>
  File "<string>", line 2, in commit
  File "/Users/sunquanhu/Projects/study/ai/personal-workspace/personal-workspace-app/.venv/lib/python3.12/site-packages/sqlalchemy/orm/state_changes.py", line 137, in _go
    ret_value = fn(self, *arg, **kw)
                │  │      │      └ {'_to_root': True}
                │  │      └ ()
                │  └ <sqlalchemy.orm.session.SessionTransaction object at 0x10a976690>
                └ <function SessionTransaction.commit at 0x1062e3380>
  File "/Users/sunquanhu/Projects/study/ai/personal-workspace/personal-workspace-app/.venv/lib/python3.12/site-packages/sqlalchemy/orm/session.py", line 1316, in commit
    self._prepare_impl()
    │    └ <function SessionTransaction._prepare_impl at 0x1062e3240>
    └ <sqlalchemy.orm.session.SessionTransaction object at 0x10a976690>
  File "<string>", line 2, in _prepare_impl
  File "/Users/sunquanhu/Projects/study/ai/personal-workspace/personal-workspace-app/.venv/lib/python3.12/site-packages/sqlalchemy/orm/state_changes.py", line 137, in _go
    ret_value = fn(self, *arg, **kw)
                │  │      │      └ {}
                │  │      └ ()
                │  └ <sqlalchemy.orm.session.SessionTransaction object at 0x10a976690>
                └ <function SessionTransaction._prepare_impl at 0x1062e31a0>
  File "/Users/sunquanhu/Projects/study/ai/personal-workspace/personal-workspace-app/.venv/lib/python3.12/site-packages/sqlalchemy/orm/session.py", line 1290, in _prepare_impl
    self.session.flush()
    │    │       └ <function Session.flush at 0x1062eb380>
    │    └ <sqlalchemy.orm.session.Session object at 0x10a96f050>
    └ <sqlalchemy.orm.session.SessionTransaction object at 0x10a976690>
  File "/Users/sunquanhu/Projects/study/ai/personal-workspace/personal-workspace-app/.venv/lib/python3.12/site-packages/sqlalchemy/orm/session.py", line 4353, in flush
    self._flush(objects)
    │    │      └ None
    │    └ <function Session._flush at 0x1062eb560>
    └ <sqlalchemy.orm.session.Session object at 0x10a96f050>
  File "/Users/sunquanhu/Projects/study/ai/personal-workspace/personal-workspace-app/.venv/lib/python3.12/site-packages/sqlalchemy/orm/session.py", line 4488, in _flush
    with util.safe_reraise():
         │    └ <class 'sqlalchemy.util.langhelpers.safe_reraise'>
         └ <module 'sqlalchemy.util' from '/Users/sunquanhu/Projects/study/ai/personal-workspace/personal-workspace-app/.venv/lib/python...
  File "/Users/sunquanhu/Projects/study/ai/personal-workspace/personal-workspace-app/.venv/lib/python3.12/site-packages/sqlalchemy/util/langhelpers.py", line 122, in __exit__
    raise exc_value.with_traceback(exc_tb)
          │         │              └ <traceback object at 0x10a9e9580>
          │         └ <method 'with_traceback' of 'BaseException' objects>
          └ StatementError("(builtins.ValueError) could not convert string to float: 'client'")
  File "/Users/sunquanhu/Projects/study/ai/personal-workspace/personal-workspace-app/.venv/lib/python3.12/site-packages/sqlalchemy/orm/session.py", line 4449, in _flush
    flush_context.execute()
    │             └ <function UOWTransaction.execute at 0x10626b1a0>
    └ <sqlalchemy.orm.unitofwork.UOWTransaction object at 0x10a92a9c0>
  File "/Users/sunquanhu/Projects/study/ai/personal-workspace/personal-workspace-app/.venv/lib/python3.12/site-packages/sqlalchemy/orm/unitofwork.py", line 465, in execute
    rec.execute(self)
    │   │       └ <sqlalchemy.orm.unitofwork.UOWTransaction object at 0x10a92a9c0>
    │   └ <function SaveUpdateAll.execute at 0x10626bce0>
    └ SaveUpdateAll(Mapper[KnowledgeInfo(kb_doc_test)])
  File "/Users/sunquanhu/Projects/study/ai/personal-workspace/personal-workspace-app/.venv/lib/python3.12/site-packages/sqlalchemy/orm/unitofwork.py", line 641, in execute
    util.preloaded.orm_persistence.save_obj(
    │    │         │               └ <function save_obj at 0x1062d0040>
    │    │         └ <module 'sqlalchemy.orm.persistence' from '/Users/sunquanhu/Projects/study/ai/personal-workspace/personal-workspace-app/.venv...
    │    └ <module 'sqlalchemy.util.preloaded' from '/Users/sunquanhu/Projects/study/ai/personal-workspace/personal-workspace-app/.venv/...
    └ <module 'sqlalchemy.util' from '/Users/sunquanhu/Projects/study/ai/personal-workspace/personal-workspace-app/.venv/lib/python...
  File "/Users/sunquanhu/Projects/study/ai/personal-workspace/personal-workspace-app/.venv/lib/python3.12/site-packages/sqlalchemy/orm/persistence.py", line 94, in save_obj
    _emit_insert_statements(
    └ <function _emit_insert_statements at 0x1062d0e00>
  File "/Users/sunquanhu/Projects/study/ai/personal-workspace/personal-workspace-app/.venv/lib/python3.12/site-packages/sqlalchemy/orm/persistence.py", line 1144, in _emit_insert_statements
    result = connection.execute(
             │          └ <function Connection.execute at 0x105f3a8e0>
             └ <sqlalchemy.engine.base.Connection object at 0x10a85aea0>
  File "/Users/sunquanhu/Projects/study/ai/personal-workspace/personal-workspace-app/.venv/lib/python3.12/site-packages/sqlalchemy/engine/base.py", line 1421, in execute
    return meth(
           └ <bound method ClauseElement._execute_on_connection of <sqlalchemy.sql.dml.Insert object at 0x10a9b2150>>
  File "/Users/sunquanhu/Projects/study/ai/personal-workspace/personal-workspace-app/.venv/lib/python3.12/site-packages/sqlalchemy/sql/elements.py", line 526, in _execute_on_connection
    return connection._execute_clauseelement(
           │          └ <function Connection._execute_clauseelement at 0x105f3ac00>
           └ <sqlalchemy.engine.base.Connection object at 0x10a85aea0>
  File "/Users/sunquanhu/Projects/study/ai/personal-workspace/personal-workspace-app/.venv/lib/python3.12/site-packages/sqlalchemy/engine/base.py", line 1643, in _execute_clauseelement
    ret = self._execute_context(
          │    └ <function Connection._execute_context at 0x105f3ade0>
          └ <sqlalchemy.engine.base.Connection object at 0x10a85aea0>
  File "/Users/sunquanhu/Projects/study/ai/personal-workspace/personal-workspace-app/.venv/lib/python3.12/site-packages/sqlalchemy/engine/base.py", line 1823, in _execute_context
    self._handle_dbapi_exception(
    │    └ <function Connection._handle_dbapi_exception at 0x105f3b100>
    └ <sqlalchemy.engine.base.Connection object at 0x10a85aea0>
  File "/Users/sunquanhu/Projects/study/ai/personal-workspace/personal-workspace-app/.venv/lib/python3.12/site-packages/sqlalchemy/engine/base.py", line 2365, in _handle_dbapi_exception
    raise sqlalchemy_exception.with_traceback(exc_info[2]) from e
          │                    │              │                 └ ValueError("could not convert string to float: 'client'")
          │                    │              └ (<class 'ValueError'>, ValueError("could not convert string to float: 'client'"), <traceback object at 0x10a9ddd80>)
          │                    └ <method 'with_traceback' of 'BaseException' objects>
          └ StatementError("(builtins.ValueError) could not convert string to float: 'client'")
  File "/Users/sunquanhu/Projects/study/ai/personal-workspace/personal-workspace-app/.venv/lib/python3.12/site-packages/sqlalchemy/engine/base.py", line 1817, in _execute_context
    context = constructor(
              └ <bound method DefaultExecutionContext._init_compiled of <class 'sqlalchemy.dialects.postgresql.asyncpg.PGExecutionContext_asy...
  File "/Users/sunquanhu/Projects/study/ai/personal-workspace/personal-workspace-app/.venv/lib/python3.12/site-packages/sqlalchemy/engine/default.py", line 1496, in _init_compiled
    flattened_processors[key](compiled_params[key])
    │                         └ {'id': '2bd46c29-2206-4444-bade-90242d4aa50d', 'kb_id': '111', 'doc_id': '111', 'text_content': 'ssss', 'embedding': ('client...
    └ {'embedding': <function VECTOR.bind_processor.<locals>.process at 0x10aa32840>, 'metadata': <function JSON._make_bind_process...
  File "/Users/sunquanhu/Projects/study/ai/personal-workspace/personal-workspace-app/.venv/lib/python3.12/site-packages/pgvector/sqlalchemy/vector.py", line 21, in process
    return Vector._to_db(value, self.dim)
           │      │      │      │    └ 1024
           │      │      │      └ VECTOR(dim=1024)
           │      │      └ ('client', <openai.resources.embeddings.Embeddings object at 0x107c29340>)
           │      └ <classmethod(<function Vector._to_db at 0x109636b60>)>
           └ <class 'pgvector.utils.vector.Vector'>
  File "/Users/sunquanhu/Projects/study/ai/personal-workspace/personal-workspace-app/.venv/lib/python3.12/site-packages/pgvector/utils/vector.py", line 49, in _to_db
    value = cls(value)
            │   └ ('client', <openai.resources.embeddings.Embeddings object at 0x107c29340>)
            └ <class 'pgvector.utils.vector.Vector'>
  File "/Users/sunquanhu/Projects/study/ai/personal-workspace/personal-workspace-app/.venv/lib/python3.12/site-packages/pgvector/utils/vector.py", line 9, in __init__
    value = np.asarray(value, dtype='>f4')
            │  │       └ ('client', <openai.resources.embeddings.Embeddings object at 0x107c29340>)
            │  └ <built-in function asarray>
            └ <module 'numpy' from '/Users/sunquanhu/Projects/study/ai/personal-workspace/personal-workspace-app/.venv/lib/python3.12/site-...

sqlalchemy.exc.StatementError: (builtins.ValueError) could not convert string to float: 'client'
[SQL: INSERT INTO kb_doc_test (id, kb_id, doc_id, text_content, embedding, metadata, chunk_index, create_at) VALUES ($1::VARCHAR, $2::VARCHAR, $3::VARCHAR, $4::VARCHAR, $5, $6::JSONB, $7::INTEGER, $8::TIMESTAMP WITH TIME ZONE) RETURNING kb_doc_test.fts_tokens, kb_doc_test.id]
[parameters: [{'kb_id': '111', 'doc_id': '111', 'chunk_index': 0, 'id': '2bd46c29-2206-4444-bade-90242d4aa50d', 'metadata': {'doc_id': '111', 'kb_id': '111'}, 'text_content': 'ssss', 'embedding': ('client', <openai.resources.embeddings.Embeddings object at 0x107c29340>), 'create_at': None}, {'kb_id': '111', 'doc_id': '111', 'chunk_index': 1, 'id': '63e23db6-0b1e-4eec-b547-c18be980dd6d', 'metadata': {'doc_id': '111', 'kb_id': '111'}, 'text_content': 'ssss', 'embedding': ('async_client', <openai.resources.embeddings.AsyncEmbeddings object at 0x10a731bb0>), 'create_at': None}, {'kb_id': '111', 'doc_id': '111', 'chunk_index': 2, 'id': '7932bd16-c8fd-4863-af1e-ac8162b38b5b', 'metadata': {'doc_id': '111', 'kb_id': '111'}, 'text_content': 'ssss', 'embedding': ('model', 'qwen3.7-text-embedding'), 'create_at': None}, {'kb_id': '111', 'doc_id': '111', 'chunk_index': 3, 'id': 'c494246c-8bd8-4a0b-84f3-516dbae43ae1', 'metadata': {'doc_id': '111', 'kb_id': '111'}, 'text_content': 'ssss', 'embedding': ('dimensions', 1024), 'create_at': None}, {'kb_id': '111', 'doc_id': '111', 'chunk_index': 4, 'id': '36a6f207-585f-4a8a-82da-0e41f476cc0c', 'metadata': {'doc_id': '111', 'kb_id': '111'}, 'text_content': 'ssss', 'embedding': ('deployment', 'text-embedding-ada-002'), 'create_at': None}, {'kb_id': '111', 'doc_id': '111', 'chunk_index': 5, 'id': '9d308fae-72e5-4135-b401-58d402de02b3', 'metadata': {'doc_id': '111', 'kb_id': '111'}, 'text_content': 'ssss', 'embedding': ('openai_api_version', None), 'create_at': None}, {'kb_id': '111', 'doc_id': '111', 'chunk_index': 6, 'id': 'f34d4f6d-a925-4a95-a2f5-b779b113804d', 'metadata': {'doc_id': '111', 'kb_id': '111'}, 'text_content': 'ssss', 'embedding': ('openai_api_base', 'https://ws-keazas2jpkiugg8q.cn-beijing.maas.aliyuncs.com/compatible-mode/v1'), 'create_at': None}, {'kb_id': '111', 'doc_id': '111', 'chunk_index': 7, 'id': '6fdb8cf2-83e8-46ec-afd2-a81cd9e0ed2d', 'metadata': {'doc_id': '111', 'kb_id': '111'}, 'text_content': 'ssss', 'embedding': ('openai_api_type', None), 'create_at': None}, {'kb_id': '111', 'doc_id': '111', 'chunk_index': 8, 'id': '3f8bc27a-bd51-469e-8180-84fad67dd9b9', 'metadata': {'doc_id': '111', 'kb_id': '111'}, 'text_content': 'ssss', 'embedding': ('openai_proxy', None), 'create_at': None}, {'kb_id': '111', 'doc_id': '111', 'chunk_index': 9, 'id': '7328667d-01c2-47d6-971d-73580ad4164c', 'metadata': {'doc_id': '111', 'kb_id': '111'}, 'text_content': 'ssss', 'embedding': ('embedding_ctx_length', 8191), 'create_at': None}, {'kb_id': '111', 'doc_id': '111', 'chunk_index': 10, 'id': 'd5148648-063e-445b-a788-762fd4dc2ead', 'metadata': {'doc_id': '111', 'kb_id': '111'}, 'text_content': 'ssss', 'embedding': ('openai_api_key', SecretStr('**********')), 'create_at': None}, {'kb_id': '111', 'doc_id': '111', 'chunk_index': 11, 'id': '54a24c5f-e9cb-40cf-959d-9b0e501dcca5', 'metadata': {'doc_id': '111', 'kb_id': '111'}, 'text_content': 'ssss', 'embedding': ('openai_organization', None), 'create_at': None}, {'kb_id': '111', 'doc_id': '111', 'chunk_index': 12, 'id': '2b6002e5-0997-4e05-834f-5c1da47fdc58', 'metadata': {'doc_id': '111', 'kb_id': '111'}, 'text_content': 'ssss', 'embedding': ('allowed_special', None), 'create_at': None}, {'kb_id': '111', 'doc_id': '111', 'chunk_index': 13, 'id': 'aeb845e8-4151-4604-b1e5-61df5e5f978f', 'metadata': {'doc_id': '111', 'kb_id': '111'}, 'text_content': 'ssss', 'embedding': ('disallowed_special', None), 'create_at': None}, {'kb_id': '111', 'doc_id': '111', 'chunk_index': 14, 'id': '3675c974-b0b7-48c0-b50a-65e902d5b349', 'metadata': {'doc_id': '111', 'kb_id': '111'}, 'text_content': 'ssss', 'embedding': ('chunk_size', 1000), 'create_at': None}, {'kb_id': '111', 'doc_id': '111', 'chunk_index': 15, 'id': '44d91abc-24c2-47ee-b4b0-898441e712ca', 'metadata': {'doc_id': '111', 'kb_id': '111'}, 'text_content': 'ssss', 'embedding': ('max_retries', 2), 'create_at': None}, {'kb_id': '111', 'doc_id': '111', 'chunk_index': 16, 'id': '06b56cfd-4363-48e8-afbf-bb5f3ec98a9d', 'metadata': {'doc_id': '111', 'kb_id': '111'}, 'text_content': 'ssss', 'embedding': ('request_timeout', None), 'create_at': None}, {'kb_id': '111', 'doc_id': '111', 'chunk_index': 17, 'id': '3dca9a73-6ca2-48f2-9f0b-7cdf0aaf4405', 'metadata': {'doc_id': '111', 'kb_id': '111'}, 'text_content': 'ssss', 'embedding': ('headers', None), 'create_at': None}, {'kb_id': '111', 'doc_id': '111', 'chunk_index': 18, 'id': '7d0fd34d-056c-45c9-b4b0-6a607276d9d9', 'metadata': {'doc_id': '111', 'kb_id': '111'}, 'text_content': 'ssss', 'embedding': ('tiktoken_enabled', True), 'create_at': None}, {'kb_id': '111', 'doc_id': '111', 'chunk_index': 19, 'id': '3000c528-541d-4246-a7dc-9a1d1c4d076a', 'metadata': {'doc_id': '111', 'kb_id': '111'}, 'text_content': 'ssss', 'embedding': ('tiktoken_model_name', None), 'create_at': None}, {'kb_id': '111', 'doc_id': '111', 'chunk_index': 20, 'id': '450165aa-ef74-46c9-b2a1-05eaf05535aa', 'metadata': {'doc_id': '111', 'kb_id': '111'}, 'text_content': 'ssss', 'embedding': ('show_progress_bar', False), 'create_at': None}, {'kb_id': '111', 'doc_id': '111', 'chunk_index': 21, 'id': '6c48922b-ba62-4db7-a4e8-844101f51407', 'metadata': {'doc_id': '111', 'kb_id': '111'}, 'text_content': 'ssss', 'embedding': ('model_kwargs', {}), 'create_at': None}, {'kb_id': '111', 'doc_id': '111', 'chunk_index': 22, 'id': '8d0359ca-02f1-4609-b2fc-2411c3fdd309', 'metadata': {'doc_id': '111', 'kb_id': '111'}, 'text_content': 'ssss', 'embedding': ('skip_empty', False), 'create_at': None}, {'kb_id': '111', 'doc_id': '111', 'chunk_index': 23, 'id': 'e030d3bb-6d6f-43a5-a520-14ac83b4f6c6', 'metadata': {'doc_id': '111', 'kb_id': '111'}, 'text_content': 'ssss', 'embedding': ('default_headers', None), 'create_at': None}, {'kb_id': '111', 'doc_id': '111', 'chunk_index': 24, 'id': '108e2443-58f2-4206-a67d-7e446c053f6d', 'metadata': {'doc_id': '111', 'kb_id': '111'}, 'text_content': 'ssss', 'embedding': ('default_query', None), 'create_at': None}, {'kb_id': '111', 'doc_id': '111', 'chunk_index': 25, 'id': '3cff521b-655d-4bf0-9a55-3d5464287bb8', 'metadata': {'doc_id': '111', 'kb_id': '111'}, 'text_content': 'ssss', 'embedding': ('retry_min_seconds', 4), 'create_at': None}, {'kb_id': '111', 'doc_id': '111', 'chunk_index': 26, 'id': '73320b2c-642f-4f54-a59e-46f719041f38', 'metadata': {'doc_id': '111', 'kb_id': '111'}, 'text_content': 'ssss', 'embedding': ('retry_max_seconds', 20), 'create_at': None}, {'kb_id': '111', 'doc_id': '111', 'chunk_index': 27, 'id': '8a1a6c0e-8bb9-47ef-9a47-1a3d5e5b62a5', 'metadata': {'doc_id': '111', 'kb_id': '111'}, 'text_content': 'ssss', 'embedding': ('http_client', None), 'create_at': None}, {'kb_id': '111', 'doc_id': '111', 'chunk_index': 28, 'id': 'e3585842-d5f1-425f-b79b-5caa824c2626', 'metadata': {'doc_id': '111', 'kb_id': '111'}, 'text_content': 'ssss', 'embedding': ('http_async_client', None), 'create_at': None}, {'kb_id': '111', 'doc_id': '111', 'chunk_index': 29, 'id': '84bfc9b6-39fc-470a-bba4-82cf40d4204f', 'metadata': {'doc_id': '111', 'kb_id': '111'}, 'text_content': 'ssss', 'embedding': ('check_embedding_ctx_length', False), 'create_at': None}]]
2026-09-10 10:56:02.873 | ERROR    | [6ace5fe7a45a44bdb4271708b3a4a055] | personal_workspace_app.core.trace_middleware:dispatch:35 - <== HTTP Failed: POST /api/v1/kb/search | Error: 'coroutine' object has no attribute 'scalars' | Cost: 355.99ms
2026-09-10 10:56:02.877 | ERROR    | [6ace5fe7a45a44bdb4271708b3a4a055] | logging:callHandlers:1762 - 【系统未知异常】Path: /api/v1/kb/search | Error: 'coroutine' object has no attribute 'scalars'
Traceback (most recent call last):

  File "/Users/sunquanhu/.pyenv/versions/3.12.2/lib/python3.12/runpy.py", line 198, in _run_module_as_main
    return _run_code(code, main_globals, None,
           │         │     └ {'__name__': '__main__', '__doc__': None, '__package__': '', '__loader__': <_frozen_importlib_external.SourceFileLoader objec...
           │         └ <code object <module> at 0x105ce5c50, file "/private/var/folders/7v/223c2ym14gb3wzg9l33myc380000gn/T/debugpy66867471221208830...
           └ <function _run_code at 0x105d0a020>
  File "/Users/sunquanhu/.pyenv/versions/3.12.2/lib/python3.12/runpy.py", line 88, in _run_code
    exec(code, run_globals)
         │     └ {'__name__': '__main__', '__doc__': None, '__package__': '', '__loader__': <_frozen_importlib_external.SourceFileLoader objec...
         └ <code object <module> at 0x105ce5c50, file "/private/var/folders/7v/223c2ym14gb3wzg9l33myc380000gn/T/debugpy66867471221208830...

  File "/private/var/folders/7v/223c2ym14gb3wzg9l33myc380000gn/T/debugpy668674712212088303/debugpy/adapter/../../debugpy/launcher/../../debugpy/__main__.py", line 71, in <module>
    cli.main()
    │   └ <function main at 0x1078cbce0>
    └ <module 'debugpy.server.cli' from '/private/var/folders/7v/223c2ym14gb3wzg9l33myc380000gn/T/debugpy668674712212088303/debugpy...

  File "/private/var/folders/7v/223c2ym14gb3wzg9l33myc380000gn/T/debugpy668674712212088303/debugpy/adapter/../../debugpy/launcher/../../debugpy/../debugpy/server/cli.py", line 542, in main
    run()
    └ <function run_file at 0x1078cba60>

  File "/private/var/folders/7v/223c2ym14gb3wzg9l33myc380000gn/T/debugpy668674712212088303/debugpy/adapter/../../debugpy/launcher/../../debugpy/../debugpy/server/cli.py", line 361, in run_file
    runpy.run_path(target, run_name="__main__")
    │     │        └ '/Users/sunquanhu/Projects/study/ai/personal-workspace/personal-workspace-app/src/personal_workspace_app/__main__.py'
    │     └ <function run_path at 0x106ecc040>
    └ <module '_pydevd_bundle.pydevd_runpy' from '/private/var/folders/7v/223c2ym14gb3wzg9l33myc380000gn/T/debugpy66867471221208830...

  File "/private/var/folders/7v/223c2ym14gb3wzg9l33myc380000gn/T/debugpy668674712212088303/debugpy/_vendored/pydevd/_pydevd_bundle/pydevd_runpy.py", line 310, in run_path
    return _run_module_code(code, init_globals, run_name, pkg_name=pkg_name, script_name=fname)
           │                │     │             │                  │                     └ '/Users/sunquanhu/Projects/study/ai/personal-workspace/personal-workspace-app/src/personal_workspace_app/__main__.py'
           │                │     │             │                  └ ''
           │                │     │             └ '__main__'
           │                │     └ None
           │                └ <code object <module> at 0x10792e5b0, file "/Users/sunquanhu/Projects/study/ai/personal-workspace/personal-workspace-app/src/...
           └ <function _run_module_code at 0x106e97c40>

  File "/private/var/folders/7v/223c2ym14gb3wzg9l33myc380000gn/T/debugpy668674712212088303/debugpy/_vendored/pydevd/_pydevd_bundle/pydevd_runpy.py", line 127, in _run_module_code
    _run_code(code, mod_globals, init_globals, mod_name, mod_spec, pkg_name, script_name)
    │         │     │            │             │         │         │         └ '/Users/sunquanhu/Projects/study/ai/personal-workspace/personal-workspace-app/src/personal_workspace_app/__main__.py'
    │         │     │            │             │         │         └ ''
    │         │     │            │             │         └ None
    │         │     │            │             └ '__main__'
    │         │     │            └ None
    │         │     └ {'__name__': '__main__', '__doc__': None, '__package__': '', '__loader__': None, '__spec__': None, '__file__': '/Users/sunqua...
    │         └ <code object <module> at 0x10792e5b0, file "/Users/sunquanhu/Projects/study/ai/personal-workspace/personal-workspace-app/src/...
    └ <function _run_code at 0x106e977e0>

  File "/private/var/folders/7v/223c2ym14gb3wzg9l33myc380000gn/T/debugpy668674712212088303/debugpy/_vendored/pydevd/_pydevd_bundle/pydevd_runpy.py", line 118, in _run_code
    exec(code, run_globals)
         │     └ {'__name__': '__main__', '__doc__': None, '__package__': '', '__loader__': None, '__spec__': None, '__file__': '/Users/sunqua...
         └ <code object <module> at 0x10792e5b0, file "/Users/sunquanhu/Projects/study/ai/personal-workspace/personal-workspace-app/src/...

  File "/Users/sunquanhu/Projects/study/ai/personal-workspace/personal-workspace-app/src/personal_workspace_app/__main__.py", line 37, in <module>
    uvicorn.run(app, host="0.0.0.0", port=8000, reload=False, loop="asyncio")
    │       │   └ <fastapi.applications.FastAPI object at 0x10d85f170>
    │       └ <function run at 0x107c2c0e0>
    └ <module 'uvicorn' from '/Users/sunquanhu/Projects/study/ai/personal-workspace/personal-workspace-app/.venv/lib/python3.12/sit...

  File "/Users/sunquanhu/Projects/study/ai/personal-workspace/personal-workspace-app/.venv/lib/python3.12/site-packages/uvicorn/main.py", line 621, in run
    server.run()
    │      └ <function Server.run at 0x107c2d4e0>
    └ <uvicorn.server.Server object at 0x107b564b0>
  File "/Users/sunquanhu/Projects/study/ai/personal-workspace/personal-workspace-app/.venv/lib/python3.12/site-packages/uvicorn/server.py", line 77, in run
    return asyncio_run(self.serve(sockets=sockets), loop_factory=self.config.get_loop_factory())
           │           │    │             │                      │    │      └ <function Config.get_loop_factory at 0x107b69620>
           │           │    │             │                      │    └ <uvicorn.config.Config object at 0x10d534f80>
           │           │    │             │                      └ <uvicorn.server.Server object at 0x107b564b0>
           │           │    │             └ None
           │           │    └ <function Server.serve at 0x107c2d580>
           │           └ <uvicorn.server.Server object at 0x107b564b0>
           └ <function run at 0x107a2e980>
  File "/Users/sunquanhu/.pyenv/versions/3.12.2/lib/python3.12/asyncio/runners.py", line 194, in run
    return runner.run(main)
           │      │   └ <coroutine object Server.serve at 0x10d8467a0>
           │      └ <function Runner.run at 0x107a92de0>
           └ <asyncio.runners.Runner object at 0x10d85fc20>
  File "/Users/sunquanhu/.pyenv/versions/3.12.2/lib/python3.12/asyncio/runners.py", line 118, in run
    return self._loop.run_until_complete(task)
           │    │     │                  └ <Task pending name='Task-1' coro=<Server.serve() running at /Users/sunquanhu/Projects/study/ai/personal-workspace/personal-wo...
           │    │     └ <function BaseEventLoop.run_until_complete at 0x107a90a40>
           │    └ <_UnixSelectorEventLoop running=True closed=False debug=False>
           └ <asyncio.runners.Runner object at 0x10d85fc20>
  File "/Users/sunquanhu/.pyenv/versions/3.12.2/lib/python3.12/asyncio/base_events.py", line 672, in run_until_complete
    self.run_forever()
    │    └ <function BaseEventLoop.run_forever at 0x107a909a0>
    └ <_UnixSelectorEventLoop running=True closed=False debug=False>
  File "/Users/sunquanhu/.pyenv/versions/3.12.2/lib/python3.12/asyncio/base_events.py", line 639, in run_forever
    self._run_once()
    │    └ <function BaseEventLoop._run_once at 0x107a927a0>
    └ <_UnixSelectorEventLoop running=True closed=False debug=False>
  File "/Users/sunquanhu/.pyenv/versions/3.12.2/lib/python3.12/asyncio/base_events.py", line 1985, in _run_once
    handle._run()
    │      └ <function Handle._run at 0x107a16b60>
    └ <Handle Task.task_wakeup(<Future finished result=None>)>
  File "/Users/sunquanhu/.pyenv/versions/3.12.2/lib/python3.12/asyncio/events.py", line 88, in _run
    self._context.run(self._callback, *self._args)
    │    │            │    │           │    └ <member '_args' of 'Handle' objects>
    │    │            │    │           └ <Handle Task.task_wakeup(<Future finished result=None>)>
    │    │            │    └ <member '_callback' of 'Handle' objects>
    │    │            └ <Handle Task.task_wakeup(<Future finished result=None>)>
    │    └ <member '_context' of 'Handle' objects>
    └ <Handle Task.task_wakeup(<Future finished result=None>)>
  File "/Users/sunquanhu/Projects/study/ai/personal-workspace/personal-workspace-app/.venv/lib/python3.12/site-packages/uvicorn/protocols/http/httptools_impl.py", line 422, in run_asgi
    result = await app(  # type: ignore[func-returns-value]
                   └ <uvicorn.middleware.proxy_headers.ProxyHeadersMiddleware object at 0x10d886de0>
  File "/Users/sunquanhu/Projects/study/ai/personal-workspace/personal-workspace-app/.venv/lib/python3.12/site-packages/uvicorn/middleware/proxy_headers.py", line 63, in __call__
    return await self.app(scope, receive, send)
                 │    │   │      │        └ <bound method RequestResponseCycle.send of <uvicorn.protocols.http.httptools_impl.RequestResponseCycle object at 0x10d8840e0>>
                 │    │   │      └ <bound method RequestResponseCycle.receive of <uvicorn.protocols.http.httptools_impl.RequestResponseCycle object at 0x10d8840...
                 │    │   └ {'type': 'http', 'asgi': {'version': '3.0', 'spec_version': '2.3'}, 'http_version': '1.1', 'server': ('127.0.0.1', 8000), 'cl...
                 │    └ <fastapi.applications.FastAPI object at 0x10d85f170>
                 └ <uvicorn.middleware.proxy_headers.ProxyHeadersMiddleware object at 0x10d886de0>
  File "/Users/sunquanhu/Projects/study/ai/personal-workspace/personal-workspace-app/.venv/lib/python3.12/site-packages/fastapi/applications.py", line 1163, in __call__
    await super().__call__(scope, receive, send)
                           │      │        └ <bound method RequestResponseCycle.send of <uvicorn.protocols.http.httptools_impl.RequestResponseCycle object at 0x10d8840e0>>
                           │      └ <bound method RequestResponseCycle.receive of <uvicorn.protocols.http.httptools_impl.RequestResponseCycle object at 0x10d8840...
                           └ {'type': 'http', 'asgi': {'version': '3.0', 'spec_version': '2.3'}, 'http_version': '1.1', 'server': ('127.0.0.1', 8000), 'cl...
  File "/Users/sunquanhu/Projects/study/ai/personal-workspace/personal-workspace-app/.venv/lib/python3.12/site-packages/starlette/applications.py", line 96, in __call__
    await self.middleware_stack(scope, receive, send)
          │    │                │      │        └ <bound method RequestResponseCycle.send of <uvicorn.protocols.http.httptools_impl.RequestResponseCycle object at 0x10d8840e0>>
          │    │                │      └ <bound method RequestResponseCycle.receive of <uvicorn.protocols.http.httptools_impl.RequestResponseCycle object at 0x10d8840...
          │    │                └ {'type': 'http', 'asgi': {'version': '3.0', 'spec_version': '2.3'}, 'http_version': '1.1', 'server': ('127.0.0.1', 8000), 'cl...
          │    └ <starlette.middleware.errors.ServerErrorMiddleware object at 0x10d9200b0>
          └ <fastapi.applications.FastAPI object at 0x10d85f170>
> File "/Users/sunquanhu/Projects/study/ai/personal-workspace/personal-workspace-app/.venv/lib/python3.12/site-packages/starlette/middleware/errors.py", line 164, in __call__
    await self.app(scope, receive, _send)
          │    │   │      │        └ <function ServerErrorMiddleware.__call__.<locals>._send at 0x10d918220>
          │    │   │      └ <bound method RequestResponseCycle.receive of <uvicorn.protocols.http.httptools_impl.RequestResponseCycle object at 0x10d8840...
          │    │   └ {'type': 'http', 'asgi': {'version': '3.0', 'spec_version': '2.3'}, 'http_version': '1.1', 'server': ('127.0.0.1', 8000), 'cl...
          │    └ <personal_workspace_app.core.trace_middleware.TraceAndLogMiddleware object at 0x10d9200e0>
          └ <starlette.middleware.errors.ServerErrorMiddleware object at 0x10d9200b0>
  File "/Users/sunquanhu/Projects/study/ai/personal-workspace/personal-workspace-app/.venv/lib/python3.12/site-packages/starlette/middleware/base.py", line 193, in __call__
    response = await self.dispatch_func(request, call_next)
                     │    │             │        └ <function BaseHTTPMiddleware.__call__.<locals>.call_next at 0x10d91b920>
                     │    │             └ <starlette.middleware.base._CachedRequest object at 0x10d967650>
                     │    └ <bound method TraceAndLogMiddleware.dispatch of <personal_workspace_app.core.trace_middleware.TraceAndLogMiddleware object at...
                     └ <personal_workspace_app.core.trace_middleware.TraceAndLogMiddleware object at 0x10d9200e0>

  File "/Users/sunquanhu/Projects/study/ai/personal-workspace/personal-workspace-app/src/personal_workspace_app/core/trace_middleware.py", line 37, in dispatch
    raise exc

  File "/Users/sunquanhu/Projects/study/ai/personal-workspace/personal-workspace-app/src/personal_workspace_app/core/trace_middleware.py", line 22, in dispatch
    response = await call_next(request)
                     │         └ <starlette.middleware.base._CachedRequest object at 0x10d967650>
                     └ <function BaseHTTPMiddleware.__call__.<locals>.call_next at 0x10d91b920>

  File "/Users/sunquanhu/Projects/study/ai/personal-workspace/personal-workspace-app/.venv/lib/python3.12/site-packages/starlette/middleware/base.py", line 168, in call_next
    raise app_exc from app_exc.__cause__ or app_exc.__context__
          │            │       │            │       └ <attribute '__context__' of 'BaseException' objects>
          │            │       │            └ AttributeError("'coroutine' object has no attribute 'scalars'")
          │            │       └ <attribute '__cause__' of 'BaseException' objects>
          │            └ AttributeError("'coroutine' object has no attribute 'scalars'")
          └ AttributeError("'coroutine' object has no attribute 'scalars'")
  File "/Users/sunquanhu/Projects/study/ai/personal-workspace/personal-workspace-app/.venv/lib/python3.12/site-packages/starlette/middleware/base.py", line 144, in coro
    await self.app(scope, receive_or_disconnect, send_no_error)
          │    │   │      │                      └ <function BaseHTTPMiddleware.__call__.<locals>.call_next.<locals>.send_no_error at 0x10d982660>
          │    │   │      └ <function BaseHTTPMiddleware.__call__.<locals>.call_next.<locals>.receive_or_disconnect at 0x10d982d40>
          │    │   └ {'type': 'http', 'asgi': {'version': '3.0', 'spec_version': '2.3'}, 'http_version': '1.1', 'server': ('127.0.0.1', 8000), 'cl...
          │    └ <starlette.middleware.exceptions.ExceptionMiddleware object at 0x10d920080>
          └ <personal_workspace_app.core.trace_middleware.TraceAndLogMiddleware object at 0x10d9200e0>
  File "/Users/sunquanhu/Projects/study/ai/personal-workspace/personal-workspace-app/.venv/lib/python3.12/site-packages/starlette/middleware/exceptions.py", line 63, in __call__
    await wrap_app_handling_exceptions(self.app, conn)(scope, receive, send)
          │                            │    │    │     │      │        └ <function BaseHTTPMiddleware.__call__.<locals>.call_next.<locals>.send_no_error at 0x10d982660>
          │                            │    │    │     │      └ <function BaseHTTPMiddleware.__call__.<locals>.call_next.<locals>.receive_or_disconnect at 0x10d982d40>
          │                            │    │    │     └ {'type': 'http', 'asgi': {'version': '3.0', 'spec_version': '2.3'}, 'http_version': '1.1', 'server': ('127.0.0.1', 8000), 'cl...
          │                            │    │    └ <starlette.requests.Request object at 0x10d8e5010>
          │                            │    └ <fastapi.middleware.asyncexitstack.AsyncExitStackMiddleware object at 0x10d920050>
          │                            └ <starlette.middleware.exceptions.ExceptionMiddleware object at 0x10d920080>
          └ <function wrap_app_handling_exceptions at 0x1088ecfe0>
  File "/Users/sunquanhu/Projects/study/ai/personal-workspace/personal-workspace-app/.venv/lib/python3.12/site-packages/starlette/_exception_handler.py", line 53, in wrapped_app
    raise exc
  File "/Users/sunquanhu/Projects/study/ai/personal-workspace/personal-workspace-app/.venv/lib/python3.12/site-packages/starlette/_exception_handler.py", line 42, in wrapped_app
    await app(scope, receive, sender)
          │   │      │        └ <function wrap_app_handling_exceptions.<locals>.wrapped_app.<locals>.sender at 0x10d9828e0>
          │   │      └ <function BaseHTTPMiddleware.__call__.<locals>.call_next.<locals>.receive_or_disconnect at 0x10d982d40>
          │   └ {'type': 'http', 'asgi': {'version': '3.0', 'spec_version': '2.3'}, 'http_version': '1.1', 'server': ('127.0.0.1', 8000), 'cl...
          └ <fastapi.middleware.asyncexitstack.AsyncExitStackMiddleware object at 0x10d920050>
  File "/Users/sunquanhu/Projects/study/ai/personal-workspace/personal-workspace-app/.venv/lib/python3.12/site-packages/fastapi/middleware/asyncexitstack.py", line 18, in __call__
    await self.app(scope, receive, send)
          │    │   │      │        └ <function wrap_app_handling_exceptions.<locals>.wrapped_app.<locals>.sender at 0x10d9828e0>
          │    │   │      └ <function BaseHTTPMiddleware.__call__.<locals>.call_next.<locals>.receive_or_disconnect at 0x10d982d40>
          │    │   └ {'type': 'http', 'asgi': {'version': '3.0', 'spec_version': '2.3'}, 'http_version': '1.1', 'server': ('127.0.0.1', 8000), 'cl...
          │    └ <fastapi.routing.APIRouter object at 0x10d85f290>
          └ <fastapi.middleware.asyncexitstack.AsyncExitStackMiddleware object at 0x10d920050>
  File "/Users/sunquanhu/Projects/study/ai/personal-workspace/personal-workspace-app/.venv/lib/python3.12/site-packages/starlette/routing.py", line 670, in __call__
    await self.middleware_stack(scope, receive, send)
          │    │                │      │        └ <function wrap_app_handling_exceptions.<locals>.wrapped_app.<locals>.sender at 0x10d9828e0>
          │    │                │      └ <function BaseHTTPMiddleware.__call__.<locals>.call_next.<locals>.receive_or_disconnect at 0x10d982d40>
          │    │                └ {'type': 'http', 'asgi': {'version': '3.0', 'spec_version': '2.3'}, 'http_version': '1.1', 'server': ('127.0.0.1', 8000), 'cl...
          │    └ <bound method APIRouter.app of <fastapi.routing.APIRouter object at 0x10d85f290>>
          └ <fastapi.routing.APIRouter object at 0x10d85f290>
  File "/Users/sunquanhu/Projects/study/ai/personal-workspace/personal-workspace-app/.venv/lib/python3.12/site-packages/fastapi/routing.py", line 2734, in app
    await route.handle(scope, receive, send)
          │     │      │      │        └ <function wrap_app_handling_exceptions.<locals>.wrapped_app.<locals>.sender at 0x10d9828e0>
          │     │      │      └ <function BaseHTTPMiddleware.__call__.<locals>.call_next.<locals>.receive_or_disconnect at 0x10d982d40>
          │     │      └ {'type': 'http', 'asgi': {'version': '3.0', 'spec_version': '2.3'}, 'http_version': '1.1', 'server': ('127.0.0.1', 8000), 'cl...
          │     └ <function _IncludedRouter.handle at 0x10892fe20>
          └ _IncludedRouter(original_router=<fastapi.routing.APIRouter object at 0x10bed1160>, include_context=_RouterIncludeContext(incl...
  File "/Users/sunquanhu/Projects/study/ai/personal-workspace/personal-workspace-app/.venv/lib/python3.12/site-packages/fastapi/routing.py", line 1780, in handle
    await self.original_router.handle(scope, receive, send)
          │    │               │      │      │        └ <function wrap_app_handling_exceptions.<locals>.wrapped_app.<locals>.sender at 0x10d9828e0>
          │    │               │      │      └ <function BaseHTTPMiddleware.__call__.<locals>.call_next.<locals>.receive_or_disconnect at 0x10d982d40>
          │    │               │      └ {'type': 'http', 'asgi': {'version': '3.0', 'spec_version': '2.3'}, 'http_version': '1.1', 'server': ('127.0.0.1', 8000), 'cl...
          │    │               └ <function APIRouter.handle at 0x108941ee0>
          │    └ <fastapi.routing.APIRouter object at 0x10bed1160>
          └ _IncludedRouter(original_router=<fastapi.routing.APIRouter object at 0x10bed1160>, include_context=_RouterIncludeContext(incl...
  File "/Users/sunquanhu/Projects/study/ai/personal-workspace/personal-workspace-app/.venv/lib/python3.12/site-packages/fastapi/routing.py", line 2789, in handle
    await included_router._handle_selected(scope, receive, send)
          │               │                │      │        └ <function wrap_app_handling_exceptions.<locals>.wrapped_app.<locals>.sender at 0x10d9828e0>
          │               │                │      └ <function BaseHTTPMiddleware.__call__.<locals>.call_next.<locals>.receive_or_disconnect at 0x10d982d40>
          │               │                └ {'type': 'http', 'asgi': {'version': '3.0', 'spec_version': '2.3'}, 'http_version': '1.1', 'server': ('127.0.0.1', 8000), 'cl...
          │               └ <function _IncludedRouter._handle_selected at 0x10892fec0>
          └ _IncludedRouter(original_router=<fastapi.routing.APIRouter object at 0x10bed1160>, include_context=_RouterIncludeContext(incl...
  File "/Users/sunquanhu/Projects/study/ai/personal-workspace/personal-workspace-app/.venv/lib/python3.12/site-packages/fastapi/routing.py", line 1800, in _handle_selected
    await original_route.handle(scope, receive, send)
          │              │      │      │        └ <function wrap_app_handling_exceptions.<locals>.wrapped_app.<locals>.sender at 0x10d9828e0>
          │              │      │      └ <function BaseHTTPMiddleware.__call__.<locals>.call_next.<locals>.receive_or_disconnect at 0x10d982d40>
          │              │      └ {'type': 'http', 'asgi': {'version': '3.0', 'spec_version': '2.3'}, 'http_version': '1.1', 'server': ('127.0.0.1', 8000), 'cl...
          │              └ <function APIRoute.handle at 0x10892df80>
          └ APIRoute(path='/kb/search', name='kb_document_endpoint', methods=['POST'])
  File "/Users/sunquanhu/Projects/study/ai/personal-workspace/personal-workspace-app/.venv/lib/python3.12/site-packages/fastapi/routing.py", line 1279, in handle
    await app(scope, receive, send)
          │   │      │        └ <function wrap_app_handling_exceptions.<locals>.wrapped_app.<locals>.sender at 0x10d9828e0>
          │   │      └ <function BaseHTTPMiddleware.__call__.<locals>.call_next.<locals>.receive_or_disconnect at 0x10d982d40>
          │   └ {'type': 'http', 'asgi': {'version': '3.0', 'spec_version': '2.3'}, 'http_version': '1.1', 'server': ('127.0.0.1', 8000), 'cl...
          └ <function request_response.<locals>.app at 0x10d9827a0>
  File "/Users/sunquanhu/Projects/study/ai/personal-workspace/personal-workspace-app/.venv/lib/python3.12/site-packages/fastapi/routing.py", line 158, in app
    await wrap_app_handling_exceptions(app, request)(scope, receive, send)
          │                            │    │        │      │        └ <function wrap_app_handling_exceptions.<locals>.wrapped_app.<locals>.sender at 0x10d9828e0>
          │                            │    │        │      └ <function BaseHTTPMiddleware.__call__.<locals>.call_next.<locals>.receive_or_disconnect at 0x10d982d40>
          │                            │    │        └ {'type': 'http', 'asgi': {'version': '3.0', 'spec_version': '2.3'}, 'http_version': '1.1', 'server': ('127.0.0.1', 8000), 'cl...
          │                            │    └ <starlette.requests.Request object at 0x10d9a2c00>
          │                            └ <function request_response.<locals>.app.<locals>.app at 0x10d982200>
          └ <function wrap_app_handling_exceptions at 0x1088ecfe0>
  File "/Users/sunquanhu/Projects/study/ai/personal-workspace/personal-workspace-app/.venv/lib/python3.12/site-packages/starlette/_exception_handler.py", line 53, in wrapped_app
    raise exc
  File "/Users/sunquanhu/Projects/study/ai/personal-workspace/personal-workspace-app/.venv/lib/python3.12/site-packages/starlette/_exception_handler.py", line 42, in wrapped_app
    await app(scope, receive, sender)
          │   │      │        └ <function wrap_app_handling_exceptions.<locals>.wrapped_app.<locals>.sender at 0x10d982480>
          │   │      └ <function BaseHTTPMiddleware.__call__.<locals>.call_next.<locals>.receive_or_disconnect at 0x10d982d40>
          │   └ {'type': 'http', 'asgi': {'version': '3.0', 'spec_version': '2.3'}, 'http_version': '1.1', 'server': ('127.0.0.1', 8000), 'cl...
          └ <function request_response.<locals>.app.<locals>.app at 0x10d982200>
  File "/Users/sunquanhu/Projects/study/ai/personal-workspace/personal-workspace-app/.venv/lib/python3.12/site-packages/fastapi/routing.py", line 144, in app
    response = await f(request)
                     │ └ <starlette.requests.Request object at 0x10d9a2c00>
                     └ <function get_request_handler.<locals>.app at 0x10d982ac0>
  File "/Users/sunquanhu/Projects/study/ai/personal-workspace/personal-workspace-app/.venv/lib/python3.12/site-packages/fastapi/routing.py", line 706, in app
    raw_response = await run_endpoint_function(
                         └ <function run_endpoint_function at 0x10892d300>
  File "/Users/sunquanhu/Projects/study/ai/personal-workspace/personal-workspace-app/.venv/lib/python3.12/site-packages/fastapi/routing.py", line 352, in run_endpoint_function
    return await dependant.call(**values)
                 │         │      └ {'db': <sqlalchemy.ext.asyncio.session.AsyncSession object at 0x10d920f20>, 'kb_id': '11', 'text': '111'}
                 │         └ <member 'call' of 'Dependant' objects>
                 └ Dependant(path_params=[], query_params=[], header_params=[], cookie_params=[], body_params=[ModelField(field_info=Form(Pydant...

  File "/Users/sunquanhu/Projects/study/ai/personal-workspace/personal-workspace-app/src/personal_workspace_app/api/endpoints/kb_endpoints.py", line 46, in kb_document_endpoint
    search_context(kb_id = kb_id,db=db,query=text)
    │                      │        │        └ '111'
    │                      │        └ <sqlalchemy.ext.asyncio.session.AsyncSession object at 0x10d920f20>
    │                      └ '11'
    └ <function search_context at 0x10beab7e0>

  File "/Users/sunquanhu/Projects/study/ai/personal-workspace/personal-workspace-app/src/personal_workspace_app/services/kb/KbService.py", line 62, in search_context
    contents = result.scalars().all()
               └ <coroutine object AsyncSession.execute at 0x10d9b6bd0>

AttributeError: 'coroutine' object has no attribute 'scalars'
2026-09-10 10:58:40.027 | ERROR    | [f8f74c07d7a8409a8bdcfb16ff69a5cd] | personal_workspace_app.core.trace_middleware:dispatch:35 - <== HTTP Failed: POST /api/v1/kb/search | Error: 'coroutine' object has no attribute 'scalars' | Cost: 278.85ms
2026-09-10 10:58:40.029 | ERROR    | [f8f74c07d7a8409a8bdcfb16ff69a5cd] | logging:callHandlers:1762 - 【系统未知异常】Path: /api/v1/kb/search | Error: 'coroutine' object has no attribute 'scalars'
Traceback (most recent call last):

  File "/Users/sunquanhu/.pyenv/versions/3.12.2/lib/python3.12/runpy.py", line 198, in _run_module_as_main
    return _run_code(code, main_globals, None,
           │         │     └ {'__name__': '__main__', '__doc__': None, '__package__': '', '__loader__': <_frozen_importlib_external.SourceFileLoader objec...
           │         └ <code object <module> at 0x10e00dc50, file "/private/var/folders/7v/223c2ym14gb3wzg9l33myc380000gn/T/debugpy66867471221208830...
           └ <function _run_code at 0x10e032020>
  File "/Users/sunquanhu/.pyenv/versions/3.12.2/lib/python3.12/runpy.py", line 88, in _run_code
    exec(code, run_globals)
         │     └ {'__name__': '__main__', '__doc__': None, '__package__': '', '__loader__': <_frozen_importlib_external.SourceFileLoader objec...
         └ <code object <module> at 0x10e00dc50, file "/private/var/folders/7v/223c2ym14gb3wzg9l33myc380000gn/T/debugpy66867471221208830...

  File "/private/var/folders/7v/223c2ym14gb3wzg9l33myc380000gn/T/debugpy668674712212088303/debugpy/adapter/../../debugpy/launcher/../../debugpy/__main__.py", line 71, in <module>
    cli.main()
    │   └ <function main at 0x10fbe3ce0>
    └ <module 'debugpy.server.cli' from '/private/var/folders/7v/223c2ym14gb3wzg9l33myc380000gn/T/debugpy668674712212088303/debugpy...

  File "/private/var/folders/7v/223c2ym14gb3wzg9l33myc380000gn/T/debugpy668674712212088303/debugpy/adapter/../../debugpy/launcher/../../debugpy/../debugpy/server/cli.py", line 542, in main
    run()
    └ <function run_file at 0x10fbe3a60>

  File "/private/var/folders/7v/223c2ym14gb3wzg9l33myc380000gn/T/debugpy668674712212088303/debugpy/adapter/../../debugpy/launcher/../../debugpy/../debugpy/server/cli.py", line 361, in run_file
    runpy.run_path(target, run_name="__main__")
    │     │        └ '/Users/sunquanhu/Projects/study/ai/personal-workspace/personal-workspace-app/src/personal_workspace_app/__main__.py'
    │     └ <function run_path at 0x10f1e8040>
    └ <module '_pydevd_bundle.pydevd_runpy' from '/private/var/folders/7v/223c2ym14gb3wzg9l33myc380000gn/T/debugpy66867471221208830...

  File "/private/var/folders/7v/223c2ym14gb3wzg9l33myc380000gn/T/debugpy668674712212088303/debugpy/_vendored/pydevd/_pydevd_bundle/pydevd_runpy.py", line 310, in run_path
    return _run_module_code(code, init_globals, run_name, pkg_name=pkg_name, script_name=fname)
           │                │     │             │                  │                     └ '/Users/sunquanhu/Projects/study/ai/personal-workspace/personal-workspace-app/src/personal_workspace_app/__main__.py'
           │                │     │             │                  └ ''
           │                │     │             └ '__main__'
           │                │     └ None
           │                └ <code object <module> at 0x10fc465b0, file "/Users/sunquanhu/Projects/study/ai/personal-workspace/personal-workspace-app/src/...
           └ <function _run_module_code at 0x10f1b7c40>

  File "/private/var/folders/7v/223c2ym14gb3wzg9l33myc380000gn/T/debugpy668674712212088303/debugpy/_vendored/pydevd/_pydevd_bundle/pydevd_runpy.py", line 127, in _run_module_code
    _run_code(code, mod_globals, init_globals, mod_name, mod_spec, pkg_name, script_name)
    │         │     │            │             │         │         │         └ '/Users/sunquanhu/Projects/study/ai/personal-workspace/personal-workspace-app/src/personal_workspace_app/__main__.py'
    │         │     │            │             │         │         └ ''
    │         │     │            │             │         └ None
    │         │     │            │             └ '__main__'
    │         │     │            └ None
    │         │     └ {'__name__': '__main__', '__doc__': None, '__package__': '', '__loader__': None, '__spec__': None, '__file__': '/Users/sunqua...
    │         └ <code object <module> at 0x10fc465b0, file "/Users/sunquanhu/Projects/study/ai/personal-workspace/personal-workspace-app/src/...
    └ <function _run_code at 0x10f1b77e0>

  File "/private/var/folders/7v/223c2ym14gb3wzg9l33myc380000gn/T/debugpy668674712212088303/debugpy/_vendored/pydevd/_pydevd_bundle/pydevd_runpy.py", line 118, in _run_code
    exec(code, run_globals)
         │     └ {'__name__': '__main__', '__doc__': None, '__package__': '', '__loader__': None, '__spec__': None, '__file__': '/Users/sunqua...
         └ <code object <module> at 0x10fc465b0, file "/Users/sunquanhu/Projects/study/ai/personal-workspace/personal-workspace-app/src/...

  File "/Users/sunquanhu/Projects/study/ai/personal-workspace/personal-workspace-app/src/personal_workspace_app/__main__.py", line 37, in <module>
    uvicorn.run(app, host="0.0.0.0", port=8000, reload=False, loop="asyncio")
    │       │   └ <fastapi.applications.FastAPI object at 0x115bdb320>
    │       └ <function run at 0x10ff440e0>
    └ <module 'uvicorn' from '/Users/sunquanhu/Projects/study/ai/personal-workspace/personal-workspace-app/.venv/lib/python3.12/sit...

  File "/Users/sunquanhu/Projects/study/ai/personal-workspace/personal-workspace-app/.venv/lib/python3.12/site-packages/uvicorn/main.py", line 621, in run
    server.run()
    │      └ <function Server.run at 0x10ff454e0>
    └ <uvicorn.server.Server object at 0x115afd6d0>
  File "/Users/sunquanhu/Projects/study/ai/personal-workspace/personal-workspace-app/.venv/lib/python3.12/site-packages/uvicorn/server.py", line 77, in run
    return asyncio_run(self.serve(sockets=sockets), loop_factory=self.config.get_loop_factory())
           │           │    │             │                      │    │      └ <function Config.get_loop_factory at 0x10fe81620>
           │           │    │             │                      │    └ <uvicorn.config.Config object at 0x115ad2d80>
           │           │    │             │                      └ <uvicorn.server.Server object at 0x115afd6d0>
           │           │    │             └ None
           │           │    └ <function Server.serve at 0x10ff45580>
           │           └ <uvicorn.server.Server object at 0x115afd6d0>
           └ <function run at 0x10fd42980>
  File "/Users/sunquanhu/.pyenv/versions/3.12.2/lib/python3.12/asyncio/runners.py", line 194, in run
    return runner.run(main)
           │      │   └ <coroutine object Server.serve at 0x115bc66c0>
           │      └ <function Runner.run at 0x10fda6de0>
           └ <asyncio.runners.Runner object at 0x115bdb3b0>
  File "/Users/sunquanhu/.pyenv/versions/3.12.2/lib/python3.12/asyncio/runners.py", line 118, in run
    return self._loop.run_until_complete(task)
           │    │     │                  └ <Task pending name='Task-1' coro=<Server.serve() running at /Users/sunquanhu/Projects/study/ai/personal-workspace/personal-wo...
           │    │     └ <function BaseEventLoop.run_until_complete at 0x10fda4a40>
           │    └ <_UnixSelectorEventLoop running=True closed=False debug=False>
           └ <asyncio.runners.Runner object at 0x115bdb3b0>
  File "/Users/sunquanhu/.pyenv/versions/3.12.2/lib/python3.12/asyncio/base_events.py", line 672, in run_until_complete
    self.run_forever()
    │    └ <function BaseEventLoop.run_forever at 0x10fda49a0>
    └ <_UnixSelectorEventLoop running=True closed=False debug=False>
  File "/Users/sunquanhu/.pyenv/versions/3.12.2/lib/python3.12/asyncio/base_events.py", line 639, in run_forever
    self._run_once()
    │    └ <function BaseEventLoop._run_once at 0x10fda67a0>
    └ <_UnixSelectorEventLoop running=True closed=False debug=False>
  File "/Users/sunquanhu/.pyenv/versions/3.12.2/lib/python3.12/asyncio/base_events.py", line 1985, in _run_once
    handle._run()
    │      └ <function Handle._run at 0x10fd2eb60>
    └ <Handle Task.task_wakeup(<Future finished result=None>)>
  File "/Users/sunquanhu/.pyenv/versions/3.12.2/lib/python3.12/asyncio/events.py", line 88, in _run
    self._context.run(self._callback, *self._args)
    │    │            │    │           │    └ <member '_args' of 'Handle' objects>
    │    │            │    │           └ <Handle Task.task_wakeup(<Future finished result=None>)>
    │    │            │    └ <member '_callback' of 'Handle' objects>
    │    │            └ <Handle Task.task_wakeup(<Future finished result=None>)>
    │    └ <member '_context' of 'Handle' objects>
    └ <Handle Task.task_wakeup(<Future finished result=None>)>
  File "/Users/sunquanhu/Projects/study/ai/personal-workspace/personal-workspace-app/.venv/lib/python3.12/site-packages/uvicorn/protocols/http/httptools_impl.py", line 422, in run_asgi
    result = await app(  # type: ignore[func-returns-value]
                   └ <uvicorn.middleware.proxy_headers.ProxyHeadersMiddleware object at 0x115ad1df0>
  File "/Users/sunquanhu/Projects/study/ai/personal-workspace/personal-workspace-app/.venv/lib/python3.12/site-packages/uvicorn/middleware/proxy_headers.py", line 63, in __call__
    return await self.app(scope, receive, send)
                 │    │   │      │        └ <bound method RequestResponseCycle.send of <uvicorn.protocols.http.httptools_impl.RequestResponseCycle object at 0x115c98680>>
                 │    │   │      └ <bound method RequestResponseCycle.receive of <uvicorn.protocols.http.httptools_impl.RequestResponseCycle object at 0x115c986...
                 │    │   └ {'type': 'http', 'asgi': {'version': '3.0', 'spec_version': '2.3'}, 'http_version': '1.1', 'server': ('127.0.0.1', 8000), 'cl...
                 │    └ <fastapi.applications.FastAPI object at 0x115bdb320>
                 └ <uvicorn.middleware.proxy_headers.ProxyHeadersMiddleware object at 0x115ad1df0>
  File "/Users/sunquanhu/Projects/study/ai/personal-workspace/personal-workspace-app/.venv/lib/python3.12/site-packages/fastapi/applications.py", line 1163, in __call__
    await super().__call__(scope, receive, send)
                           │      │        └ <bound method RequestResponseCycle.send of <uvicorn.protocols.http.httptools_impl.RequestResponseCycle object at 0x115c98680>>
                           │      └ <bound method RequestResponseCycle.receive of <uvicorn.protocols.http.httptools_impl.RequestResponseCycle object at 0x115c986...
                           └ {'type': 'http', 'asgi': {'version': '3.0', 'spec_version': '2.3'}, 'http_version': '1.1', 'server': ('127.0.0.1', 8000), 'cl...
  File "/Users/sunquanhu/Projects/study/ai/personal-workspace/personal-workspace-app/.venv/lib/python3.12/site-packages/starlette/applications.py", line 96, in __call__
    await self.middleware_stack(scope, receive, send)
          │    │                │      │        └ <bound method RequestResponseCycle.send of <uvicorn.protocols.http.httptools_impl.RequestResponseCycle object at 0x115c98680>>
          │    │                │      └ <bound method RequestResponseCycle.receive of <uvicorn.protocols.http.httptools_impl.RequestResponseCycle object at 0x115c986...
          │    │                └ {'type': 'http', 'asgi': {'version': '3.0', 'spec_version': '2.3'}, 'http_version': '1.1', 'server': ('127.0.0.1', 8000), 'cl...
          │    └ <starlette.middleware.errors.ServerErrorMiddleware object at 0x115c98110>
          └ <fastapi.applications.FastAPI object at 0x115bdb320>
> File "/Users/sunquanhu/Projects/study/ai/personal-workspace/personal-workspace-app/.venv/lib/python3.12/site-packages/starlette/middleware/errors.py", line 164, in __call__
    await self.app(scope, receive, _send)
          │    │   │      │        └ <function ServerErrorMiddleware.__call__.<locals>._send at 0x115c9c2c0>
          │    │   │      └ <bound method RequestResponseCycle.receive of <uvicorn.protocols.http.httptools_impl.RequestResponseCycle object at 0x115c986...
          │    │   └ {'type': 'http', 'asgi': {'version': '3.0', 'spec_version': '2.3'}, 'http_version': '1.1', 'server': ('127.0.0.1', 8000), 'cl...
          │    └ <personal_workspace_app.core.trace_middleware.TraceAndLogMiddleware object at 0x115bd9df0>
          └ <starlette.middleware.errors.ServerErrorMiddleware object at 0x115c98110>
  File "/Users/sunquanhu/Projects/study/ai/personal-workspace/personal-workspace-app/.venv/lib/python3.12/site-packages/starlette/middleware/base.py", line 193, in __call__
    response = await self.dispatch_func(request, call_next)
                     │    │             │        └ <function BaseHTTPMiddleware.__call__.<locals>.call_next at 0x115c84cc0>
                     │    │             └ <starlette.middleware.base._CachedRequest object at 0x115c98890>
                     │    └ <bound method TraceAndLogMiddleware.dispatch of <personal_workspace_app.core.trace_middleware.TraceAndLogMiddleware object at...
                     └ <personal_workspace_app.core.trace_middleware.TraceAndLogMiddleware object at 0x115bd9df0>

  File "/Users/sunquanhu/Projects/study/ai/personal-workspace/personal-workspace-app/src/personal_workspace_app/core/trace_middleware.py", line 37, in dispatch
    raise exc

  File "/Users/sunquanhu/Projects/study/ai/personal-workspace/personal-workspace-app/src/personal_workspace_app/core/trace_middleware.py", line 22, in dispatch
    response = await call_next(request)
                     │         └ <starlette.middleware.base._CachedRequest object at 0x115c98890>
                     └ <function BaseHTTPMiddleware.__call__.<locals>.call_next at 0x115c84cc0>

  File "/Users/sunquanhu/Projects/study/ai/personal-workspace/personal-workspace-app/.venv/lib/python3.12/site-packages/starlette/middleware/base.py", line 168, in call_next
    raise app_exc from app_exc.__cause__ or app_exc.__context__
          │            │       │            │       └ <attribute '__context__' of 'BaseException' objects>
          │            │       │            └ AttributeError("'coroutine' object has no attribute 'scalars'")
          │            │       └ <attribute '__cause__' of 'BaseException' objects>
          │            └ AttributeError("'coroutine' object has no attribute 'scalars'")
          └ AttributeError("'coroutine' object has no attribute 'scalars'")
  File "/Users/sunquanhu/Projects/study/ai/personal-workspace/personal-workspace-app/.venv/lib/python3.12/site-packages/starlette/middleware/base.py", line 144, in coro
    await self.app(scope, receive_or_disconnect, send_no_error)
          │    │   │      │                      └ <function BaseHTTPMiddleware.__call__.<locals>.call_next.<locals>.send_no_error at 0x115cfe200>
          │    │   │      └ <function BaseHTTPMiddleware.__call__.<locals>.call_next.<locals>.receive_or_disconnect at 0x115c9f920>
          │    │   └ {'type': 'http', 'asgi': {'version': '3.0', 'spec_version': '2.3'}, 'http_version': '1.1', 'server': ('127.0.0.1', 8000), 'cl...
          │    └ <starlette.middleware.exceptions.ExceptionMiddleware object at 0x115c980e0>
          └ <personal_workspace_app.core.trace_middleware.TraceAndLogMiddleware object at 0x115bd9df0>
  File "/Users/sunquanhu/Projects/study/ai/personal-workspace/personal-workspace-app/.venv/lib/python3.12/site-packages/starlette/middleware/exceptions.py", line 63, in __call__
    await wrap_app_handling_exceptions(self.app, conn)(scope, receive, send)
          │                            │    │    │     │      │        └ <function BaseHTTPMiddleware.__call__.<locals>.call_next.<locals>.send_no_error at 0x115cfe200>
          │                            │    │    │     │      └ <function BaseHTTPMiddleware.__call__.<locals>.call_next.<locals>.receive_or_disconnect at 0x115c9f920>
          │                            │    │    │     └ {'type': 'http', 'asgi': {'version': '3.0', 'spec_version': '2.3'}, 'http_version': '1.1', 'server': ('127.0.0.1', 8000), 'cl...
          │                            │    │    └ <starlette.requests.Request object at 0x115c986b0>
          │                            │    └ <fastapi.middleware.asyncexitstack.AsyncExitStackMiddleware object at 0x115b72b70>
          │                            └ <starlette.middleware.exceptions.ExceptionMiddleware object at 0x115c980e0>
          └ <function wrap_app_handling_exceptions at 0x110c14fe0>
  File "/Users/sunquanhu/Projects/study/ai/personal-workspace/personal-workspace-app/.venv/lib/python3.12/site-packages/starlette/_exception_handler.py", line 53, in wrapped_app
    raise exc
  File "/Users/sunquanhu/Projects/study/ai/personal-workspace/personal-workspace-app/.venv/lib/python3.12/site-packages/starlette/_exception_handler.py", line 42, in wrapped_app
    await app(scope, receive, sender)
          │   │      │        └ <function wrap_app_handling_exceptions.<locals>.wrapped_app.<locals>.sender at 0x115cfe520>
          │   │      └ <function BaseHTTPMiddleware.__call__.<locals>.call_next.<locals>.receive_or_disconnect at 0x115c9f920>
          │   └ {'type': 'http', 'asgi': {'version': '3.0', 'spec_version': '2.3'}, 'http_version': '1.1', 'server': ('127.0.0.1', 8000), 'cl...
          └ <fastapi.middleware.asyncexitstack.AsyncExitStackMiddleware object at 0x115b72b70>
  File "/Users/sunquanhu/Projects/study/ai/personal-workspace/personal-workspace-app/.venv/lib/python3.12/site-packages/fastapi/middleware/asyncexitstack.py", line 18, in __call__
    await self.app(scope, receive, send)
          │    │   │      │        └ <function wrap_app_handling_exceptions.<locals>.wrapped_app.<locals>.sender at 0x115cfe520>
          │    │   │      └ <function BaseHTTPMiddleware.__call__.<locals>.call_next.<locals>.receive_or_disconnect at 0x115c9f920>
          │    │   └ {'type': 'http', 'asgi': {'version': '3.0', 'spec_version': '2.3'}, 'http_version': '1.1', 'server': ('127.0.0.1', 8000), 'cl...
          │    └ <fastapi.routing.APIRouter object at 0x115bdb4a0>
          └ <fastapi.middleware.asyncexitstack.AsyncExitStackMiddleware object at 0x115b72b70>
  File "/Users/sunquanhu/Projects/study/ai/personal-workspace/personal-workspace-app/.venv/lib/python3.12/site-packages/starlette/routing.py", line 670, in __call__
    await self.middleware_stack(scope, receive, send)
          │    │                │      │        └ <function wrap_app_handling_exceptions.<locals>.wrapped_app.<locals>.sender at 0x115cfe520>
          │    │                │      └ <function BaseHTTPMiddleware.__call__.<locals>.call_next.<locals>.receive_or_disconnect at 0x115c9f920>
          │    │                └ {'type': 'http', 'asgi': {'version': '3.0', 'spec_version': '2.3'}, 'http_version': '1.1', 'server': ('127.0.0.1', 8000), 'cl...
          │    └ <bound method APIRouter.app of <fastapi.routing.APIRouter object at 0x115bdb4a0>>
          └ <fastapi.routing.APIRouter object at 0x115bdb4a0>
  File "/Users/sunquanhu/Projects/study/ai/personal-workspace/personal-workspace-app/.venv/lib/python3.12/site-packages/fastapi/routing.py", line 2734, in app
    await route.handle(scope, receive, send)
          │     │      │      │        └ <function wrap_app_handling_exceptions.<locals>.wrapped_app.<locals>.sender at 0x115cfe520>
          │     │      │      └ <function BaseHTTPMiddleware.__call__.<locals>.call_next.<locals>.receive_or_disconnect at 0x115c9f920>
          │     │      └ {'type': 'http', 'asgi': {'version': '3.0', 'spec_version': '2.3'}, 'http_version': '1.1', 'server': ('127.0.0.1', 8000), 'cl...
          │     └ <function _IncludedRouter.handle at 0x110c57e20>
          └ _IncludedRouter(original_router=<fastapi.routing.APIRouter object at 0x11422d2b0>, include_context=_RouterIncludeContext(incl...
  File "/Users/sunquanhu/Projects/study/ai/personal-workspace/personal-workspace-app/.venv/lib/python3.12/site-packages/fastapi/routing.py", line 1780, in handle
    await self.original_router.handle(scope, receive, send)
          │    │               │      │      │        └ <function wrap_app_handling_exceptions.<locals>.wrapped_app.<locals>.sender at 0x115cfe520>
          │    │               │      │      └ <function BaseHTTPMiddleware.__call__.<locals>.call_next.<locals>.receive_or_disconnect at 0x115c9f920>
          │    │               │      └ {'type': 'http', 'asgi': {'version': '3.0', 'spec_version': '2.3'}, 'http_version': '1.1', 'server': ('127.0.0.1', 8000), 'cl...
          │    │               └ <function APIRouter.handle at 0x110c69ee0>
          │    └ <fastapi.routing.APIRouter object at 0x11422d2b0>
          └ _IncludedRouter(original_router=<fastapi.routing.APIRouter object at 0x11422d2b0>, include_context=_RouterIncludeContext(incl...
  File "/Users/sunquanhu/Projects/study/ai/personal-workspace/personal-workspace-app/.venv/lib/python3.12/site-packages/fastapi/routing.py", line 2789, in handle
    await included_router._handle_selected(scope, receive, send)
          │               │                │      │        └ <function wrap_app_handling_exceptions.<locals>.wrapped_app.<locals>.sender at 0x115cfe520>
          │               │                │      └ <function BaseHTTPMiddleware.__call__.<locals>.call_next.<locals>.receive_or_disconnect at 0x115c9f920>
          │               │                └ {'type': 'http', 'asgi': {'version': '3.0', 'spec_version': '2.3'}, 'http_version': '1.1', 'server': ('127.0.0.1', 8000), 'cl...
          │               └ <function _IncludedRouter._handle_selected at 0x110c57ec0>
          └ _IncludedRouter(original_router=<fastapi.routing.APIRouter object at 0x11422d2b0>, include_context=_RouterIncludeContext(incl...
  File "/Users/sunquanhu/Projects/study/ai/personal-workspace/personal-workspace-app/.venv/lib/python3.12/site-packages/fastapi/routing.py", line 1800, in _handle_selected
    await original_route.handle(scope, receive, send)
          │              │      │      │        └ <function wrap_app_handling_exceptions.<locals>.wrapped_app.<locals>.sender at 0x115cfe520>
          │              │      │      └ <function BaseHTTPMiddleware.__call__.<locals>.call_next.<locals>.receive_or_disconnect at 0x115c9f920>
          │              │      └ {'type': 'http', 'asgi': {'version': '3.0', 'spec_version': '2.3'}, 'http_version': '1.1', 'server': ('127.0.0.1', 8000), 'cl...
          │              └ <function APIRoute.handle at 0x110c55f80>
          └ APIRoute(path='/kb/search', name='kb_document_endpoint', methods=['POST'])
  File "/Users/sunquanhu/Projects/study/ai/personal-workspace/personal-workspace-app/.venv/lib/python3.12/site-packages/fastapi/routing.py", line 1279, in handle
    await app(scope, receive, send)
          │   │      │        └ <function wrap_app_handling_exceptions.<locals>.wrapped_app.<locals>.sender at 0x115cfe520>
          │   │      └ <function BaseHTTPMiddleware.__call__.<locals>.call_next.<locals>.receive_or_disconnect at 0x115c9f920>
          │   └ {'type': 'http', 'asgi': {'version': '3.0', 'spec_version': '2.3'}, 'http_version': '1.1', 'server': ('127.0.0.1', 8000), 'cl...
          └ <function request_response.<locals>.app at 0x115be7380>
  File "/Users/sunquanhu/Projects/study/ai/personal-workspace/personal-workspace-app/.venv/lib/python3.12/site-packages/fastapi/routing.py", line 158, in app
    await wrap_app_handling_exceptions(app, request)(scope, receive, send)
          │                            │    │        │      │        └ <function wrap_app_handling_exceptions.<locals>.wrapped_app.<locals>.sender at 0x115cfe520>
          │                            │    │        │      └ <function BaseHTTPMiddleware.__call__.<locals>.call_next.<locals>.receive_or_disconnect at 0x115c9f920>
          │                            │    │        └ {'type': 'http', 'asgi': {'version': '3.0', 'spec_version': '2.3'}, 'http_version': '1.1', 'server': ('127.0.0.1', 8000), 'cl...
          │                            │    └ <starlette.requests.Request object at 0x115ce26f0>
          │                            └ <function request_response.<locals>.app.<locals>.app at 0x115cfe7a0>
          └ <function wrap_app_handling_exceptions at 0x110c14fe0>
  File "/Users/sunquanhu/Projects/study/ai/personal-workspace/personal-workspace-app/.venv/lib/python3.12/site-packages/starlette/_exception_handler.py", line 53, in wrapped_app
    raise exc
  File "/Users/sunquanhu/Projects/study/ai/personal-workspace/personal-workspace-app/.venv/lib/python3.12/site-packages/starlette/_exception_handler.py", line 42, in wrapped_app
    await app(scope, receive, sender)
          │   │      │        └ <function wrap_app_handling_exceptions.<locals>.wrapped_app.<locals>.sender at 0x115cfe840>
          │   │      └ <function BaseHTTPMiddleware.__call__.<locals>.call_next.<locals>.receive_or_disconnect at 0x115c9f920>
          │   └ {'type': 'http', 'asgi': {'version': '3.0', 'spec_version': '2.3'}, 'http_version': '1.1', 'server': ('127.0.0.1', 8000), 'cl...
          └ <function request_response.<locals>.app.<locals>.app at 0x115cfe7a0>
  File "/Users/sunquanhu/Projects/study/ai/personal-workspace/personal-workspace-app/.venv/lib/python3.12/site-packages/fastapi/routing.py", line 144, in app
    response = await f(request)
                     │ └ <starlette.requests.Request object at 0x115ce26f0>
                     └ <function get_request_handler.<locals>.app at 0x115be72e0>
  File "/Users/sunquanhu/Projects/study/ai/personal-workspace/personal-workspace-app/.venv/lib/python3.12/site-packages/fastapi/routing.py", line 706, in app
    raw_response = await run_endpoint_function(
                         └ <function run_endpoint_function at 0x110c55300>
  File "/Users/sunquanhu/Projects/study/ai/personal-workspace/personal-workspace-app/.venv/lib/python3.12/site-packages/fastapi/routing.py", line 352, in run_endpoint_function
    return await dependant.call(**values)
                 │         │      └ {'db': <sqlalchemy.ext.asyncio.session.AsyncSession object at 0x115ce3b60>, 'kb_id': '11', 'text': '111'}
                 │         └ <member 'call' of 'Dependant' objects>
                 └ Dependant(path_params=[], query_params=[], header_params=[], cookie_params=[], body_params=[ModelField(field_info=Form(Pydant...

  File "/Users/sunquanhu/Projects/study/ai/personal-workspace/personal-workspace-app/src/personal_workspace_app/api/endpoints/kb_endpoints.py", line 46, in kb_document_endpoint
    search_context(kb_id = kb_id,db=db,query=text)
    │                      │        │        └ '111'
    │                      │        └ <sqlalchemy.ext.asyncio.session.AsyncSession object at 0x115ce3b60>
    │                      └ '11'
    └ <function search_context at 0x1142077e0>

  File "/Users/sunquanhu/Projects/study/ai/personal-workspace/personal-workspace-app/src/personal_workspace_app/services/kb/KbService.py", line 63, in search_context
    contents = result.scalars().all()
               └ <coroutine object AsyncSession.execute at 0x115d3cbf0>

AttributeError: 'coroutine' object has no attribute 'scalars'
2026-09-10 11:02:31.221 | ERROR    | [57718501eeaf401c86260123d804a058] | personal_workspace_app.core.trace_middleware:dispatch:35 - <== HTTP Failed: POST /api/v1/kb/search | Error: (builtins.ValueError) expected ndim to be 1
[SQL: SELECT kb_doc_test.text_content 
FROM kb_doc_test 
WHERE kb_doc_test.kb_id = $1::VARCHAR ORDER BY kb_doc_test.embedding <=> $2 
 LIMIT $3::INTEGER]
[parameters: [{}]] | Cost: 308.66ms
2026-09-10 11:02:31.223 | ERROR    | [57718501eeaf401c86260123d804a058] | logging:callHandlers:1762 - 【系统未知异常】Path: /api/v1/kb/search | Error: (builtins.ValueError) expected ndim to be 1
[SQL: SELECT kb_doc_test.text_content 
FROM kb_doc_test 
WHERE kb_doc_test.kb_id = $1::VARCHAR ORDER BY kb_doc_test.embedding <=> $2 
 LIMIT $3::INTEGER]
[parameters: [{}]]
Traceback (most recent call last):

  File "/Users/sunquanhu/Projects/study/ai/personal-workspace/personal-workspace-app/.venv/lib/python3.12/site-packages/sqlalchemy/engine/base.py", line 1817, in _execute_context
    context = constructor(
              └ <bound method DefaultExecutionContext._init_compiled of <class 'sqlalchemy.dialects.postgresql.asyncpg.PGExecutionContext_asy...
  File "/Users/sunquanhu/Projects/study/ai/personal-workspace/personal-workspace-app/.venv/lib/python3.12/site-packages/sqlalchemy/engine/default.py", line 1496, in _init_compiled
    flattened_processors[key](compiled_params[key])
    │                         └ {'kb_id_1': '11', 'embedding_1': [[0.03192102909088135, 0.02521596848964691, -0.009036065079271793, -0.013129032216966152, -0...
    └ {'embedding_1': <function VECTOR.bind_processor.<locals>.process at 0x10e423240>}
  File "/Users/sunquanhu/Projects/study/ai/personal-workspace/personal-workspace-app/.venv/lib/python3.12/site-packages/pgvector/sqlalchemy/vector.py", line 21, in process
    return Vector._to_db(value, self.dim)
           │      │      │      │    └ 1024
           │      │      │      └ VECTOR(dim=1024)
           │      │      └ [[0.03192102909088135, 0.02521596848964691, -0.009036065079271793, -0.013129032216966152, -0.018332652747631073, -0.056382849...
           │      └ <classmethod(<function Vector._to_db at 0x10d05ec00>)>
           └ <class 'pgvector.utils.vector.Vector'>
  File "/Users/sunquanhu/Projects/study/ai/personal-workspace/personal-workspace-app/.venv/lib/python3.12/site-packages/pgvector/utils/vector.py", line 49, in _to_db
    value = cls(value)
            │   └ [[0.03192102909088135, 0.02521596848964691, -0.009036065079271793, -0.013129032216966152, -0.018332652747631073, -0.056382849...
            └ <class 'pgvector.utils.vector.Vector'>
  File "/Users/sunquanhu/Projects/study/ai/personal-workspace/personal-workspace-app/.venv/lib/python3.12/site-packages/pgvector/utils/vector.py", line 12, in __init__
    raise ValueError('expected ndim to be 1')

ValueError: expected ndim to be 1


The above exception was the direct cause of the following exception:


Traceback (most recent call last):

  File "/Users/sunquanhu/.pyenv/versions/3.12.2/lib/python3.12/runpy.py", line 198, in _run_module_as_main
    return _run_code(code, main_globals, None,
           │         │     └ {'__name__': '__main__', '__doc__': None, '__package__': '', '__loader__': <_frozen_importlib_external.SourceFileLoader objec...
           │         └ <code object <module> at 0x10668dc50, file "/private/var/folders/7v/223c2ym14gb3wzg9l33myc380000gn/T/debugpy66867471221208830...
           └ <function _run_code at 0x1066b2020>
  File "/Users/sunquanhu/.pyenv/versions/3.12.2/lib/python3.12/runpy.py", line 88, in _run_code
    exec(code, run_globals)
         │     └ {'__name__': '__main__', '__doc__': None, '__package__': '', '__loader__': <_frozen_importlib_external.SourceFileLoader objec...
         └ <code object <module> at 0x10668dc50, file "/private/var/folders/7v/223c2ym14gb3wzg9l33myc380000gn/T/debugpy66867471221208830...

  File "/private/var/folders/7v/223c2ym14gb3wzg9l33myc380000gn/T/debugpy668674712212088303/debugpy/adapter/../../debugpy/launcher/../../debugpy/__main__.py", line 71, in <module>
    cli.main()
    │   └ <function main at 0x108263ce0>
    └ <module 'debugpy.server.cli' from '/private/var/folders/7v/223c2ym14gb3wzg9l33myc380000gn/T/debugpy668674712212088303/debugpy...

  File "/private/var/folders/7v/223c2ym14gb3wzg9l33myc380000gn/T/debugpy668674712212088303/debugpy/adapter/../../debugpy/launcher/../../debugpy/../debugpy/server/cli.py", line 542, in main
    run()
    └ <function run_file at 0x108263a60>

  File "/private/var/folders/7v/223c2ym14gb3wzg9l33myc380000gn/T/debugpy668674712212088303/debugpy/adapter/../../debugpy/launcher/../../debugpy/../debugpy/server/cli.py", line 361, in run_file
    runpy.run_path(target, run_name="__main__")
    │     │        └ '/Users/sunquanhu/Projects/study/ai/personal-workspace/personal-workspace-app/src/personal_workspace_app/__main__.py'
    │     └ <function run_path at 0x107868040>
    └ <module '_pydevd_bundle.pydevd_runpy' from '/private/var/folders/7v/223c2ym14gb3wzg9l33myc380000gn/T/debugpy66867471221208830...

  File "/private/var/folders/7v/223c2ym14gb3wzg9l33myc380000gn/T/debugpy668674712212088303/debugpy/_vendored/pydevd/_pydevd_bundle/pydevd_runpy.py", line 310, in run_path
    return _run_module_code(code, init_globals, run_name, pkg_name=pkg_name, script_name=fname)
           │                │     │             │                  │                     └ '/Users/sunquanhu/Projects/study/ai/personal-workspace/personal-workspace-app/src/personal_workspace_app/__main__.py'
           │                │     │             │                  └ ''
           │                │     │             └ '__main__'
           │                │     └ None
           │                └ <code object <module> at 0x1082c65b0, file "/Users/sunquanhu/Projects/study/ai/personal-workspace/personal-workspace-app/src/...
           └ <function _run_module_code at 0x107837c40>

  File "/private/var/folders/7v/223c2ym14gb3wzg9l33myc380000gn/T/debugpy668674712212088303/debugpy/_vendored/pydevd/_pydevd_bundle/pydevd_runpy.py", line 127, in _run_module_code
    _run_code(code, mod_globals, init_globals, mod_name, mod_spec, pkg_name, script_name)
    │         │     │            │             │         │         │         └ '/Users/sunquanhu/Projects/study/ai/personal-workspace/personal-workspace-app/src/personal_workspace_app/__main__.py'
    │         │     │            │             │         │         └ ''
    │         │     │            │             │         └ None
    │         │     │            │             └ '__main__'
    │         │     │            └ None
    │         │     └ {'__name__': '__main__', '__doc__': None, '__package__': '', '__loader__': None, '__spec__': None, '__file__': '/Users/sunqua...
    │         └ <code object <module> at 0x1082c65b0, file "/Users/sunquanhu/Projects/study/ai/personal-workspace/personal-workspace-app/src/...
    └ <function _run_code at 0x1078377e0>

  File "/private/var/folders/7v/223c2ym14gb3wzg9l33myc380000gn/T/debugpy668674712212088303/debugpy/_vendored/pydevd/_pydevd_bundle/pydevd_runpy.py", line 118, in _run_code
    exec(code, run_globals)
         │     └ {'__name__': '__main__', '__doc__': None, '__package__': '', '__loader__': None, '__spec__': None, '__file__': '/Users/sunqua...
         └ <code object <module> at 0x1082c65b0, file "/Users/sunquanhu/Projects/study/ai/personal-workspace/personal-workspace-app/src/...

  File "/Users/sunquanhu/Projects/study/ai/personal-workspace/personal-workspace-app/src/personal_workspace_app/__main__.py", line 37, in <module>
    uvicorn.run(app, host="0.0.0.0", port=8000, reload=False, loop="asyncio")
    │       │   └ <fastapi.applications.FastAPI object at 0x10dded730>
    │       └ <function run at 0x1085c40e0>
    └ <module 'uvicorn' from '/Users/sunquanhu/Projects/study/ai/personal-workspace/personal-workspace-app/.venv/lib/python3.12/sit...

  File "/Users/sunquanhu/Projects/study/ai/personal-workspace/personal-workspace-app/.venv/lib/python3.12/site-packages/uvicorn/main.py", line 621, in run
    server.run()
    │      └ <function Server.run at 0x1085c54e0>
    └ <uvicorn.server.Server object at 0x10e29f650>
  File "/Users/sunquanhu/Projects/study/ai/personal-workspace/personal-workspace-app/.venv/lib/python3.12/site-packages/uvicorn/server.py", line 77, in run
    return asyncio_run(self.serve(sockets=sockets), loop_factory=self.config.get_loop_factory())
           │           │    │             │                      │    │      └ <function Config.get_loop_factory at 0x108501620>
           │           │    │             │                      │    └ <uvicorn.config.Config object at 0x10e1c2d80>
           │           │    │             │                      └ <uvicorn.server.Server object at 0x10e29f650>
           │           │    │             └ None
           │           │    └ <function Server.serve at 0x1085c5580>
           │           └ <uvicorn.server.Server object at 0x10e29f650>
           └ <function run at 0x1083c2980>
  File "/Users/sunquanhu/.pyenv/versions/3.12.2/lib/python3.12/asyncio/runners.py", line 194, in run
    return runner.run(main)
           │      │   └ <coroutine object Server.serve at 0x10e28a6c0>
           │      └ <function Runner.run at 0x108426de0>
           └ <asyncio.runners.Runner object at 0x10e2c00e0>
  File "/Users/sunquanhu/.pyenv/versions/3.12.2/lib/python3.12/asyncio/runners.py", line 118, in run
    return self._loop.run_until_complete(task)
           │    │     │                  └ <Task pending name='Task-1' coro=<Server.serve() running at /Users/sunquanhu/Projects/study/ai/personal-workspace/personal-wo...
           │    │     └ <function BaseEventLoop.run_until_complete at 0x108424a40>
           │    └ <_UnixSelectorEventLoop running=True closed=False debug=False>
           └ <asyncio.runners.Runner object at 0x10e2c00e0>
  File "/Users/sunquanhu/.pyenv/versions/3.12.2/lib/python3.12/asyncio/base_events.py", line 672, in run_until_complete
    self.run_forever()
    │    └ <function BaseEventLoop.run_forever at 0x1084249a0>
    └ <_UnixSelectorEventLoop running=True closed=False debug=False>
  File "/Users/sunquanhu/.pyenv/versions/3.12.2/lib/python3.12/asyncio/base_events.py", line 639, in run_forever
    self._run_once()
    │    └ <function BaseEventLoop._run_once at 0x1084267a0>
    └ <_UnixSelectorEventLoop running=True closed=False debug=False>
  File "/Users/sunquanhu/.pyenv/versions/3.12.2/lib/python3.12/asyncio/base_events.py", line 1985, in _run_once
    handle._run()
    │      └ <function Handle._run at 0x1083aeb60>
    └ <Handle Task.task_wakeup(<Future finished result=None>)>
  File "/Users/sunquanhu/.pyenv/versions/3.12.2/lib/python3.12/asyncio/events.py", line 88, in _run
    self._context.run(self._callback, *self._args)
    │    │            │    │           │    └ <member '_args' of 'Handle' objects>
    │    │            │    │           └ <Handle Task.task_wakeup(<Future finished result=None>)>
    │    │            │    └ <member '_callback' of 'Handle' objects>
    │    │            └ <Handle Task.task_wakeup(<Future finished result=None>)>
    │    └ <member '_context' of 'Handle' objects>
    └ <Handle Task.task_wakeup(<Future finished result=None>)>
  File "/Users/sunquanhu/Projects/study/ai/personal-workspace/personal-workspace-app/.venv/lib/python3.12/site-packages/uvicorn/protocols/http/httptools_impl.py", line 422, in run_asgi
    result = await app(  # type: ignore[func-returns-value]
                   └ <uvicorn.middleware.proxy_headers.ProxyHeadersMiddleware object at 0x10a3916a0>
  File "/Users/sunquanhu/Projects/study/ai/personal-workspace/personal-workspace-app/.venv/lib/python3.12/site-packages/uvicorn/middleware/proxy_headers.py", line 63, in __call__
    return await self.app(scope, receive, send)
                 │    │   │      │        └ <bound method RequestResponseCycle.send of <uvicorn.protocols.http.httptools_impl.RequestResponseCycle object at 0x10e350ad0>>
                 │    │   │      └ <bound method RequestResponseCycle.receive of <uvicorn.protocols.http.httptools_impl.RequestResponseCycle object at 0x10e350a...
                 │    │   └ {'type': 'http', 'asgi': {'version': '3.0', 'spec_version': '2.3'}, 'http_version': '1.1', 'server': ('127.0.0.1', 8000), 'cl...
                 │    └ <fastapi.applications.FastAPI object at 0x10dded730>
                 └ <uvicorn.middleware.proxy_headers.ProxyHeadersMiddleware object at 0x10a3916a0>
  File "/Users/sunquanhu/Projects/study/ai/personal-workspace/personal-workspace-app/.venv/lib/python3.12/site-packages/fastapi/applications.py", line 1163, in __call__
    await super().__call__(scope, receive, send)
                           │      │        └ <bound method RequestResponseCycle.send of <uvicorn.protocols.http.httptools_impl.RequestResponseCycle object at 0x10e350ad0>>
                           │      └ <bound method RequestResponseCycle.receive of <uvicorn.protocols.http.httptools_impl.RequestResponseCycle object at 0x10e350a...
                           └ {'type': 'http', 'asgi': {'version': '3.0', 'spec_version': '2.3'}, 'http_version': '1.1', 'server': ('127.0.0.1', 8000), 'cl...
  File "/Users/sunquanhu/Projects/study/ai/personal-workspace/personal-workspace-app/.venv/lib/python3.12/site-packages/starlette/applications.py", line 96, in __call__
    await self.middleware_stack(scope, receive, send)
          │    │                │      │        └ <bound method RequestResponseCycle.send of <uvicorn.protocols.http.httptools_impl.RequestResponseCycle object at 0x10e350ad0>>
          │    │                │      └ <bound method RequestResponseCycle.receive of <uvicorn.protocols.http.httptools_impl.RequestResponseCycle object at 0x10e350a...
          │    │                └ {'type': 'http', 'asgi': {'version': '3.0', 'spec_version': '2.3'}, 'http_version': '1.1', 'server': ('127.0.0.1', 8000), 'cl...
          │    └ <starlette.middleware.errors.ServerErrorMiddleware object at 0x10e350410>
          └ <fastapi.applications.FastAPI object at 0x10dded730>
> File "/Users/sunquanhu/Projects/study/ai/personal-workspace/personal-workspace-app/.venv/lib/python3.12/site-packages/starlette/middleware/errors.py", line 164, in __call__
    await self.app(scope, receive, _send)
          │    │   │      │        └ <function ServerErrorMiddleware.__call__.<locals>._send at 0x10e3642c0>
          │    │   │      └ <bound method RequestResponseCycle.receive of <uvicorn.protocols.http.httptools_impl.RequestResponseCycle object at 0x10e350a...
          │    │   └ {'type': 'http', 'asgi': {'version': '3.0', 'spec_version': '2.3'}, 'http_version': '1.1', 'server': ('127.0.0.1', 8000), 'cl...
          │    └ <personal_workspace_app.core.trace_middleware.TraceAndLogMiddleware object at 0x10e350380>
          └ <starlette.middleware.errors.ServerErrorMiddleware object at 0x10e350410>
  File "/Users/sunquanhu/Projects/study/ai/personal-workspace/personal-workspace-app/.venv/lib/python3.12/site-packages/starlette/middleware/base.py", line 193, in __call__
    response = await self.dispatch_func(request, call_next)
                     │    │             │        └ <function BaseHTTPMiddleware.__call__.<locals>.call_next at 0x10e344cc0>
                     │    │             └ <starlette.middleware.base._CachedRequest object at 0x10e350c80>
                     │    └ <bound method TraceAndLogMiddleware.dispatch of <personal_workspace_app.core.trace_middleware.TraceAndLogMiddleware object at...
                     └ <personal_workspace_app.core.trace_middleware.TraceAndLogMiddleware object at 0x10e350380>

  File "/Users/sunquanhu/Projects/study/ai/personal-workspace/personal-workspace-app/src/personal_workspace_app/core/trace_middleware.py", line 37, in dispatch
    raise exc

  File "/Users/sunquanhu/Projects/study/ai/personal-workspace/personal-workspace-app/src/personal_workspace_app/core/trace_middleware.py", line 22, in dispatch
    response = await call_next(request)
                     │         └ <starlette.middleware.base._CachedRequest object at 0x10e350c80>
                     └ <function BaseHTTPMiddleware.__call__.<locals>.call_next at 0x10e344cc0>

  File "/Users/sunquanhu/Projects/study/ai/personal-workspace/personal-workspace-app/.venv/lib/python3.12/site-packages/starlette/middleware/base.py", line 168, in call_next
    raise app_exc from app_exc.__cause__ or app_exc.__context__
          │            │       │            │       └ <attribute '__context__' of 'BaseException' objects>
          │            │       │            └ StatementError('(builtins.ValueError) expected ndim to be 1')
          │            │       └ <attribute '__cause__' of 'BaseException' objects>
          │            └ StatementError('(builtins.ValueError) expected ndim to be 1')
          └ StatementError('(builtins.ValueError) expected ndim to be 1')
  File "/Users/sunquanhu/Projects/study/ai/personal-workspace/personal-workspace-app/.venv/lib/python3.12/site-packages/starlette/middleware/base.py", line 144, in coro
    await self.app(scope, receive_or_disconnect, send_no_error)
          │    │   │      │                      └ <function BaseHTTPMiddleware.__call__.<locals>.call_next.<locals>.send_no_error at 0x10e3c2200>
          │    │   │      └ <function BaseHTTPMiddleware.__call__.<locals>.call_next.<locals>.receive_or_disconnect at 0x10e367920>
          │    │   └ {'type': 'http', 'asgi': {'version': '3.0', 'spec_version': '2.3'}, 'http_version': '1.1', 'server': ('127.0.0.1', 8000), 'cl...
          │    └ <starlette.middleware.exceptions.ExceptionMiddleware object at 0x10e3503b0>
          └ <personal_workspace_app.core.trace_middleware.TraceAndLogMiddleware object at 0x10e350380>
  File "/Users/sunquanhu/Projects/study/ai/personal-workspace/personal-workspace-app/.venv/lib/python3.12/site-packages/starlette/middleware/exceptions.py", line 63, in __call__
    await wrap_app_handling_exceptions(self.app, conn)(scope, receive, send)
          │                            │    │    │     │      │        └ <function BaseHTTPMiddleware.__call__.<locals>.call_next.<locals>.send_no_error at 0x10e3c2200>
          │                            │    │    │     │      └ <function BaseHTTPMiddleware.__call__.<locals>.call_next.<locals>.receive_or_disconnect at 0x10e367920>
          │                            │    │    │     └ {'type': 'http', 'asgi': {'version': '3.0', 'spec_version': '2.3'}, 'http_version': '1.1', 'server': ('127.0.0.1', 8000), 'cl...
          │                            │    │    └ <starlette.requests.Request object at 0x10deb3ef0>
          │                            │    └ <fastapi.middleware.asyncexitstack.AsyncExitStackMiddleware object at 0x10e1c2b70>
          │                            └ <starlette.middleware.exceptions.ExceptionMiddleware object at 0x10e3503b0>
          └ <function wrap_app_handling_exceptions at 0x109294fe0>
  File "/Users/sunquanhu/Projects/study/ai/personal-workspace/personal-workspace-app/.venv/lib/python3.12/site-packages/starlette/_exception_handler.py", line 53, in wrapped_app
    raise exc
  File "/Users/sunquanhu/Projects/study/ai/personal-workspace/personal-workspace-app/.venv/lib/python3.12/site-packages/starlette/_exception_handler.py", line 42, in wrapped_app
    await app(scope, receive, sender)
          │   │      │        └ <function wrap_app_handling_exceptions.<locals>.wrapped_app.<locals>.sender at 0x10e3c2480>
          │   │      └ <function BaseHTTPMiddleware.__call__.<locals>.call_next.<locals>.receive_or_disconnect at 0x10e367920>
          │   └ {'type': 'http', 'asgi': {'version': '3.0', 'spec_version': '2.3'}, 'http_version': '1.1', 'server': ('127.0.0.1', 8000), 'cl...
          └ <fastapi.middleware.asyncexitstack.AsyncExitStackMiddleware object at 0x10e1c2b70>
  File "/Users/sunquanhu/Projects/study/ai/personal-workspace/personal-workspace-app/.venv/lib/python3.12/site-packages/fastapi/middleware/asyncexitstack.py", line 18, in __call__
    await self.app(scope, receive, send)
          │    │   │      │        └ <function wrap_app_handling_exceptions.<locals>.wrapped_app.<locals>.sender at 0x10e3c2480>
          │    │   │      └ <function BaseHTTPMiddleware.__call__.<locals>.call_next.<locals>.receive_or_disconnect at 0x10e367920>
          │    │   └ {'type': 'http', 'asgi': {'version': '3.0', 'spec_version': '2.3'}, 'http_version': '1.1', 'server': ('127.0.0.1', 8000), 'cl...
          │    └ <fastapi.routing.APIRouter object at 0x10e29f6b0>
          └ <fastapi.middleware.asyncexitstack.AsyncExitStackMiddleware object at 0x10e1c2b70>
  File "/Users/sunquanhu/Projects/study/ai/personal-workspace/personal-workspace-app/.venv/lib/python3.12/site-packages/starlette/routing.py", line 670, in __call__
    await self.middleware_stack(scope, receive, send)
          │    │                │      │        └ <function wrap_app_handling_exceptions.<locals>.wrapped_app.<locals>.sender at 0x10e3c2480>
          │    │                │      └ <function BaseHTTPMiddleware.__call__.<locals>.call_next.<locals>.receive_or_disconnect at 0x10e367920>
          │    │                └ {'type': 'http', 'asgi': {'version': '3.0', 'spec_version': '2.3'}, 'http_version': '1.1', 'server': ('127.0.0.1', 8000), 'cl...
          │    └ <bound method APIRouter.app of <fastapi.routing.APIRouter object at 0x10e29f6b0>>
          └ <fastapi.routing.APIRouter object at 0x10e29f6b0>
  File "/Users/sunquanhu/Projects/study/ai/personal-workspace/personal-workspace-app/.venv/lib/python3.12/site-packages/fastapi/routing.py", line 2734, in app
    await route.handle(scope, receive, send)
          │     │      │      │        └ <function wrap_app_handling_exceptions.<locals>.wrapped_app.<locals>.sender at 0x10e3c2480>
          │     │      │      └ <function BaseHTTPMiddleware.__call__.<locals>.call_next.<locals>.receive_or_disconnect at 0x10e367920>
          │     │      └ {'type': 'http', 'asgi': {'version': '3.0', 'spec_version': '2.3'}, 'http_version': '1.1', 'server': ('127.0.0.1', 8000), 'cl...
          │     └ <function _IncludedRouter.handle at 0x1092d7e20>
          └ _IncludedRouter(original_router=<fastapi.routing.APIRouter object at 0x10c8f52b0>, include_context=_RouterIncludeContext(incl...
  File "/Users/sunquanhu/Projects/study/ai/personal-workspace/personal-workspace-app/.venv/lib/python3.12/site-packages/fastapi/routing.py", line 1780, in handle
    await self.original_router.handle(scope, receive, send)
          │    │               │      │      │        └ <function wrap_app_handling_exceptions.<locals>.wrapped_app.<locals>.sender at 0x10e3c2480>
          │    │               │      │      └ <function BaseHTTPMiddleware.__call__.<locals>.call_next.<locals>.receive_or_disconnect at 0x10e367920>
          │    │               │      └ {'type': 'http', 'asgi': {'version': '3.0', 'spec_version': '2.3'}, 'http_version': '1.1', 'server': ('127.0.0.1', 8000), 'cl...
          │    │               └ <function APIRouter.handle at 0x1092e9ee0>
          │    └ <fastapi.routing.APIRouter object at 0x10c8f52b0>
          └ _IncludedRouter(original_router=<fastapi.routing.APIRouter object at 0x10c8f52b0>, include_context=_RouterIncludeContext(incl...
  File "/Users/sunquanhu/Projects/study/ai/personal-workspace/personal-workspace-app/.venv/lib/python3.12/site-packages/fastapi/routing.py", line 2789, in handle
    await included_router._handle_selected(scope, receive, send)
          │               │                │      │        └ <function wrap_app_handling_exceptions.<locals>.wrapped_app.<locals>.sender at 0x10e3c2480>
          │               │                │      └ <function BaseHTTPMiddleware.__call__.<locals>.call_next.<locals>.receive_or_disconnect at 0x10e367920>
          │               │                └ {'type': 'http', 'asgi': {'version': '3.0', 'spec_version': '2.3'}, 'http_version': '1.1', 'server': ('127.0.0.1', 8000), 'cl...
          │               └ <function _IncludedRouter._handle_selected at 0x1092d7ec0>
          └ _IncludedRouter(original_router=<fastapi.routing.APIRouter object at 0x10c8f52b0>, include_context=_RouterIncludeContext(incl...
  File "/Users/sunquanhu/Projects/study/ai/personal-workspace/personal-workspace-app/.venv/lib/python3.12/site-packages/fastapi/routing.py", line 1800, in _handle_selected
    await original_route.handle(scope, receive, send)
          │              │      │      │        └ <function wrap_app_handling_exceptions.<locals>.wrapped_app.<locals>.sender at 0x10e3c2480>
          │              │      │      └ <function BaseHTTPMiddleware.__call__.<locals>.call_next.<locals>.receive_or_disconnect at 0x10e367920>
          │              │      └ {'type': 'http', 'asgi': {'version': '3.0', 'spec_version': '2.3'}, 'http_version': '1.1', 'server': ('127.0.0.1', 8000), 'cl...
          │              └ <function APIRoute.handle at 0x1092d5f80>
          └ APIRoute(path='/kb/search', name='kb_document_endpoint', methods=['POST'])
  File "/Users/sunquanhu/Projects/study/ai/personal-workspace/personal-workspace-app/.venv/lib/python3.12/site-packages/fastapi/routing.py", line 1279, in handle
    await app(scope, receive, send)
          │   │      │        └ <function wrap_app_handling_exceptions.<locals>.wrapped_app.<locals>.sender at 0x10e3c2480>
          │   │      └ <function BaseHTTPMiddleware.__call__.<locals>.call_next.<locals>.receive_or_disconnect at 0x10e367920>
          │   └ {'type': 'http', 'asgi': {'version': '3.0', 'spec_version': '2.3'}, 'http_version': '1.1', 'server': ('127.0.0.1', 8000), 'cl...
          └ <function request_response.<locals>.app at 0x10e3c2700>
  File "/Users/sunquanhu/Projects/study/ai/personal-workspace/personal-workspace-app/.venv/lib/python3.12/site-packages/fastapi/routing.py", line 158, in app
    await wrap_app_handling_exceptions(app, request)(scope, receive, send)
          │                            │    │        │      │        └ <function wrap_app_handling_exceptions.<locals>.wrapped_app.<locals>.sender at 0x10e3c2480>
          │                            │    │        │      └ <function BaseHTTPMiddleware.__call__.<locals>.call_next.<locals>.receive_or_disconnect at 0x10e367920>
          │                            │    │        └ {'type': 'http', 'asgi': {'version': '3.0', 'spec_version': '2.3'}, 'http_version': '1.1', 'server': ('127.0.0.1', 8000), 'cl...
          │                            │    └ <starlette.requests.Request object at 0x10e3a6a20>
          │                            └ <function request_response.<locals>.app.<locals>.app at 0x10e3c25c0>
          └ <function wrap_app_handling_exceptions at 0x109294fe0>
  File "/Users/sunquanhu/Projects/study/ai/personal-workspace/personal-workspace-app/.venv/lib/python3.12/site-packages/starlette/_exception_handler.py", line 53, in wrapped_app
    raise exc
  File "/Users/sunquanhu/Projects/study/ai/personal-workspace/personal-workspace-app/.venv/lib/python3.12/site-packages/starlette/_exception_handler.py", line 42, in wrapped_app
    await app(scope, receive, sender)
          │   │      │        └ <function wrap_app_handling_exceptions.<locals>.wrapped_app.<locals>.sender at 0x10e3c2840>
          │   │      └ <function BaseHTTPMiddleware.__call__.<locals>.call_next.<locals>.receive_or_disconnect at 0x10e367920>
          │   └ {'type': 'http', 'asgi': {'version': '3.0', 'spec_version': '2.3'}, 'http_version': '1.1', 'server': ('127.0.0.1', 8000), 'cl...
          └ <function request_response.<locals>.app.<locals>.app at 0x10e3c25c0>
  File "/Users/sunquanhu/Projects/study/ai/personal-workspace/personal-workspace-app/.venv/lib/python3.12/site-packages/fastapi/routing.py", line 144, in app
    response = await f(request)
                     │ └ <starlette.requests.Request object at 0x10e3a6a20>
                     └ <function get_request_handler.<locals>.app at 0x10e2ab380>
  File "/Users/sunquanhu/Projects/study/ai/personal-workspace/personal-workspace-app/.venv/lib/python3.12/site-packages/fastapi/routing.py", line 706, in app
    raw_response = await run_endpoint_function(
                         └ <function run_endpoint_function at 0x1092d5300>
  File "/Users/sunquanhu/Projects/study/ai/personal-workspace/personal-workspace-app/.venv/lib/python3.12/site-packages/fastapi/routing.py", line 352, in run_endpoint_function
    return await dependant.call(**values)
                 │         │      └ {'db': <sqlalchemy.ext.asyncio.session.AsyncSession object at 0x10e3a7c20>, 'kb_id': '11', 'text': '111'}
                 │         └ <member 'call' of 'Dependant' objects>
                 └ Dependant(path_params=[], query_params=[], header_params=[], cookie_params=[], body_params=[ModelField(field_info=Form(Pydant...

  File "/Users/sunquanhu/Projects/study/ai/personal-workspace/personal-workspace-app/src/personal_workspace_app/api/endpoints/kb_endpoints.py", line 46, in kb_document_endpoint
    await search_context(kb_id=kb_id, db=db, query=text)
          │                    │         │         └ '111'
          │                    │         └ <sqlalchemy.ext.asyncio.session.AsyncSession object at 0x10e3a7c20>
          │                    └ '11'
          └ <function search_context at 0x10c8cf7e0>

  File "/Users/sunquanhu/Projects/study/ai/personal-workspace/personal-workspace-app/src/personal_workspace_app/services/kb/KbService.py", line 61, in search_context
    result = await db.execute(stmt)
                   │  │       └ <sqlalchemy.sql.selectable.Select object at 0x10e1c27e0>
                   │  └ <function AsyncSession.execute at 0x109d7afc0>
                   └ <sqlalchemy.ext.asyncio.session.AsyncSession object at 0x10e3a7c20>

  File "/Users/sunquanhu/Projects/study/ai/personal-workspace/personal-workspace-app/.venv/lib/python3.12/site-packages/sqlalchemy/ext/asyncio/session.py", line 448, in execute
    result = await greenlet_spawn(
                   └ <function greenlet_spawn at 0x1093dc2c0>
  File "/Users/sunquanhu/Projects/study/ai/personal-workspace/personal-workspace-app/.venv/lib/python3.12/site-packages/sqlalchemy/util/_concurrency_py3k.py", line 203, in greenlet_spawn
    result = context.switch(value)
             │       │      └ None
             │       └ <method 'switch' of 'greenlet.greenlet' objects>
             └ <_AsyncIoGreenlet object at 0x10e2c5780 (otid=0x600001dda580) dead>
  File "/Users/sunquanhu/Projects/study/ai/personal-workspace/personal-workspace-app/.venv/lib/python3.12/site-packages/sqlalchemy/orm/session.py", line 2373, in execute
    return self._execute_internal(
           │    └ <function Session._execute_internal at 0x109c84900>
           └ <sqlalchemy.orm.session.Session object at 0x10e3a7d40>
  File "/Users/sunquanhu/Projects/study/ai/personal-workspace/personal-workspace-app/.venv/lib/python3.12/site-packages/sqlalchemy/orm/session.py", line 2271, in _execute_internal
    result: Result[Any] = compile_state_cls.orm_execute_statement(
                   │      │                 └ <classmethod(<function AbstractORMCompileState.orm_execute_statement at 0x109b2cb80>)>
                   │      └ <class 'sqlalchemy.orm.context.ORMSelectCompileState'>
                   └ typing.Any
  File "/Users/sunquanhu/Projects/study/ai/personal-workspace/personal-workspace-app/.venv/lib/python3.12/site-packages/sqlalchemy/orm/context.py", line 306, in orm_execute_statement
    result = conn.execute(
             │    └ <function Connection.execute at 0x1098d68e0>
             └ <sqlalchemy.engine.base.Connection object at 0x10e3a7bf0>
  File "/Users/sunquanhu/Projects/study/ai/personal-workspace/personal-workspace-app/.venv/lib/python3.12/site-packages/sqlalchemy/engine/base.py", line 1421, in execute
    return meth(
           └ <bound method ClauseElement._execute_on_connection of <sqlalchemy.sql.selectable.Select object at 0x10e1c27e0>>
  File "/Users/sunquanhu/Projects/study/ai/personal-workspace/personal-workspace-app/.venv/lib/python3.12/site-packages/sqlalchemy/sql/elements.py", line 526, in _execute_on_connection
    return connection._execute_clauseelement(
           │          └ <function Connection._execute_clauseelement at 0x1098d6c00>
           └ <sqlalchemy.engine.base.Connection object at 0x10e3a7bf0>
  File "/Users/sunquanhu/Projects/study/ai/personal-workspace/personal-workspace-app/.venv/lib/python3.12/site-packages/sqlalchemy/engine/base.py", line 1643, in _execute_clauseelement
    ret = self._execute_context(
          │    └ <function Connection._execute_context at 0x1098d6de0>
          └ <sqlalchemy.engine.base.Connection object at 0x10e3a7bf0>
  File "/Users/sunquanhu/Projects/study/ai/personal-workspace/personal-workspace-app/.venv/lib/python3.12/site-packages/sqlalchemy/engine/base.py", line 1823, in _execute_context
    self._handle_dbapi_exception(
    │    └ <function Connection._handle_dbapi_exception at 0x1098d7100>
    └ <sqlalchemy.engine.base.Connection object at 0x10e3a7bf0>
  File "/Users/sunquanhu/Projects/study/ai/personal-workspace/personal-workspace-app/.venv/lib/python3.12/site-packages/sqlalchemy/engine/base.py", line 2365, in _handle_dbapi_exception
    raise sqlalchemy_exception.with_traceback(exc_info[2]) from e
          │                    │              │                 └ ValueError('expected ndim to be 1')
          │                    │              └ (<class 'ValueError'>, ValueError('expected ndim to be 1'), <traceback object at 0x10e435680>)
          │                    └ <method 'with_traceback' of 'BaseException' objects>
          └ StatementError('(builtins.ValueError) expected ndim to be 1')
  File "/Users/sunquanhu/Projects/study/ai/personal-workspace/personal-workspace-app/.venv/lib/python3.12/site-packages/sqlalchemy/engine/base.py", line 1817, in _execute_context
    context = constructor(
              └ <bound method DefaultExecutionContext._init_compiled of <class 'sqlalchemy.dialects.postgresql.asyncpg.PGExecutionContext_asy...
  File "/Users/sunquanhu/Projects/study/ai/personal-workspace/personal-workspace-app/.venv/lib/python3.12/site-packages/sqlalchemy/engine/default.py", line 1496, in _init_compiled
    flattened_processors[key](compiled_params[key])
    │                         └ {'kb_id_1': '11', 'embedding_1': [[0.03192102909088135, 0.02521596848964691, -0.009036065079271793, -0.013129032216966152, -0...
    └ {'embedding_1': <function VECTOR.bind_processor.<locals>.process at 0x10e423240>}
  File "/Users/sunquanhu/Projects/study/ai/personal-workspace/personal-workspace-app/.venv/lib/python3.12/site-packages/pgvector/sqlalchemy/vector.py", line 21, in process
    return Vector._to_db(value, self.dim)
           │      │      │      │    └ 1024
           │      │      │      └ VECTOR(dim=1024)
           │      │      └ [[0.03192102909088135, 0.02521596848964691, -0.009036065079271793, -0.013129032216966152, -0.018332652747631073, -0.056382849...
           │      └ <classmethod(<function Vector._to_db at 0x10d05ec00>)>
           └ <class 'pgvector.utils.vector.Vector'>
  File "/Users/sunquanhu/Projects/study/ai/personal-workspace/personal-workspace-app/.venv/lib/python3.12/site-packages/pgvector/utils/vector.py", line 49, in _to_db
    value = cls(value)
            │   └ [[0.03192102909088135, 0.02521596848964691, -0.009036065079271793, -0.013129032216966152, -0.018332652747631073, -0.056382849...
            └ <class 'pgvector.utils.vector.Vector'>
  File "/Users/sunquanhu/Projects/study/ai/personal-workspace/personal-workspace-app/.venv/lib/python3.12/site-packages/pgvector/utils/vector.py", line 12, in __init__
    raise ValueError('expected ndim to be 1')

sqlalchemy.exc.StatementError: (builtins.ValueError) expected ndim to be 1
[SQL: SELECT kb_doc_test.text_content 
FROM kb_doc_test 
WHERE kb_doc_test.kb_id = $1::VARCHAR ORDER BY kb_doc_test.embedding <=> $2 
 LIMIT $3::INTEGER]
[parameters: [{}]]
2026-09-10 11:04:21.012 | ERROR    | [9b323e64108843479eecaf63066229e7] | personal_workspace_app.core.trace_middleware:dispatch:35 - <== HTTP Failed: POST /api/v1/kb/search | Error: (builtins.ValueError) expected ndim to be 1
[SQL: SELECT kb_doc_test.text_content 
FROM kb_doc_test 
WHERE kb_doc_test.kb_id = $1::VARCHAR ORDER BY kb_doc_test.embedding <=> $2 
 LIMIT $3::INTEGER]
[parameters: [{}]] | Cost: 301.13ms
2026-09-10 11:04:21.013 | ERROR    | [9b323e64108843479eecaf63066229e7] | logging:callHandlers:1762 - 【系统未知异常】Path: /api/v1/kb/search | Error: (builtins.ValueError) expected ndim to be 1
[SQL: SELECT kb_doc_test.text_content 
FROM kb_doc_test 
WHERE kb_doc_test.kb_id = $1::VARCHAR ORDER BY kb_doc_test.embedding <=> $2 
 LIMIT $3::INTEGER]
[parameters: [{}]]
Traceback (most recent call last):

  File "/Users/sunquanhu/Projects/study/ai/personal-workspace/personal-workspace-app/.venv/lib/python3.12/site-packages/sqlalchemy/engine/base.py", line 1817, in _execute_context
    context = constructor(
              └ <bound method DefaultExecutionContext._init_compiled of <class 'sqlalchemy.dialects.postgresql.asyncpg.PGExecutionContext_asy...
  File "/Users/sunquanhu/Projects/study/ai/personal-workspace/personal-workspace-app/.venv/lib/python3.12/site-packages/sqlalchemy/engine/default.py", line 1496, in _init_compiled
    flattened_processors[key](compiled_params[key])
    │                         └ {'kb_id_1': '11', 'embedding_1': [[0.03192102909088135, 0.02521596848964691, -0.009036065079271793, -0.013129032216966152, -0...
    └ {'embedding_1': <function VECTOR.bind_processor.<locals>.process at 0x112267240>}
  File "/Users/sunquanhu/Projects/study/ai/personal-workspace/personal-workspace-app/.venv/lib/python3.12/site-packages/pgvector/sqlalchemy/vector.py", line 21, in process
    return Vector._to_db(value, self.dim)
           │      │      │      │    └ 1024
           │      │      │      └ VECTOR(dim=1024)
           │      │      └ [[0.03192102909088135, 0.02521596848964691, -0.009036065079271793, -0.013129032216966152, -0.018332652747631073, -0.056382849...
           │      └ <classmethod(<function Vector._to_db at 0x110ec2c00>)>
           └ <class 'pgvector.utils.vector.Vector'>
  File "/Users/sunquanhu/Projects/study/ai/personal-workspace/personal-workspace-app/.venv/lib/python3.12/site-packages/pgvector/utils/vector.py", line 49, in _to_db
    value = cls(value)
            │   └ [[0.03192102909088135, 0.02521596848964691, -0.009036065079271793, -0.013129032216966152, -0.018332652747631073, -0.056382849...
            └ <class 'pgvector.utils.vector.Vector'>
  File "/Users/sunquanhu/Projects/study/ai/personal-workspace/personal-workspace-app/.venv/lib/python3.12/site-packages/pgvector/utils/vector.py", line 12, in __init__
    raise ValueError('expected ndim to be 1')

ValueError: expected ndim to be 1


The above exception was the direct cause of the following exception:


Traceback (most recent call last):

  File "/Users/sunquanhu/.pyenv/versions/3.12.2/lib/python3.12/runpy.py", line 198, in _run_module_as_main
    return _run_code(code, main_globals, None,
           │         │     └ {'__name__': '__main__', '__doc__': None, '__package__': '', '__loader__': <_frozen_importlib_external.SourceFileLoader objec...
           │         └ <code object <module> at 0x10a3c1c50, file "/private/var/folders/7v/223c2ym14gb3wzg9l33myc380000gn/T/debugpy66867471221208830...
           └ <function _run_code at 0x10a3e6020>
  File "/Users/sunquanhu/.pyenv/versions/3.12.2/lib/python3.12/runpy.py", line 88, in _run_code
    exec(code, run_globals)
         │     └ {'__name__': '__main__', '__doc__': None, '__package__': '', '__loader__': <_frozen_importlib_external.SourceFileLoader objec...
         └ <code object <module> at 0x10a3c1c50, file "/private/var/folders/7v/223c2ym14gb3wzg9l33myc380000gn/T/debugpy66867471221208830...

  File "/private/var/folders/7v/223c2ym14gb3wzg9l33myc380000gn/T/debugpy668674712212088303/debugpy/adapter/../../debugpy/launcher/../../debugpy/__main__.py", line 71, in <module>
    cli.main()
    │   └ <function main at 0x10bf9bce0>
    └ <module 'debugpy.server.cli' from '/private/var/folders/7v/223c2ym14gb3wzg9l33myc380000gn/T/debugpy668674712212088303/debugpy...

  File "/private/var/folders/7v/223c2ym14gb3wzg9l33myc380000gn/T/debugpy668674712212088303/debugpy/adapter/../../debugpy/launcher/../../debugpy/../debugpy/server/cli.py", line 542, in main
    run()
    └ <function run_file at 0x10bf9ba60>

  File "/private/var/folders/7v/223c2ym14gb3wzg9l33myc380000gn/T/debugpy668674712212088303/debugpy/adapter/../../debugpy/launcher/../../debugpy/../debugpy/server/cli.py", line 361, in run_file
    runpy.run_path(target, run_name="__main__")
    │     │        └ '/Users/sunquanhu/Projects/study/ai/personal-workspace/personal-workspace-app/src/personal_workspace_app/__main__.py'
    │     └ <function run_path at 0x10b5a4040>
    └ <module '_pydevd_bundle.pydevd_runpy' from '/private/var/folders/7v/223c2ym14gb3wzg9l33myc380000gn/T/debugpy66867471221208830...

  File "/private/var/folders/7v/223c2ym14gb3wzg9l33myc380000gn/T/debugpy668674712212088303/debugpy/_vendored/pydevd/_pydevd_bundle/pydevd_runpy.py", line 310, in run_path
    return _run_module_code(code, init_globals, run_name, pkg_name=pkg_name, script_name=fname)
           │                │     │             │                  │                     └ '/Users/sunquanhu/Projects/study/ai/personal-workspace/personal-workspace-app/src/personal_workspace_app/__main__.py'
           │                │     │             │                  └ ''
           │                │     │             └ '__main__'
           │                │     └ None
           │                └ <code object <module> at 0x10bffe5b0, file "/Users/sunquanhu/Projects/study/ai/personal-workspace/personal-workspace-app/src/...
           └ <function _run_module_code at 0x10b56fc40>

  File "/private/var/folders/7v/223c2ym14gb3wzg9l33myc380000gn/T/debugpy668674712212088303/debugpy/_vendored/pydevd/_pydevd_bundle/pydevd_runpy.py", line 127, in _run_module_code
    _run_code(code, mod_globals, init_globals, mod_name, mod_spec, pkg_name, script_name)
    │         │     │            │             │         │         │         └ '/Users/sunquanhu/Projects/study/ai/personal-workspace/personal-workspace-app/src/personal_workspace_app/__main__.py'
    │         │     │            │             │         │         └ ''
    │         │     │            │             │         └ None
    │         │     │            │             └ '__main__'
    │         │     │            └ None
    │         │     └ {'__name__': '__main__', '__doc__': None, '__package__': '', '__loader__': None, '__spec__': None, '__file__': '/Users/sunqua...
    │         └ <code object <module> at 0x10bffe5b0, file "/Users/sunquanhu/Projects/study/ai/personal-workspace/personal-workspace-app/src/...
    └ <function _run_code at 0x10b56f7e0>

  File "/private/var/folders/7v/223c2ym14gb3wzg9l33myc380000gn/T/debugpy668674712212088303/debugpy/_vendored/pydevd/_pydevd_bundle/pydevd_runpy.py", line 118, in _run_code
    exec(code, run_globals)
         │     └ {'__name__': '__main__', '__doc__': None, '__package__': '', '__loader__': None, '__spec__': None, '__file__': '/Users/sunqua...
         └ <code object <module> at 0x10bffe5b0, file "/Users/sunquanhu/Projects/study/ai/personal-workspace/personal-workspace-app/src/...

  File "/Users/sunquanhu/Projects/study/ai/personal-workspace/personal-workspace-app/src/personal_workspace_app/__main__.py", line 37, in <module>
    uvicorn.run(app, host="0.0.0.0", port=8000, reload=False, loop="asyncio")
    │       │   └ <fastapi.applications.FastAPI object at 0x1120e7320>
    │       └ <function run at 0x10c2f00e0>
    └ <module 'uvicorn' from '/Users/sunquanhu/Projects/study/ai/personal-workspace/personal-workspace-app/.venv/lib/python3.12/sit...

  File "/Users/sunquanhu/Projects/study/ai/personal-workspace/personal-workspace-app/.venv/lib/python3.12/site-packages/uvicorn/main.py", line 621, in run
    server.run()
    │      └ <function Server.run at 0x10c2f14e0>
    └ <uvicorn.server.Server object at 0x10c222480>
  File "/Users/sunquanhu/Projects/study/ai/personal-workspace/personal-workspace-app/.venv/lib/python3.12/site-packages/uvicorn/server.py", line 77, in run
    return asyncio_run(self.serve(sockets=sockets), loop_factory=self.config.get_loop_factory())
           │           │    │             │                      │    │      └ <function Config.get_loop_factory at 0x10c231620>
           │           │    │             │                      │    └ <uvicorn.config.Config object at 0x110ec6d50>
           │           │    │             │                      └ <uvicorn.server.Server object at 0x10c222480>
           │           │    │             └ None
           │           │    └ <function Server.serve at 0x10c2f1580>
           │           └ <uvicorn.server.Server object at 0x10c222480>
           └ <function run at 0x10c0fa980>
  File "/Users/sunquanhu/.pyenv/versions/3.12.2/lib/python3.12/asyncio/runners.py", line 194, in run
    return runner.run(main)
           │      │   └ <coroutine object Server.serve at 0x1120d26c0>
           │      └ <function Runner.run at 0x10c15ede0>
           └ <asyncio.runners.Runner object at 0x1120e5ee0>
  File "/Users/sunquanhu/.pyenv/versions/3.12.2/lib/python3.12/asyncio/runners.py", line 118, in run
    return self._loop.run_until_complete(task)
           │    │     │                  └ <Task pending name='Task-1' coro=<Server.serve() running at /Users/sunquanhu/Projects/study/ai/personal-workspace/personal-wo...
           │    │     └ <function BaseEventLoop.run_until_complete at 0x10c15ca40>
           │    └ <_UnixSelectorEventLoop running=True closed=False debug=False>
           └ <asyncio.runners.Runner object at 0x1120e5ee0>
  File "/Users/sunquanhu/.pyenv/versions/3.12.2/lib/python3.12/asyncio/base_events.py", line 672, in run_until_complete
    self.run_forever()
    │    └ <function BaseEventLoop.run_forever at 0x10c15c9a0>
    └ <_UnixSelectorEventLoop running=True closed=False debug=False>
  File "/Users/sunquanhu/.pyenv/versions/3.12.2/lib/python3.12/asyncio/base_events.py", line 639, in run_forever
    self._run_once()
    │    └ <function BaseEventLoop._run_once at 0x10c15e7a0>
    └ <_UnixSelectorEventLoop running=True closed=False debug=False>
  File "/Users/sunquanhu/.pyenv/versions/3.12.2/lib/python3.12/asyncio/base_events.py", line 1985, in _run_once
    handle._run()
    │      └ <function Handle._run at 0x10c0e2b60>
    └ <Handle Task.task_wakeup(<Future finished result=None>)>
  File "/Users/sunquanhu/.pyenv/versions/3.12.2/lib/python3.12/asyncio/events.py", line 88, in _run
    self._context.run(self._callback, *self._args)
    │    │            │    │           │    └ <member '_args' of 'Handle' objects>
    │    │            │    │           └ <Handle Task.task_wakeup(<Future finished result=None>)>
    │    │            │    └ <member '_callback' of 'Handle' objects>
    │    │            └ <Handle Task.task_wakeup(<Future finished result=None>)>
    │    └ <member '_context' of 'Handle' objects>
    └ <Handle Task.task_wakeup(<Future finished result=None>)>
  File "/Users/sunquanhu/Projects/study/ai/personal-workspace/personal-workspace-app/.venv/lib/python3.12/site-packages/uvicorn/protocols/http/httptools_impl.py", line 422, in run_asgi
    result = await app(  # type: ignore[func-returns-value]
                   └ <uvicorn.middleware.proxy_headers.ProxyHeadersMiddleware object at 0x1120e5f70>
  File "/Users/sunquanhu/Projects/study/ai/personal-workspace/personal-workspace-app/.venv/lib/python3.12/site-packages/uvicorn/middleware/proxy_headers.py", line 63, in __call__
    return await self.app(scope, receive, send)
                 │    │   │      │        └ <bound method RequestResponseCycle.send of <uvicorn.protocols.http.httptools_impl.RequestResponseCycle object at 0x11219c9b0>>
                 │    │   │      └ <bound method RequestResponseCycle.receive of <uvicorn.protocols.http.httptools_impl.RequestResponseCycle object at 0x11219c9...
                 │    │   └ {'type': 'http', 'asgi': {'version': '3.0', 'spec_version': '2.3'}, 'http_version': '1.1', 'server': ('127.0.0.1', 8000), 'cl...
                 │    └ <fastapi.applications.FastAPI object at 0x1120e7320>
                 └ <uvicorn.middleware.proxy_headers.ProxyHeadersMiddleware object at 0x1120e5f70>
  File "/Users/sunquanhu/Projects/study/ai/personal-workspace/personal-workspace-app/.venv/lib/python3.12/site-packages/fastapi/applications.py", line 1163, in __call__
    await super().__call__(scope, receive, send)
                           │      │        └ <bound method RequestResponseCycle.send of <uvicorn.protocols.http.httptools_impl.RequestResponseCycle object at 0x11219c9b0>>
                           │      └ <bound method RequestResponseCycle.receive of <uvicorn.protocols.http.httptools_impl.RequestResponseCycle object at 0x11219c9...
                           └ {'type': 'http', 'asgi': {'version': '3.0', 'spec_version': '2.3'}, 'http_version': '1.1', 'server': ('127.0.0.1', 8000), 'cl...
  File "/Users/sunquanhu/Projects/study/ai/personal-workspace/personal-workspace-app/.venv/lib/python3.12/site-packages/starlette/applications.py", line 96, in __call__
    await self.middleware_stack(scope, receive, send)
          │    │                │      │        └ <bound method RequestResponseCycle.send of <uvicorn.protocols.http.httptools_impl.RequestResponseCycle object at 0x11219c9b0>>
          │    │                │      └ <bound method RequestResponseCycle.receive of <uvicorn.protocols.http.httptools_impl.RequestResponseCycle object at 0x11219c9...
          │    │                └ {'type': 'http', 'asgi': {'version': '3.0', 'spec_version': '2.3'}, 'http_version': '1.1', 'server': ('127.0.0.1', 8000), 'cl...
          │    └ <starlette.middleware.errors.ServerErrorMiddleware object at 0x11219c320>
          └ <fastapi.applications.FastAPI object at 0x1120e7320>
> File "/Users/sunquanhu/Projects/study/ai/personal-workspace/personal-workspace-app/.venv/lib/python3.12/site-packages/starlette/middleware/errors.py", line 164, in __call__
    await self.app(scope, receive, _send)
          │    │   │      │        └ <function ServerErrorMiddleware.__call__.<locals>._send at 0x1121a42c0>
          │    │   │      └ <bound method RequestResponseCycle.receive of <uvicorn.protocols.http.httptools_impl.RequestResponseCycle object at 0x11219c9...
          │    │   └ {'type': 'http', 'asgi': {'version': '3.0', 'spec_version': '2.3'}, 'http_version': '1.1', 'server': ('127.0.0.1', 8000), 'cl...
          │    └ <personal_workspace_app.core.trace_middleware.TraceAndLogMiddleware object at 0x11219c2c0>
          └ <starlette.middleware.errors.ServerErrorMiddleware object at 0x11219c320>
  File "/Users/sunquanhu/Projects/study/ai/personal-workspace/personal-workspace-app/.venv/lib/python3.12/site-packages/starlette/middleware/base.py", line 193, in __call__
    response = await self.dispatch_func(request, call_next)
                     │    │             │        └ <function BaseHTTPMiddleware.__call__.<locals>.call_next at 0x11218ccc0>
                     │    │             └ <starlette.middleware.base._CachedRequest object at 0x11219cbc0>
                     │    └ <bound method TraceAndLogMiddleware.dispatch of <personal_workspace_app.core.trace_middleware.TraceAndLogMiddleware object at...
                     └ <personal_workspace_app.core.trace_middleware.TraceAndLogMiddleware object at 0x11219c2c0>

  File "/Users/sunquanhu/Projects/study/ai/personal-workspace/personal-workspace-app/src/personal_workspace_app/core/trace_middleware.py", line 37, in dispatch
    raise exc

  File "/Users/sunquanhu/Projects/study/ai/personal-workspace/personal-workspace-app/src/personal_workspace_app/core/trace_middleware.py", line 22, in dispatch
    response = await call_next(request)
                     │         └ <starlette.middleware.base._CachedRequest object at 0x11219cbc0>
                     └ <function BaseHTTPMiddleware.__call__.<locals>.call_next at 0x11218ccc0>

  File "/Users/sunquanhu/Projects/study/ai/personal-workspace/personal-workspace-app/.venv/lib/python3.12/site-packages/starlette/middleware/base.py", line 168, in call_next
    raise app_exc from app_exc.__cause__ or app_exc.__context__
          │            │       │            │       └ <attribute '__context__' of 'BaseException' objects>
          │            │       │            └ StatementError('(builtins.ValueError) expected ndim to be 1')
          │            │       └ <attribute '__cause__' of 'BaseException' objects>
          │            └ StatementError('(builtins.ValueError) expected ndim to be 1')
          └ StatementError('(builtins.ValueError) expected ndim to be 1')
  File "/Users/sunquanhu/Projects/study/ai/personal-workspace/personal-workspace-app/.venv/lib/python3.12/site-packages/starlette/middleware/base.py", line 144, in coro
    await self.app(scope, receive_or_disconnect, send_no_error)
          │    │   │      │                      └ <function BaseHTTPMiddleware.__call__.<locals>.call_next.<locals>.send_no_error at 0x1120f3240>
          │    │   │      └ <function BaseHTTPMiddleware.__call__.<locals>.call_next.<locals>.receive_or_disconnect at 0x1120f2f20>
          │    │   └ {'type': 'http', 'asgi': {'version': '3.0', 'spec_version': '2.3'}, 'http_version': '1.1', 'server': ('127.0.0.1', 8000), 'cl...
          │    └ <starlette.middleware.exceptions.ExceptionMiddleware object at 0x111a93c80>
          └ <personal_workspace_app.core.trace_middleware.TraceAndLogMiddleware object at 0x11219c2c0>
  File "/Users/sunquanhu/Projects/study/ai/personal-workspace/personal-workspace-app/.venv/lib/python3.12/site-packages/starlette/middleware/exceptions.py", line 63, in __call__
    await wrap_app_handling_exceptions(self.app, conn)(scope, receive, send)
          │                            │    │    │     │      │        └ <function BaseHTTPMiddleware.__call__.<locals>.call_next.<locals>.send_no_error at 0x1120f3240>
          │                            │    │    │     │      └ <function BaseHTTPMiddleware.__call__.<locals>.call_next.<locals>.receive_or_disconnect at 0x1120f2f20>
          │                            │    │    │     └ {'type': 'http', 'asgi': {'version': '3.0', 'spec_version': '2.3'}, 'http_version': '1.1', 'server': ('127.0.0.1', 8000), 'cl...
          │                            │    │    └ <starlette.requests.Request object at 0x11219c9e0>
          │                            │    └ <fastapi.middleware.asyncexitstack.AsyncExitStackMiddleware object at 0x11219c2f0>
          │                            └ <starlette.middleware.exceptions.ExceptionMiddleware object at 0x111a93c80>
          └ <function wrap_app_handling_exceptions at 0x10cfb8fe0>
  File "/Users/sunquanhu/Projects/study/ai/personal-workspace/personal-workspace-app/.venv/lib/python3.12/site-packages/starlette/_exception_handler.py", line 53, in wrapped_app
    raise exc
  File "/Users/sunquanhu/Projects/study/ai/personal-workspace/personal-workspace-app/.venv/lib/python3.12/site-packages/starlette/_exception_handler.py", line 42, in wrapped_app
    await app(scope, receive, sender)
          │   │      │        └ <function wrap_app_handling_exceptions.<locals>.wrapped_app.<locals>.sender at 0x1122063e0>
          │   │      └ <function BaseHTTPMiddleware.__call__.<locals>.call_next.<locals>.receive_or_disconnect at 0x1120f2f20>
          │   └ {'type': 'http', 'asgi': {'version': '3.0', 'spec_version': '2.3'}, 'http_version': '1.1', 'server': ('127.0.0.1', 8000), 'cl...
          └ <fastapi.middleware.asyncexitstack.AsyncExitStackMiddleware object at 0x11219c2f0>
  File "/Users/sunquanhu/Projects/study/ai/personal-workspace/personal-workspace-app/.venv/lib/python3.12/site-packages/fastapi/middleware/asyncexitstack.py", line 18, in __call__
    await self.app(scope, receive, send)
          │    │   │      │        └ <function wrap_app_handling_exceptions.<locals>.wrapped_app.<locals>.sender at 0x1122063e0>
          │    │   │      └ <function BaseHTTPMiddleware.__call__.<locals>.call_next.<locals>.receive_or_disconnect at 0x1120f2f20>
          │    │   └ {'type': 'http', 'asgi': {'version': '3.0', 'spec_version': '2.3'}, 'http_version': '1.1', 'server': ('127.0.0.1', 8000), 'cl...
          │    └ <fastapi.routing.APIRouter object at 0x1120e7470>
          └ <fastapi.middleware.asyncexitstack.AsyncExitStackMiddleware object at 0x11219c2f0>
  File "/Users/sunquanhu/Projects/study/ai/personal-workspace/personal-workspace-app/.venv/lib/python3.12/site-packages/starlette/routing.py", line 670, in __call__
    await self.middleware_stack(scope, receive, send)
          │    │                │      │        └ <function wrap_app_handling_exceptions.<locals>.wrapped_app.<locals>.sender at 0x1122063e0>
          │    │                │      └ <function BaseHTTPMiddleware.__call__.<locals>.call_next.<locals>.receive_or_disconnect at 0x1120f2f20>
          │    │                └ {'type': 'http', 'asgi': {'version': '3.0', 'spec_version': '2.3'}, 'http_version': '1.1', 'server': ('127.0.0.1', 8000), 'cl...
          │    └ <bound method APIRouter.app of <fastapi.routing.APIRouter object at 0x1120e7470>>
          └ <fastapi.routing.APIRouter object at 0x1120e7470>
  File "/Users/sunquanhu/Projects/study/ai/personal-workspace/personal-workspace-app/.venv/lib/python3.12/site-packages/fastapi/routing.py", line 2734, in app
    await route.handle(scope, receive, send)
          │     │      │      │        └ <function wrap_app_handling_exceptions.<locals>.wrapped_app.<locals>.sender at 0x1122063e0>
          │     │      │      └ <function BaseHTTPMiddleware.__call__.<locals>.call_next.<locals>.receive_or_disconnect at 0x1120f2f20>
          │     │      └ {'type': 'http', 'asgi': {'version': '3.0', 'spec_version': '2.3'}, 'http_version': '1.1', 'server': ('127.0.0.1', 8000), 'cl...
          │     └ <function _IncludedRouter.handle at 0x10cffbe20>
          └ _IncludedRouter(original_router=<fastapi.routing.APIRouter object at 0x110759310>, include_context=_RouterIncludeContext(incl...
  File "/Users/sunquanhu/Projects/study/ai/personal-workspace/personal-workspace-app/.venv/lib/python3.12/site-packages/fastapi/routing.py", line 1780, in handle
    await self.original_router.handle(scope, receive, send)
          │    │               │      │      │        └ <function wrap_app_handling_exceptions.<locals>.wrapped_app.<locals>.sender at 0x1122063e0>
          │    │               │      │      └ <function BaseHTTPMiddleware.__call__.<locals>.call_next.<locals>.receive_or_disconnect at 0x1120f2f20>
          │    │               │      └ {'type': 'http', 'asgi': {'version': '3.0', 'spec_version': '2.3'}, 'http_version': '1.1', 'server': ('127.0.0.1', 8000), 'cl...
          │    │               └ <function APIRouter.handle at 0x10d00dee0>
          │    └ <fastapi.routing.APIRouter object at 0x110759310>
          └ _IncludedRouter(original_router=<fastapi.routing.APIRouter object at 0x110759310>, include_context=_RouterIncludeContext(incl...
  File "/Users/sunquanhu/Projects/study/ai/personal-workspace/personal-workspace-app/.venv/lib/python3.12/site-packages/fastapi/routing.py", line 2789, in handle
    await included_router._handle_selected(scope, receive, send)
          │               │                │      │        └ <function wrap_app_handling_exceptions.<locals>.wrapped_app.<locals>.sender at 0x1122063e0>
          │               │                │      └ <function BaseHTTPMiddleware.__call__.<locals>.call_next.<locals>.receive_or_disconnect at 0x1120f2f20>
          │               │                └ {'type': 'http', 'asgi': {'version': '3.0', 'spec_version': '2.3'}, 'http_version': '1.1', 'server': ('127.0.0.1', 8000), 'cl...
          │               └ <function _IncludedRouter._handle_selected at 0x10cffbec0>
          └ _IncludedRouter(original_router=<fastapi.routing.APIRouter object at 0x110759310>, include_context=_RouterIncludeContext(incl...
  File "/Users/sunquanhu/Projects/study/ai/personal-workspace/personal-workspace-app/.venv/lib/python3.12/site-packages/fastapi/routing.py", line 1800, in _handle_selected
    await original_route.handle(scope, receive, send)
          │              │      │      │        └ <function wrap_app_handling_exceptions.<locals>.wrapped_app.<locals>.sender at 0x1122063e0>
          │              │      │      └ <function BaseHTTPMiddleware.__call__.<locals>.call_next.<locals>.receive_or_disconnect at 0x1120f2f20>
          │              │      └ {'type': 'http', 'asgi': {'version': '3.0', 'spec_version': '2.3'}, 'http_version': '1.1', 'server': ('127.0.0.1', 8000), 'cl...
          │              └ <function APIRoute.handle at 0x10cff9f80>
          └ APIRoute(path='/kb/search', name='kb_document_endpoint', methods=['POST'])
  File "/Users/sunquanhu/Projects/study/ai/personal-workspace/personal-workspace-app/.venv/lib/python3.12/site-packages/fastapi/routing.py", line 1279, in handle
    await app(scope, receive, send)
          │   │      │        └ <function wrap_app_handling_exceptions.<locals>.wrapped_app.<locals>.sender at 0x1122063e0>
          │   │      └ <function BaseHTTPMiddleware.__call__.<locals>.call_next.<locals>.receive_or_disconnect at 0x1120f2f20>
          │   └ {'type': 'http', 'asgi': {'version': '3.0', 'spec_version': '2.3'}, 'http_version': '1.1', 'server': ('127.0.0.1', 8000), 'cl...
          └ <function request_response.<locals>.app at 0x112206700>
  File "/Users/sunquanhu/Projects/study/ai/personal-workspace/personal-workspace-app/.venv/lib/python3.12/site-packages/fastapi/routing.py", line 158, in app
    await wrap_app_handling_exceptions(app, request)(scope, receive, send)
          │                            │    │        │      │        └ <function wrap_app_handling_exceptions.<locals>.wrapped_app.<locals>.sender at 0x1122063e0>
          │                            │    │        │      └ <function BaseHTTPMiddleware.__call__.<locals>.call_next.<locals>.receive_or_disconnect at 0x1120f2f20>
          │                            │    │        └ {'type': 'http', 'asgi': {'version': '3.0', 'spec_version': '2.3'}, 'http_version': '1.1', 'server': ('127.0.0.1', 8000), 'cl...
          │                            │    └ <starlette.requests.Request object at 0x1121eb260>
          │                            └ <function request_response.<locals>.app.<locals>.app at 0x112206660>
          └ <function wrap_app_handling_exceptions at 0x10cfb8fe0>
  File "/Users/sunquanhu/Projects/study/ai/personal-workspace/personal-workspace-app/.venv/lib/python3.12/site-packages/starlette/_exception_handler.py", line 53, in wrapped_app
    raise exc
  File "/Users/sunquanhu/Projects/study/ai/personal-workspace/personal-workspace-app/.venv/lib/python3.12/site-packages/starlette/_exception_handler.py", line 42, in wrapped_app
    await app(scope, receive, sender)
          │   │      │        └ <function wrap_app_handling_exceptions.<locals>.wrapped_app.<locals>.sender at 0x112206840>
          │   │      └ <function BaseHTTPMiddleware.__call__.<locals>.call_next.<locals>.receive_or_disconnect at 0x1120f2f20>
          │   └ {'type': 'http', 'asgi': {'version': '3.0', 'spec_version': '2.3'}, 'http_version': '1.1', 'server': ('127.0.0.1', 8000), 'cl...
          └ <function request_response.<locals>.app.<locals>.app at 0x112206660>
  File "/Users/sunquanhu/Projects/study/ai/personal-workspace/personal-workspace-app/.venv/lib/python3.12/site-packages/fastapi/routing.py", line 144, in app
    response = await f(request)
                     │ └ <starlette.requests.Request object at 0x1121eb260>
                     └ <function get_request_handler.<locals>.app at 0x112206520>
  File "/Users/sunquanhu/Projects/study/ai/personal-workspace/personal-workspace-app/.venv/lib/python3.12/site-packages/fastapi/routing.py", line 706, in app
    raw_response = await run_endpoint_function(
                         └ <function run_endpoint_function at 0x10cff9300>
  File "/Users/sunquanhu/Projects/study/ai/personal-workspace/personal-workspace-app/.venv/lib/python3.12/site-packages/fastapi/routing.py", line 352, in run_endpoint_function
    return await dependant.call(**values)
                 │         │      └ {'db': <sqlalchemy.ext.asyncio.session.AsyncSession object at 0x1121ebbf0>, 'kb_id': '11', 'text': '111'}
                 │         └ <member 'call' of 'Dependant' objects>
                 └ Dependant(path_params=[], query_params=[], header_params=[], cookie_params=[], body_params=[ModelField(field_info=Form(Pydant...

  File "/Users/sunquanhu/Projects/study/ai/personal-workspace/personal-workspace-app/src/personal_workspace_app/api/endpoints/kb_endpoints.py", line 46, in kb_document_endpoint
    await search_context(kb_id=kb_id, db=db, query=text)
          │                    │         │         └ '111'
          │                    │         └ <sqlalchemy.ext.asyncio.session.AsyncSession object at 0x1121ebbf0>
          │                    └ '11'
          └ <function search_context at 0x1107337e0>

  File "/Users/sunquanhu/Projects/study/ai/personal-workspace/personal-workspace-app/src/personal_workspace_app/services/kb/KbService.py", line 63, in search_context
    result = await db.execute(stmt)
                   │  │       └ <sqlalchemy.sql.selectable.Select object at 0x11210c4d0>
                   │  └ <function AsyncSession.execute at 0x10dc5efc0>
                   └ <sqlalchemy.ext.asyncio.session.AsyncSession object at 0x1121ebbf0>

  File "/Users/sunquanhu/Projects/study/ai/personal-workspace/personal-workspace-app/.venv/lib/python3.12/site-packages/sqlalchemy/ext/asyncio/session.py", line 448, in execute
    result = await greenlet_spawn(
                   └ <function greenlet_spawn at 0x10d1002c0>
  File "/Users/sunquanhu/Projects/study/ai/personal-workspace/personal-workspace-app/.venv/lib/python3.12/site-packages/sqlalchemy/util/_concurrency_py3k.py", line 203, in greenlet_spawn
    result = context.switch(value)
             │       │      └ None
             │       └ <method 'switch' of 'greenlet.greenlet' objects>
             └ <_AsyncIoGreenlet object at 0x112108d80 (otid=0x6000002c5350) dead>
  File "/Users/sunquanhu/Projects/study/ai/personal-workspace/personal-workspace-app/.venv/lib/python3.12/site-packages/sqlalchemy/orm/session.py", line 2373, in execute
    return self._execute_internal(
           │    └ <function Session._execute_internal at 0x10db6c900>
           └ <sqlalchemy.orm.session.Session object at 0x1121ebc20>
  File "/Users/sunquanhu/Projects/study/ai/personal-workspace/personal-workspace-app/.venv/lib/python3.12/site-packages/sqlalchemy/orm/session.py", line 2271, in _execute_internal
    result: Result[Any] = compile_state_cls.orm_execute_statement(
                   │      │                 └ <classmethod(<function AbstractORMCompileState.orm_execute_statement at 0x10da14b80>)>
                   │      └ <class 'sqlalchemy.orm.context.ORMSelectCompileState'>
                   └ typing.Any
  File "/Users/sunquanhu/Projects/study/ai/personal-workspace/personal-workspace-app/.venv/lib/python3.12/site-packages/sqlalchemy/orm/context.py", line 306, in orm_execute_statement
    result = conn.execute(
             │    └ <function Connection.execute at 0x10d5fa8e0>
             └ <sqlalchemy.engine.base.Connection object at 0x111c8a480>
  File "/Users/sunquanhu/Projects/study/ai/personal-workspace/personal-workspace-app/.venv/lib/python3.12/site-packages/sqlalchemy/engine/base.py", line 1421, in execute
    return meth(
           └ <bound method ClauseElement._execute_on_connection of <sqlalchemy.sql.selectable.Select object at 0x11210c4d0>>
  File "/Users/sunquanhu/Projects/study/ai/personal-workspace/personal-workspace-app/.venv/lib/python3.12/site-packages/sqlalchemy/sql/elements.py", line 526, in _execute_on_connection
    return connection._execute_clauseelement(
           │          └ <function Connection._execute_clauseelement at 0x10d5fac00>
           └ <sqlalchemy.engine.base.Connection object at 0x111c8a480>
  File "/Users/sunquanhu/Projects/study/ai/personal-workspace/personal-workspace-app/.venv/lib/python3.12/site-packages/sqlalchemy/engine/base.py", line 1643, in _execute_clauseelement
    ret = self._execute_context(
          │    └ <function Connection._execute_context at 0x10d5fade0>
          └ <sqlalchemy.engine.base.Connection object at 0x111c8a480>
  File "/Users/sunquanhu/Projects/study/ai/personal-workspace/personal-workspace-app/.venv/lib/python3.12/site-packages/sqlalchemy/engine/base.py", line 1823, in _execute_context
    self._handle_dbapi_exception(
    │    └ <function Connection._handle_dbapi_exception at 0x10d5fb100>
    └ <sqlalchemy.engine.base.Connection object at 0x111c8a480>
  File "/Users/sunquanhu/Projects/study/ai/personal-workspace/personal-workspace-app/.venv/lib/python3.12/site-packages/sqlalchemy/engine/base.py", line 2365, in _handle_dbapi_exception
    raise sqlalchemy_exception.with_traceback(exc_info[2]) from e
          │                    │              │                 └ ValueError('expected ndim to be 1')
          │                    │              └ (<class 'ValueError'>, ValueError('expected ndim to be 1'), <traceback object at 0x11227b840>)
          │                    └ <method 'with_traceback' of 'BaseException' objects>
          └ StatementError('(builtins.ValueError) expected ndim to be 1')
  File "/Users/sunquanhu/Projects/study/ai/personal-workspace/personal-workspace-app/.venv/lib/python3.12/site-packages/sqlalchemy/engine/base.py", line 1817, in _execute_context
    context = constructor(
              └ <bound method DefaultExecutionContext._init_compiled of <class 'sqlalchemy.dialects.postgresql.asyncpg.PGExecutionContext_asy...
  File "/Users/sunquanhu/Projects/study/ai/personal-workspace/personal-workspace-app/.venv/lib/python3.12/site-packages/sqlalchemy/engine/default.py", line 1496, in _init_compiled
    flattened_processors[key](compiled_params[key])
    │                         └ {'kb_id_1': '11', 'embedding_1': [[0.03192102909088135, 0.02521596848964691, -0.009036065079271793, -0.013129032216966152, -0...
    └ {'embedding_1': <function VECTOR.bind_processor.<locals>.process at 0x112267240>}
  File "/Users/sunquanhu/Projects/study/ai/personal-workspace/personal-workspace-app/.venv/lib/python3.12/site-packages/pgvector/sqlalchemy/vector.py", line 21, in process
    return Vector._to_db(value, self.dim)
           │      │      │      │    └ 1024
           │      │      │      └ VECTOR(dim=1024)
           │      │      └ [[0.03192102909088135, 0.02521596848964691, -0.009036065079271793, -0.013129032216966152, -0.018332652747631073, -0.056382849...
           │      └ <classmethod(<function Vector._to_db at 0x110ec2c00>)>
           └ <class 'pgvector.utils.vector.Vector'>
  File "/Users/sunquanhu/Projects/study/ai/personal-workspace/personal-workspace-app/.venv/lib/python3.12/site-packages/pgvector/utils/vector.py", line 49, in _to_db
    value = cls(value)
            │   └ [[0.03192102909088135, 0.02521596848964691, -0.009036065079271793, -0.013129032216966152, -0.018332652747631073, -0.056382849...
            └ <class 'pgvector.utils.vector.Vector'>
  File "/Users/sunquanhu/Projects/study/ai/personal-workspace/personal-workspace-app/.venv/lib/python3.12/site-packages/pgvector/utils/vector.py", line 12, in __init__
    raise ValueError('expected ndim to be 1')

sqlalchemy.exc.StatementError: (builtins.ValueError) expected ndim to be 1
[SQL: SELECT kb_doc_test.text_content 
FROM kb_doc_test 
WHERE kb_doc_test.kb_id = $1::VARCHAR ORDER BY kb_doc_test.embedding <=> $2 
 LIMIT $3::INTEGER]
[parameters: [{}]]
